Controller,Module,Method,Type,MobileEndpoint,MobileStatus,Note,ERP_Path
Ag_column_settings,ag_column_settings,save_column_widths,ACTION,NONE,GAP,"",admin/Ag_column_settings/save_column_widths
Ag_column_settings,ag_column_settings,get_column_widths,VALIDATE,NONE,GAP,"",admin/Ag_column_settings/get_column_widths
Ag_column_settings,ag_column_settings,reset_columns,ACTION,NONE,GAP,"",admin/Ag_column_settings/reset_columns
Ai,ai,text_enhancement,ACTION,NONE,GAP,"",admin/Ai/text_enhancement
Ai_tickets,ai_tickets,summarize_ticket,ACTION,NONE,GAP,"",admin/Ai_tickets/summarize_ticket
Ai_tickets,ai_tickets,suggest_reply,ACTION,NONE,GAP,"",admin/Ai_tickets/suggest_reply
Announcements,announcements,index,LIST,NONE,GAP,"",admin/Announcements/index
Announcements,announcements,announcement,ACTION,NONE,GAP,"",admin/Announcements/announcement
Announcements,announcements,view,DETAIL,NONE,GAP,"",admin/Announcements/view
Announcements,announcements,delete,DELETE,NONE,GAP,"",admin/Announcements/delete
Authentication,authentication,index,LIST,NONE,GAP,"",admin/Authentication/index
Authentication,authentication,admin,ACTION,NONE,GAP,"",admin/Authentication/admin
Authentication,authentication,two_factor,ACTION,NONE,GAP,"",admin/Authentication/two_factor
Authentication,authentication,forgot_password,ACTION,NONE,GAP,"",admin/Authentication/forgot_password
Authentication,authentication,reset_password,ACTION,NONE,GAP,"",admin/Authentication/reset_password
Authentication,authentication,set_password,ACTION,NONE,GAP,"",admin/Authentication/set_password
Authentication,authentication,logout,ACTION,NONE,GAP,"",admin/Authentication/logout
Authentication,authentication,email_exists,ACTION,NONE,GAP,"",admin/Authentication/email_exists
Authentication,authentication,recaptcha,ACTION,NONE,GAP,"",admin/Authentication/recaptcha
Authentication,authentication,get_qr,VALIDATE,NONE,GAP,"",admin/Authentication/get_qr
Auto_update,auto_update,index,LIST,NONE,GAP,"",admin/Auto_update/index
Auto_update,auto_update,database,TAB,NONE,GAP,"",admin/Auto_update/database
Bug,bug,index,LIST,NONE,GAP,"",admin/Bug/index
Bug,bug,bug_table,TAB,NONE,GAP,"",admin/Bug/bug_table
Bug,bug,addbug,ACTION,NONE,GAP,"",admin/Bug/addbug
Bug,bug,bugdisscussion,ACTION,NONE,GAP,"",admin/Bug/bugdisscussion
Bug,bug,file,ACTION,NONE,GAP,"",admin/Bug/file
Bug,bug,get_staff_names_for_mentions,VALIDATE,NONE,GAP,"",admin/Bug/get_staff_names_for_mentions
Bug,bug,get_bug_comments,VALIDATE,NONE,GAP,"",admin/Bug/get_bug_comments
Bug,bug,add_bug_comment,ACTION,NONE,GAP,"",admin/Bug/add_bug_comment
Bug,bug,update_bug_comment,ACTION,NONE,GAP,"",admin/Bug/update_bug_comment
Bug,bug,delete_bug_comment,DELETE,NONE,GAP,"",admin/Bug/delete_bug_comment
Bug,bug,soft_delete,ACTION,NONE,GAP,"",admin/Bug/soft_delete
Clients,customers,index,LIST,customers,YES,"",admin/Clients/index
Clients,customers,table,LIST,customers,YES,"",admin/Clients/table
Clients,customers,all_contacts,LIST,customers,YES,"",admin/Clients/all_contacts
Clients,customers,client,CREATE,POST customers,YES,"Create/Edit customer",admin/Clients/client
Clients,customers,export,EXPORT,customers,GAP,"",admin/Clients/export
Clients,customers,check_duplicate_customer_name,ACTION,customers,GAP,"",admin/Clients/check_duplicate_customer_name
Clients,customers,save_longitude_and_latitude,ACTION,customers,GAP,"",admin/Clients/save_longitude_and_latitude
Clients,customers,form_contact,MODAL,POST contacts,GAP,"Create/Edit contact",admin/Clients/form_contact
Clients,customers,confirm_registration,ACTION,POST customers/{id}/confirm,YES,"Confirm registration",admin/Clients/confirm_registration
Clients,customers,update_file_share_visibility,ACTION,PUT files/{id}/visibility,YES,"File share visibility",admin/Clients/update_file_share_visibility
Clients,customers,delete_contact_profile_image,DELETE,customers,YES,"",admin/Clients/delete_contact_profile_image
Clients,customers,mark_as_active,ACTION,PUT customers/{id}/mark_active,GAP,"Activate customer",admin/Clients/mark_as_active
Clients,customers,consents,TAB,customers,GAP,"",admin/Clients/consents
Clients,customers,update_all_proposal_emails_linked_to_customer,ACTION,customers,GAP,"",admin/Clients/update_all_proposal_emails_linked_to_customer
Clients,customers,assign_admins,ACTION,POST customers/{id}/admins,YES,"Assign admin",admin/Clients/assign_admins
Clients,customers,delete_customer_admin,DELETE,DELETE customers/{id}/admins/{staff_id},YES,"Remove admin",admin/Clients/delete_customer_admin
Clients,customers,delete_contact,DELETE,DELETE contacts/{id},YES,"Delete contact",admin/Clients/delete_contact
Clients,customers,contacts,TAB,customers,GAP,"",admin/Clients/contacts
Clients,customers,upload_attachment,UPLOAD,POST files/upload_bytes,YES,"Upload attachment",admin/Clients/upload_attachment
Clients,customers,add_external_attachment,UPLOAD,POST files/external,YES,"Add external attachment",admin/Clients/add_external_attachment
Clients,customers,delete_attachment,DELETE,DELETE files/{id},YES,"Delete attachment",admin/Clients/delete_attachment
Clients,customers,delete,DELETE,DELETE customers/{id},YES,"Delete customer",admin/Clients/delete
Clients,customers,login_as_client,ACTION,customers,GAP,"",admin/Clients/login_as_client
Clients,customers,get_customer_billing_and_shipping_details,VALIDATE,GET customers/{id}/address,YES,"Billing/shipping",admin/Clients/get_customer_billing_and_shipping_details
Clients,customers,change_contact_status,ACTION,PUT contacts/{id}/status,GAP,"Change contact status",admin/Clients/change_contact_status
Clients,customers,change_client_status,ACTION,PUT customers/{id}/status,GAP,"Change customer status",admin/Clients/change_client_status
Clients,customers,zip_credit_notes,EXPORT,GET customers/{id}/credit_notes/zip,YES,"Download credit notes zip",admin/Clients/zip_credit_notes
Clients,customers,zip_invoices,EXPORT,GET customers/{id}/invoices/zip,YES,"Download invoices zip",admin/Clients/zip_invoices
Clients,customers,zip_estimates,EXPORT,GET customers/{id}/estimates/zip,YES,"Download estimates zip",admin/Clients/zip_estimates
Clients,customers,zip_payments,EXPORT,GET customers/{id}/payments/zip,YES,"Download payments zip",admin/Clients/zip_payments
Clients,customers,import,IMPORT,customers,GAP,"",admin/Clients/import
Clients,customers,groups,ACTION,customers,GAP,"",admin/Clients/groups
Clients,customers,group,ACTION,customers,GAP,"",admin/Clients/group
Clients,customers,delete_group,DELETE,customers,YES,"",admin/Clients/delete_group
Clients,customers,bulk_action,BULK,customers,GAP,"",admin/Clients/bulk_action
Clients,customers,vault_entry_create,ACTION,customers,GAP,"",admin/Clients/vault_entry_create
Clients,customers,vault_entry_update,ACTION,customers,GAP,"",admin/Clients/vault_entry_update
Clients,customers,vault_entry_delete,ACTION,customers,GAP,"",admin/Clients/vault_entry_delete
Clients,customers,vault_encrypt_password,ACTION,customers,GAP,"",admin/Clients/vault_encrypt_password
Clients,customers,get_vault_entry,VALIDATE,customers,GAP,"",admin/Clients/get_vault_entry
Clients,customers,statement_pdf,ACTION,customers,GAP,"",admin/Clients/statement_pdf
Clients,customers,send_statement,ACTION,customers,GAP,"",admin/Clients/send_statement
Clients,customers,statement,ACTION,customers,GAP,"",admin/Clients/statement
ColumnSettings,column_settings,save_column_widths,ACTION,NONE,GAP,"",admin/ColumnSettings/save_column_widths
ColumnSettings,column_settings,get_column_widths,VALIDATE,NONE,GAP,"",admin/ColumnSettings/get_column_widths
Contracts,contracts,index,LIST,contracts,YES,"",admin/Contracts/index
Contracts,contracts,table,LIST,contracts,YES,"",admin/Contracts/table
Contracts,contracts,contract,ACTION,contracts,GAP,"",admin/Contracts/contract
Contracts,contracts,get_template,VALIDATE,contracts,GAP,"",admin/Contracts/get_template
Contracts,contracts,mark_as_signed,ACTION,contracts,YES,"",admin/Contracts/mark_as_signed
Contracts,contracts,unmark_as_signed,ACTION,contracts,YES,"",admin/Contracts/unmark_as_signed
Contracts,contracts,pdf,ACTION,contracts,GAP,"",admin/Contracts/pdf
Contracts,contracts,send_to_email,ACTION,contracts,YES,"",admin/Contracts/send_to_email
Contracts,contracts,add_note,ACTION,contracts,GAP,"",admin/Contracts/add_note
Contracts,contracts,get_notes,VALIDATE,contracts,GAP,"",admin/Contracts/get_notes
Contracts,contracts,clear_signature,ACTION,contracts,YES,"",admin/Contracts/clear_signature
Contracts,contracts,save_contract_data,ACTION,contracts,GAP,"",admin/Contracts/save_contract_data
Contracts,contracts,add_comment,ACTION,contracts,GAP,"",admin/Contracts/add_comment
Contracts,contracts,edit_comment,ACTION,contracts,GAP,"",admin/Contracts/edit_comment
Contracts,contracts,get_comments,VALIDATE,contracts,GAP,"",admin/Contracts/get_comments
Contracts,contracts,remove_comment,ACTION,contracts,GAP,"",admin/Contracts/remove_comment
Contracts,contracts,renew,ACTION,contracts,YES,"",admin/Contracts/renew
Contracts,contracts,delete_renewal,DELETE,contracts,YES,"",admin/Contracts/delete_renewal
Contracts,contracts,copy,ACTION,contracts,GAP,"",admin/Contracts/copy
Contracts,contracts,delete,DELETE,contracts,YES,"",admin/Contracts/delete
Contracts,contracts,type,ACTION,contracts,GAP,"",admin/Contracts/type
Contracts,contracts,types,ACTION,contracts,GAP,"",admin/Contracts/types
Contracts,contracts,delete_contract_type,DELETE,contracts,YES,"",admin/Contracts/delete_contract_type
Contracts,contracts,add_contract_attachment,UPLOAD,contracts,GAP,"",admin/Contracts/add_contract_attachment
Contracts,contracts,add_external_attachment,UPLOAD,contracts,GAP,"",admin/Contracts/add_external_attachment
Contracts,contracts,delete_contract_attachment,DELETE,contracts,YES,"",admin/Contracts/delete_contract_attachment
Credit_notes,credit_notes,index,LIST,credit_notes,YES,"",admin/Credit_notes/index
Credit_notes,credit_notes,list_credit_notes,ACTION,credit_notes,GAP,"",admin/Credit_notes/list_credit_notes
Credit_notes,credit_notes,table,LIST,credit_notes,YES,"",admin/Credit_notes/table
Credit_notes,credit_notes,update_number_settings,ACTION,credit_notes,GAP,"",admin/Credit_notes/update_number_settings
Credit_notes,credit_notes,validate_number,ACTION,credit_notes,GAP,"",admin/Credit_notes/validate_number
Credit_notes,credit_notes,credit_note,ACTION,credit_notes,GAP,"",admin/Credit_notes/credit_note
Credit_notes,credit_notes,apply_credits_to_invoices,ACTION,credit_notes,GAP,"",admin/Credit_notes/apply_credits_to_invoices
Credit_notes,credit_notes,credit_note_from_invoice,ACTION,credit_notes,GAP,"",admin/Credit_notes/credit_note_from_invoice
Credit_notes,credit_notes,refund,ACTION,credit_notes,GAP,"",admin/Credit_notes/refund
Credit_notes,credit_notes,create_refund,ACTION,credit_notes,GAP,"",admin/Credit_notes/create_refund
Credit_notes,credit_notes,edit_refund,ACTION,credit_notes,GAP,"",admin/Credit_notes/edit_refund
Credit_notes,credit_notes,delete_refund,DELETE,credit_notes,YES,"",admin/Credit_notes/delete_refund
Credit_notes,credit_notes,get_credit_note_data_ajax,VALIDATE,credit_notes,GAP,"",admin/Credit_notes/get_credit_note_data_ajax
Credit_notes,credit_notes,mark_open,ACTION,credit_notes,GAP,"",admin/Credit_notes/mark_open
Credit_notes,credit_notes,delete_attachment,DELETE,credit_notes,YES,"",admin/Credit_notes/delete_attachment
Credit_notes,credit_notes,mark_void,ACTION,credit_notes,GAP,"",admin/Credit_notes/mark_void
Credit_notes,credit_notes,send_to_email,ACTION,credit_notes,GAP,"",admin/Credit_notes/send_to_email
Credit_notes,credit_notes,delete_invoice_applied_credit,DELETE,credit_notes,YES,"",admin/Credit_notes/delete_invoice_applied_credit
Credit_notes,credit_notes,delete_credit_note_applied_credit,DELETE,credit_notes,YES,"",admin/Credit_notes/delete_credit_note_applied_credit
Credit_notes,credit_notes,delete,DELETE,credit_notes,YES,"",admin/Credit_notes/delete
Credit_notes,credit_notes,pdf,ACTION,credit_notes,GAP,"",admin/Credit_notes/pdf
Currencies,currencies,index,LIST,NONE,GAP,"",admin/Currencies/index
Currencies,currencies,manage,ACTION,NONE,GAP,"",admin/Currencies/manage
Currencies,currencies,make_base_currency,ACTION,NONE,GAP,"",admin/Currencies/make_base_currency
Currencies,currencies,delete,DELETE,NONE,GAP,"",admin/Currencies/delete
Currencies,currencies,get_currency_symbol,VALIDATE,NONE,GAP,"",admin/Currencies/get_currency_symbol
Custom_controller,custom_controller,start_impersonation,ACTION,NONE,GAP,"",admin/Custom_controller/start_impersonation
Custom_controller,custom_controller,stop_impersonation,ACTION,NONE,GAP,"",admin/Custom_controller/stop_impersonation
Custom_controller,custom_controller,debug_session,ACTION,NONE,GAP,"",admin/Custom_controller/debug_session
Custom_fields,custom_fields,index,LIST,NONE,GAP,"",admin/Custom_fields/index
Custom_fields,custom_fields,field,ACTION,NONE,GAP,"",admin/Custom_fields/field
Custom_fields,custom_fields,delete,DELETE,NONE,GAP,"",admin/Custom_fields/delete
Custom_fields,custom_fields,change_custom_field_status,ACTION,NONE,GAP,"",admin/Custom_fields/change_custom_field_status
Custom_fields,custom_fields,validate_default_date,ACTION,NONE,GAP,"",admin/Custom_fields/validate_default_date
Dashboard,dashboard,index,LIST,NONE,GAP,"",admin/Dashboard/index
Dashboard,dashboard,weekly_payments_statistics,ACTION,NONE,GAP,"",admin/Dashboard/weekly_payments_statistics
Dashboard,dashboard,monthly_payments_statistics,ACTION,NONE,GAP,"",admin/Dashboard/monthly_payments_statistics
Dashboard,dashboard,ticket_widget,ACTION,NONE,GAP,"",admin/Dashboard/ticket_widget
Departments,departments,index,LIST,NONE,GAP,"",admin/Departments/index
Departments,departments,department,ACTION,NONE,GAP,"",admin/Departments/department
Departments,departments,delete,DELETE,NONE,GAP,"",admin/Departments/delete
Departments,departments,email_exists,ACTION,NONE,GAP,"",admin/Departments/email_exists
Departments,departments,folders,ACTION,NONE,GAP,"",admin/Departments/folders
Departments,departments,test_imap_connection,ACTION,NONE,GAP,"",admin/Departments/test_imap_connection
Emails,emails,index,LIST,NONE,GAP,"",admin/Emails/index
Emails,emails,email_template,ACTION,NONE,GAP,"",admin/Emails/email_template
Emails,emails,enable_by_type,ACTION,NONE,GAP,"",admin/Emails/enable_by_type
Emails,emails,disable_by_type,ACTION,NONE,GAP,"",admin/Emails/disable_by_type
Emails,emails,enable,ACTION,NONE,GAP,"",admin/Emails/enable
Emails,emails,disable,ACTION,NONE,GAP,"",admin/Emails/disable
Emails,emails,sent_smtp_test_email,ACTION,NONE,GAP,"",admin/Emails/sent_smtp_test_email
Emails,emails,delete_queued_email,DELETE,NONE,GAP,"",admin/Emails/delete_queued_email
Email_schedule_estimate,email_schedule_estimate,create,CREATE,NONE,GAP,"",admin/Email_schedule_estimate/create
Email_schedule_estimate,email_schedule_estimate,edit,EDIT,NONE,GAP,"",admin/Email_schedule_estimate/edit
Email_schedule_invoice,email_schedule_invoice,create,CREATE,NONE,GAP,"",admin/Email_schedule_invoice/create
Email_schedule_invoice,email_schedule_invoice,edit,EDIT,NONE,GAP,"",admin/Email_schedule_invoice/edit
Estimates,estimates,index,LIST,estimates,YES,"",admin/Estimates/index
Estimates,estimates,list_estimates,ACTION,estimates,GAP,"",admin/Estimates/list_estimates
Estimates,estimates,table,LIST,estimates,YES,"",admin/Estimates/table
Estimates,estimates,estimate,ACTION,estimates,GAP,"",admin/Estimates/estimate
Estimates,estimates,clear_signature,ACTION,estimates,GAP,"",admin/Estimates/clear_signature
Estimates,estimates,update_number_settings,ACTION,estimates,GAP,"",admin/Estimates/update_number_settings
Estimates,estimates,validate_estimate_number,ACTION,estimates,GAP,"",admin/Estimates/validate_estimate_number
Estimates,estimates,delete_attachment,DELETE,estimates,YES,"",admin/Estimates/delete_attachment
Estimates,estimates,get_estimate_data_ajax,VALIDATE,estimates,GAP,"",admin/Estimates/get_estimate_data_ajax
Estimates,estimates,get_estimates_total,VALIDATE,estimates,GAP,"",admin/Estimates/get_estimates_total
Estimates,estimates,add_note,ACTION,estimates,GAP,"",admin/Estimates/add_note
Estimates,estimates,get_notes,VALIDATE,estimates,GAP,"",admin/Estimates/get_notes
Estimates,estimates,mark_action_status,ACTION,estimates,GAP,"",admin/Estimates/mark_action_status
Estimates,estimates,send_expiry_reminder,ACTION,estimates,YES,"",admin/Estimates/send_expiry_reminder
Estimates,estimates,send_to_email,ACTION,estimates,YES,"",admin/Estimates/send_to_email
Estimates,estimates,convert_to_invoice,ACTION,estimates,YES,"",admin/Estimates/convert_to_invoice
Estimates,estimates,copy,ACTION,estimates,GAP,"",admin/Estimates/copy
Estimates,estimates,delete,DELETE,estimates,YES,"",admin/Estimates/delete
Estimates,estimates,clear_acceptance_info,ACTION,estimates,GAP,"",admin/Estimates/clear_acceptance_info
Estimates,estimates,pdf,ACTION,estimates,GAP,"",admin/Estimates/pdf
Estimates,estimates,get_pipeline,VALIDATE,estimates,GAP,"",admin/Estimates/get_pipeline
Estimates,estimates,pipeline_open,ACTION,estimates,GAP,"",admin/Estimates/pipeline_open
Estimates,estimates,update_pipeline,ACTION,estimates,GAP,"",admin/Estimates/update_pipeline
Estimates,estimates,pipeline,ACTION,estimates,GAP,"",admin/Estimates/pipeline
Estimates,estimates,pipeline_load_more,ACTION,estimates,GAP,"",admin/Estimates/pipeline_load_more
Estimates,estimates,set_estimate_pipeline_autoload,ACTION,estimates,GAP,"",admin/Estimates/set_estimate_pipeline_autoload
Estimates,estimates,get_due_date,VALIDATE,estimates,GAP,"",admin/Estimates/get_due_date
Estimate_request,estimate_request,convert,ACTION,NONE,GAP,"",admin/Estimate_request/convert
Estimate_request,estimate_request,update_assigned_staff,ACTION,NONE,GAP,"",admin/Estimate_request/update_assigned_staff
Estimate_request,estimate_request,update_tags,ACTION,NONE,GAP,"",admin/Estimate_request/update_tags
Estimate_request,estimate_request,update_request_status,ACTION,NONE,GAP,"",admin/Estimate_request/update_request_status
Estimate_request,estimate_request,view,DETAIL,NONE,GAP,"",admin/Estimate_request/view
Estimate_request,estimate_request,delete,DELETE,NONE,GAP,"",admin/Estimate_request/delete
Estimate_request,estimate_request,table,LIST,NONE,GAP,"",admin/Estimate_request/table
Estimate_request,estimate_request,statuses,ACTION,NONE,GAP,"",admin/Estimate_request/statuses
Estimate_request,estimate_request,status,ACTION,NONE,GAP,"",admin/Estimate_request/status
Estimate_request,estimate_request,delete_status,DELETE,NONE,GAP,"",admin/Estimate_request/delete_status
Estimate_request,estimate_request,index,LIST,NONE,GAP,"",admin/Estimate_request/index
Estimate_request,estimate_request,save_form_data,ACTION,NONE,GAP,"",admin/Estimate_request/save_form_data
Estimate_request,estimate_request,form,ACTION,NONE,GAP,"",admin/Estimate_request/form
Estimate_request,estimate_request,forms,ACTION,NONE,GAP,"",admin/Estimate_request/forms
Estimate_request,estimate_request,delete_form,DELETE,NONE,GAP,"",admin/Estimate_request/delete_form
Expenses,expenses,index,LIST,expenses,YES,"",admin/Expenses/index
Expenses,expenses,list_expenses,ACTION,expenses,GAP,"",admin/Expenses/list_expenses
Expenses,expenses,table,LIST,expenses,YES,"",admin/Expenses/table
Expenses,expenses,expense,ACTION,expenses,GAP,"",admin/Expenses/expense
Expenses,expenses,import,IMPORT,expenses,GAP,"",admin/Expenses/import
Expenses,expenses,bulk_action,BULK,expenses,GAP,"",admin/Expenses/bulk_action
Expenses,expenses,get_expenses_total,VALIDATE,expenses,GAP,"",admin/Expenses/get_expenses_total
Expenses,expenses,pdf,ACTION,expenses,GAP,"",admin/Expenses/pdf
Expenses,expenses,delete,DELETE,expenses,YES,"",admin/Expenses/delete
Expenses,expenses,copy,ACTION,expenses,YES,"",admin/Expenses/copy
Expenses,expenses,convert_to_invoice,ACTION,expenses,GAP,"",admin/Expenses/convert_to_invoice
Expenses,expenses,get_expense_data_ajax,VALIDATE,expenses,GAP,"",admin/Expenses/get_expense_data_ajax
Expenses,expenses,get_customer_change_data,VALIDATE,expenses,GAP,"",admin/Expenses/get_customer_change_data
Expenses,expenses,categories,ACTION,expenses,GAP,"",admin/Expenses/categories
Expenses,expenses,category,ACTION,expenses,GAP,"",admin/Expenses/category
Expenses,expenses,delete_category,DELETE,expenses,YES,"",admin/Expenses/delete_category
Expenses,expenses,add_expense_attachment,UPLOAD,expenses,GAP,"",admin/Expenses/add_expense_attachment
Expenses,expenses,delete_expense_attachment,DELETE,expenses,YES,"",admin/Expenses/delete_expense_attachment
Feature,feature,index,LIST,NONE,GAP,"",admin/Feature/index
Feature,feature,feature_table,TAB,NONE,GAP,"",admin/Feature/feature_table
Feature,feature,addfeature,ACTION,NONE,GAP,"",admin/Feature/addfeature
Feature,feature,featuredisscussion,ACTION,NONE,GAP,"",admin/Feature/featuredisscussion
Feature,feature,file,ACTION,NONE,GAP,"",admin/Feature/file
Feature,feature,get_staff_names_for_mentions,VALIDATE,NONE,GAP,"",admin/Feature/get_staff_names_for_mentions
Feature,feature,get_feature_comments,VALIDATE,NONE,GAP,"",admin/Feature/get_feature_comments
Feature,feature,add_feature_comment,ACTION,NONE,GAP,"",admin/Feature/add_feature_comment
Feature,feature,update_feature_comment,ACTION,NONE,GAP,"",admin/Feature/update_feature_comment
Feature,feature,delete_feature_comment,DELETE,NONE,GAP,"",admin/Feature/delete_feature_comment
Feature,feature,soft_delete,ACTION,NONE,GAP,"",admin/Feature/soft_delete
Filters,filters,create,CREATE,NONE,GAP,"",admin/Filters/create
Filters,filters,update,EDIT,NONE,GAP,"",admin/Filters/update
Filters,filters,delete,DELETE,NONE,GAP,"",admin/Filters/delete
Filters,filters,get,ACTION,NONE,GAP,"",admin/Filters/get
Filters,filters,mark_as_default,ACTION,NONE,GAP,"",admin/Filters/mark_as_default
Filters,filters,unmark_as_default,ACTION,NONE,GAP,"",admin/Filters/unmark_as_default
Filters,filters,validate_dynamic_date,ACTION,NONE,GAP,"",admin/Filters/validate_dynamic_date
Filters,filters,get_columns,VALIDATE,NONE,GAP,"",admin/Filters/get_columns
Filters,filters,column_values,ACTION,NONE,GAP,"",admin/Filters/column_values
Gdpr,gdpr,index,LIST,NONE,GAP,"",admin/Gdpr/index
Gdpr,gdpr,save,ACTION,NONE,GAP,"",admin/Gdpr/save
Gdpr,gdpr,change_removal_request_status,ACTION,NONE,GAP,"",admin/Gdpr/change_removal_request_status
Gdpr,gdpr,consent_purpose,ACTION,NONE,GAP,"",admin/Gdpr/consent_purpose
Gdpr,gdpr,delete_consent_purpose,DELETE,NONE,GAP,"",admin/Gdpr/delete_consent_purpose
Gdpr,gdpr,enable,ACTION,NONE,GAP,"",admin/Gdpr/enable
Gdpr,gdpr,contact_consent_opt_action,ACTION,NONE,GAP,"",admin/Gdpr/contact_consent_opt_action
Gdpr,gdpr,lead_consent_opt_action,ACTION,NONE,GAP,"",admin/Gdpr/lead_consent_opt_action
Invoices,invoices,index,LIST,invoices,YES,"",admin/Invoices/index
Invoices,invoices,list_invoices,ACTION,invoices,GAP,"",admin/Invoices/list_invoices
Invoices,invoices,recurring,ACTION,invoices,GAP,"",admin/Invoices/recurring
Invoices,invoices,table,LIST,invoices,YES,"",admin/Invoices/table
Invoices,invoices,client_change_data,ACTION,invoices,GAP,"",admin/Invoices/client_change_data
Invoices,invoices,update_number_settings,ACTION,invoices,GAP,"",admin/Invoices/update_number_settings
Invoices,invoices,validate_invoice_number,ACTION,invoices,GAP,"",admin/Invoices/validate_invoice_number
Invoices,invoices,add_note,ACTION,invoices,GAP,"",admin/Invoices/add_note
Invoices,invoices,get_notes,VALIDATE,invoices,GAP,"",admin/Invoices/get_notes
Invoices,invoices,pause_overdue_reminders,ACTION,invoices,GAP,"",admin/Invoices/pause_overdue_reminders
Invoices,invoices,resume_overdue_reminders,ACTION,invoices,GAP,"",admin/Invoices/resume_overdue_reminders
Invoices,invoices,mark_as_cancelled,ACTION,invoices,GAP,"",admin/Invoices/mark_as_cancelled
Invoices,invoices,unmark_as_cancelled,ACTION,invoices,GAP,"",admin/Invoices/unmark_as_cancelled
Invoices,invoices,copy,ACTION,invoices,GAP,"",admin/Invoices/copy
Invoices,invoices,get_merge_data,VALIDATE,invoices,GAP,"",admin/Invoices/get_merge_data
Invoices,invoices,get_bill_expense_data,VALIDATE,invoices,GAP,"",admin/Invoices/get_bill_expense_data
Invoices,invoices,invoice,ACTION,invoices,GAP,"",admin/Invoices/invoice
Invoices,invoices,get_invoice_data_ajax,VALIDATE,invoices,GAP,"",admin/Invoices/get_invoice_data_ajax
Invoices,invoices,apply_credits,ACTION,invoices,GAP,"",admin/Invoices/apply_credits
Invoices,invoices,get_invoices_total,VALIDATE,invoices,GAP,"",admin/Invoices/get_invoices_total
Invoices,invoices,record_invoice_payment_ajax,ACTION,invoices,GAP,"",admin/Invoices/record_invoice_payment_ajax
Invoices,invoices,record_payment,ACTION,invoices,YES,"",admin/Invoices/record_payment
Invoices,invoices,send_to_email,ACTION,invoices,YES,"",admin/Invoices/send_to_email
Invoices,invoices,delete_payment,DELETE,invoices,YES,"",admin/Invoices/delete_payment
Invoices,invoices,delete,DELETE,invoices,YES,"",admin/Invoices/delete
Invoices,invoices,delete_attachment,DELETE,invoices,YES,"",admin/Invoices/delete_attachment
Invoices,invoices,send_overdue_notice,ACTION,invoices,YES,"",admin/Invoices/send_overdue_notice
Invoices,invoices,pdf,ACTION,invoices,GAP,"",admin/Invoices/pdf
Invoices,invoices,mark_as_sent,ACTION,invoices,GAP,"",admin/Invoices/mark_as_sent
Invoices,invoices,get_due_date,VALIDATE,invoices,GAP,"",admin/Invoices/get_due_date
Invoice_items,items,index,LIST,items,YES,"",admin/Invoice_items/index
Invoice_items,items,table,LIST,items,YES,"",admin/Invoice_items/table
Invoice_items,items,manage,ACTION,items,GAP,"",admin/Invoice_items/manage
Invoice_items,items,import,IMPORT,items,GAP,"",admin/Invoice_items/import
Invoice_items,items,add_group,ACTION,items,GAP,"",admin/Invoice_items/add_group
Invoice_items,items,update_group,ACTION,items,GAP,"",admin/Invoice_items/update_group
Invoice_items,items,delete_group,DELETE,items,YES,"",admin/Invoice_items/delete_group
Invoice_items,items,delete,DELETE,items,YES,"",admin/Invoice_items/delete
Invoice_items,items,bulk_action,BULK,items,GAP,"",admin/Invoice_items/bulk_action
Invoice_items,items,search,ACTION,items,GAP,"",admin/Invoice_items/search
Invoice_items,items,get_item_by_id,VALIDATE,items,GAP,"",admin/Invoice_items/get_item_by_id
Invoice_items,items,copy,ACTION,items,GAP,"",admin/Invoice_items/copy
Knowledge_base,knowledge,index,LIST,knowledge_api,YES,"",admin/Knowledge_base/index
Knowledge_base,knowledge,article,ACTION,knowledge_api,GAP,"",admin/Knowledge_base/article
Knowledge_base,knowledge,view,DETAIL,knowledge_api,GAP,"",admin/Knowledge_base/view
Knowledge_base,knowledge,add_kb_answer,ACTION,knowledge_api,GAP,"",admin/Knowledge_base/add_kb_answer
Knowledge_base,knowledge,change_article_status,ACTION,knowledge_api,GAP,"",admin/Knowledge_base/change_article_status
Knowledge_base,knowledge,update_kan_ban,ACTION,knowledge_api,GAP,"",admin/Knowledge_base/update_kan_ban
Knowledge_base,knowledge,change_group_color,ACTION,knowledge_api,GAP,"",admin/Knowledge_base/change_group_color
Knowledge_base,knowledge,delete_article,DELETE,knowledge_api,YES,"",admin/Knowledge_base/delete_article
Knowledge_base,knowledge,manage_groups,ACTION,knowledge_api,GAP,"",admin/Knowledge_base/manage_groups
Knowledge_base,knowledge,group,ACTION,knowledge_api,GAP,"",admin/Knowledge_base/group
Knowledge_base,knowledge,change_group_status,ACTION,knowledge_api,GAP,"",admin/Knowledge_base/change_group_status
Knowledge_base,knowledge,update_groups_order,ACTION,knowledge_api,GAP,"",admin/Knowledge_base/update_groups_order
Knowledge_base,knowledge,delete_group,DELETE,knowledge_api,YES,"",admin/Knowledge_base/delete_group
Knowledge_base,knowledge,get_article_by_id_ajax,VALIDATE,knowledge_api,GAP,"",admin/Knowledge_base/get_article_by_id_ajax
Leads,leads,index,LIST,leads,YES,"",admin/Leads/index
Leads,leads,table,LIST,leads,YES,"",admin/Leads/table
Leads,leads,kanban,ACTION,leads,GAP,"",admin/Leads/kanban
Leads,leads,lead,ACTION,leads,GAP,"",admin/Leads/lead
Leads,leads,leads_kanban_load_more,ACTION,leads,GAP,"",admin/Leads/leads_kanban_load_more
Leads,leads,switch_kanban,ACTION,leads,GAP,"",admin/Leads/switch_kanban
Leads,leads,export,EXPORT,leads,GAP,"",admin/Leads/export
Leads,leads,delete,DELETE,leads,YES,"",admin/Leads/delete
Leads,leads,mark_as_lost,ACTION,leads,GAP,"",admin/Leads/mark_as_lost
Leads,leads,unmark_as_lost,ACTION,leads,GAP,"",admin/Leads/unmark_as_lost
Leads,leads,mark_as_junk,ACTION,leads,GAP,"",admin/Leads/mark_as_junk
Leads,leads,unmark_as_junk,ACTION,leads,GAP,"",admin/Leads/unmark_as_junk
Leads,leads,add_activity,ACTION,leads,GAP,"",admin/Leads/add_activity
Leads,leads,get_convert_data,VALIDATE,leads,GAP,"",admin/Leads/get_convert_data
Leads,leads,convert_to_customer,ACTION,leads,GAP,"",admin/Leads/convert_to_customer
Leads,leads,update_lead_status,ACTION,leads,GAP,"",admin/Leads/update_lead_status
Leads,leads,update_status_order,ACTION,leads,GAP,"",admin/Leads/update_status_order
Leads,leads,add_lead_attachment,UPLOAD,leads,GAP,"",admin/Leads/add_lead_attachment
Leads,leads,add_external_attachment,UPLOAD,leads,GAP,"",admin/Leads/add_external_attachment
Leads,leads,delete_attachment,DELETE,leads,YES,"",admin/Leads/delete_attachment
Leads,leads,delete_note,DELETE,leads,YES,"",admin/Leads/delete_note
Leads,leads,update_all_proposal_emails_linked_to_lead,ACTION,leads,GAP,"",admin/Leads/update_all_proposal_emails_linked_to_lead
Leads,leads,save_form_data,ACTION,leads,GAP,"",admin/Leads/save_form_data
Leads,leads,form,ACTION,leads,GAP,"",admin/Leads/form
Leads,leads,forms,ACTION,leads,GAP,"",admin/Leads/forms
Leads,leads,delete_form,DELETE,leads,YES,"",admin/Leads/delete_form
Leads,leads,sources,ACTION,leads,GAP,"",admin/Leads/sources
Leads,leads,source,ACTION,leads,GAP,"",admin/Leads/source
Leads,leads,delete_source,DELETE,leads,YES,"",admin/Leads/delete_source
Leads,leads,statuses,ACTION,leads,GAP,"",admin/Leads/statuses
Leads,leads,status,ACTION,leads,GAP,"",admin/Leads/status
Leads,leads,delete_status,DELETE,leads,YES,"",admin/Leads/delete_status
Leads,leads,add_note,ACTION,leads,GAP,"",admin/Leads/add_note
Leads,leads,email_integration_folders,ACTION,leads,GAP,"",admin/Leads/email_integration_folders
Leads,leads,test_email_integration,ACTION,leads,GAP,"",admin/Leads/test_email_integration
Leads,leads,email_integration,ACTION,leads,GAP,"",admin/Leads/email_integration
Leads,leads,change_status_color,ACTION,leads,YES,"",admin/Leads/change_status_color
Leads,leads,import,IMPORT,leads,GAP,"",admin/Leads/import
Leads,leads,validate_unique_field,ACTION,leads,GAP,"",admin/Leads/validate_unique_field
Leads,leads,bulk_action,BULK,leads,GAP,"",admin/Leads/bulk_action
Leads,leads,download_files,ACTION,leads,GAP,"",admin/Leads/download_files
Misc,misc,fetch_address_info_gmaps,ACTION,NONE,GAP,"",admin/Misc/fetch_address_info_gmaps
Misc,misc,get_currency,VALIDATE,NONE,GAP,"",admin/Misc/get_currency
Misc,misc,get_taxes_dropdown_template,VALIDATE,NONE,GAP,"",admin/Misc/get_taxes_dropdown_template
Misc,misc,dismiss_cron_setup_message,ACTION,NONE,GAP,"",admin/Misc/dismiss_cron_setup_message
Misc,misc,dismiss_cloudflare_notice,ACTION,NONE,GAP,"",admin/Misc/dismiss_cloudflare_notice
Misc,misc,dismiss_php_version_notice,ACTION,NONE,GAP,"",admin/Misc/dismiss_php_version_notice
Misc,misc,clear_system_popup,ACTION,NONE,GAP,"",admin/Misc/clear_system_popup
Misc,misc,tinymce_file_browser,ACTION,NONE,GAP,"",admin/Misc/tinymce_file_browser
Misc,misc,get_relation_data,VALIDATE,NONE,GAP,"",admin/Misc/get_relation_data
Misc,misc,delete_sale_activity,DELETE,NONE,GAP,"",admin/Misc/delete_sale_activity
Misc,misc,upload_sales_file,UPLOAD,NONE,GAP,"",admin/Misc/upload_sales_file
Misc,misc,add_sales_external_attachment,UPLOAD,NONE,GAP,"",admin/Misc/add_sales_external_attachment
Misc,misc,toggle_file_visibility,ACTION,NONE,GAP,"",admin/Misc/toggle_file_visibility
Misc,misc,format_date,ACTION,NONE,GAP,"",admin/Misc/format_date
Misc,misc,send_file,ACTION,NONE,GAP,"",admin/Misc/send_file
Misc,misc,update_ei_items_order,ACTION,NONE,GAP,"",admin/Misc/update_ei_items_order
Misc,misc,add_reminder,ACTION,NONE,GAP,"",admin/Misc/add_reminder
Misc,misc,get_reminders,VALIDATE,NONE,GAP,"",admin/Misc/get_reminders
Misc,misc,my_reminders,ACTION,NONE,GAP,"",admin/Misc/my_reminders
Misc,misc,reminders,ACTION,NONE,GAP,"",admin/Misc/reminders
Misc,misc,reminders_table,TAB,NONE,GAP,"",admin/Misc/reminders_table
Misc,misc,delete_reminder,DELETE,NONE,GAP,"",admin/Misc/delete_reminder
Misc,misc,get_reminder,VALIDATE,NONE,GAP,"",admin/Misc/get_reminder
Misc,misc,edit_reminder,ACTION,NONE,GAP,"",admin/Misc/edit_reminder
Misc,misc,run_cron_manually,ACTION,NONE,GAP,"",admin/Misc/run_cron_manually
Misc,misc,search,ACTION,NONE,GAP,"",admin/Misc/search
Misc,misc,remove_recent_search,ACTION,NONE,GAP,"",admin/Misc/remove_recent_search
Misc,misc,add_note,ACTION,NONE,GAP,"",admin/Misc/add_note
Misc,misc,edit_note,ACTION,NONE,GAP,"",admin/Misc/edit_note
Misc,misc,delete_note,DELETE,NONE,GAP,"",admin/Misc/delete_note
Misc,misc,set_setup_menu_closed,ACTION,NONE,GAP,"",admin/Misc/set_setup_menu_closed
Misc,misc,set_setup_menu_open,ACTION,NONE,GAP,"",admin/Misc/set_setup_menu_open
Misc,misc,dismiss_announcement,ACTION,NONE,GAP,"",admin/Misc/dismiss_announcement
Misc,misc,set_notifications_read,ACTION,NONE,GAP,"",admin/Misc/set_notifications_read
Misc,misc,set_notification_read_inline,ACTION,NONE,GAP,"",admin/Misc/set_notification_read_inline
Misc,misc,set_desktop_notification_read,ACTION,NONE,GAP,"",admin/Misc/set_desktop_notification_read
Misc,misc,mark_all_notifications_as_read_inline,ACTION,NONE,GAP,"",admin/Misc/mark_all_notifications_as_read_inline
Misc,misc,notifications_check,ACTION,NONE,GAP,"",admin/Misc/notifications_check
Misc,misc,staff_email_exists,ACTION,NONE,GAP,"",admin/Misc/staff_email_exists
Misc,misc,contact_email_exists,ACTION,NONE,GAP,"",admin/Misc/contact_email_exists
Misc,misc,access_denied,ACTION,NONE,GAP,"",admin/Misc/access_denied
Misc,misc,not_found,ACTION,NONE,GAP,"",admin/Misc/not_found
Misc,misc,change_maximum_number_of_digits_to_decimal_fields,ACTION,NONE,GAP,"",admin/Misc/change_maximum_number_of_digits_to_decimal_fields
Misc,misc,change_decimal_places,ACTION,NONE,GAP,"",admin/Misc/change_decimal_places
Misc,misc,convert_tables_to_innodb_engine,TAB,NONE,GAP,"",admin/Misc/convert_tables_to_innodb_engine
Misc,misc,upgrade_232_database,TAB,NONE,GAP,"",admin/Misc/upgrade_232_database
Mods,mods,index,LIST,NONE,GAP,"",admin/Mods/index
Mods,mods,activate,ACTION,NONE,GAP,"",admin/Mods/activate
Mods,mods,deactivate,ACTION,NONE,GAP,"",admin/Mods/deactivate
Mods,mods,uninstall,ACTION,NONE,GAP,"",admin/Mods/uninstall
Mods,mods,upload,ACTION,NONE,GAP,"",admin/Mods/upload
Mods,mods,upgrade_database,TAB,NONE,GAP,"",admin/Mods/upgrade_database
Mods,mods,update_version,ACTION,NONE,GAP,"",admin/Mods/update_version
Newsfeed,newsfeed,load_newsfeed,ACTION,NONE,GAP,"",admin/Newsfeed/load_newsfeed
Newsfeed,newsfeed,init_post_likes,ACTION,NONE,GAP,"",admin/Newsfeed/init_post_likes
Newsfeed,newsfeed,init_post_comments,ACTION,NONE,GAP,"",admin/Newsfeed/init_post_comments
Newsfeed,newsfeed,comment_single,ACTION,NONE,GAP,"",admin/Newsfeed/comment_single
Newsfeed,newsfeed,get_data,VALIDATE,NONE,GAP,"",admin/Newsfeed/get_data
Newsfeed,newsfeed,load_likes_modal,ACTION,NONE,GAP,"",admin/Newsfeed/load_likes_modal
Newsfeed,newsfeed,load_comment_likes_model,ACTION,NONE,GAP,"",admin/Newsfeed/load_comment_likes_model
Newsfeed,newsfeed,add_post,ACTION,NONE,GAP,"",admin/Newsfeed/add_post
Newsfeed,newsfeed,pin_newsfeed_post,ACTION,NONE,GAP,"",admin/Newsfeed/pin_newsfeed_post
Newsfeed,newsfeed,unpin_newsfeed_post,ACTION,NONE,GAP,"",admin/Newsfeed/unpin_newsfeed_post
Newsfeed,newsfeed,add_post_attachments,UPLOAD,NONE,GAP,"",admin/Newsfeed/add_post_attachments
Newsfeed,newsfeed,like_post,ACTION,NONE,GAP,"",admin/Newsfeed/like_post
Newsfeed,newsfeed,unlike_post,ACTION,NONE,GAP,"",admin/Newsfeed/unlike_post
Newsfeed,newsfeed,add_comment,ACTION,NONE,GAP,"",admin/Newsfeed/add_comment
Newsfeed,newsfeed,like_comment,ACTION,NONE,GAP,"",admin/Newsfeed/like_comment
Newsfeed,newsfeed,unlike_comment,ACTION,NONE,GAP,"",admin/Newsfeed/unlike_comment
Newsfeed,newsfeed,remove_post_comment,ACTION,NONE,GAP,"",admin/Newsfeed/remove_post_comment
Newsfeed,newsfeed,delete_post,DELETE,NONE,GAP,"",admin/Newsfeed/delete_post
Paymentmodes,paymentmodes,index,LIST,NONE,GAP,"",admin/Paymentmodes/index
Paymentmodes,paymentmodes,manage,ACTION,NONE,GAP,"",admin/Paymentmodes/manage
Paymentmodes,paymentmodes,delete,DELETE,NONE,GAP,"",admin/Paymentmodes/delete
Paymentmodes,paymentmodes,change_payment_mode_status,ACTION,NONE,GAP,"",admin/Paymentmodes/change_payment_mode_status
Paymentmodes,paymentmodes,change_payment_mode_show_to_client_status,ACTION,NONE,GAP,"",admin/Paymentmodes/change_payment_mode_show_to_client_status
Payments,payments,batch_payment_modal,ACTION,payments,GAP,"",admin/Payments/batch_payment_modal
Payments,payments,add_batch_payment,ACTION,payments,GAP,"",admin/Payments/add_batch_payment
Payments,payments,index,LIST,payments,YES,"",admin/Payments/index
Payments,payments,list_payments,ACTION,payments,GAP,"",admin/Payments/list_payments
Payments,payments,table,LIST,payments,YES,"",admin/Payments/table
Payments,payments,payment,ACTION,payments,GAP,"",admin/Payments/payment
Payments,payments,pdf,ACTION,payments,GAP,"",admin/Payments/pdf
Payments,payments,send_to_email,ACTION,payments,GAP,"",admin/Payments/send_to_email
Payments,payments,delete,DELETE,payments,YES,"",admin/Payments/delete
Projects,projects,index,LIST,projects,YES,"",admin/Projects/index
Projects,projects,table,LIST,projects,YES,"",admin/Projects/table
Projects,projects,staff_projects,ACTION,projects,GAP,"",admin/Projects/staff_projects
Projects,projects,expenses,ACTION,projects,GAP,"",admin/Projects/expenses
Projects,projects,add_expense,ACTION,projects,GAP,"",admin/Projects/add_expense
Projects,projects,project,ACTION,POST projects,GAP,"Create/Edit project",admin/Projects/project
Projects,projects,gantt,ACTION,projects,GAP,"",admin/Projects/gantt
Projects,projects,view,DETAIL,projects,GAP,"",admin/Projects/view
Projects,projects,milestones_tree,ACTION,projects,GAP,"",admin/Projects/milestones_tree
Projects,projects,mark_as,ACTION,PUT projects/{id}/mark_{status},YES,"Status change",admin/Projects/mark_as
Projects,projects,file,ACTION,projects,GAP,"",admin/Projects/file
Projects,projects,update_file_data,ACTION,projects,GAP,"",admin/Projects/update_file_data
Projects,projects,add_external_file,ACTION,projects,GAP,"",admin/Projects/add_external_file
Projects,projects,download_all_files,ACTION,projects,GAP,"",admin/Projects/download_all_files
Projects,projects,export_project_data,ACTION,projects,GAP,"",admin/Projects/export_project_data
Projects,projects,update_task_milestone,ACTION,projects,GAP,"",admin/Projects/update_task_milestone
Projects,projects,update_milestones_order,ACTION,projects,GAP,"",admin/Projects/update_milestones_order
Projects,projects,pin_action,ACTION,projects,GAP,"",admin/Projects/pin_action
Projects,projects,add_edit_members,ACTION,projects,GAP,"",admin/Projects/add_edit_members
Projects,projects,discussions,ACTION,projects,GAP,"",admin/Projects/discussions
Projects,projects,discussion,ACTION,projects,GAP,"",admin/Projects/discussion
Projects,projects,get_discussion_comments,VALIDATE,projects,GAP,"",admin/Projects/get_discussion_comments
Projects,projects,add_discussion_comment,ACTION,projects,GAP,"",admin/Projects/add_discussion_comment
Projects,projects,update_discussion_comment,ACTION,projects,GAP,"",admin/Projects/update_discussion_comment
Projects,projects,delete_discussion_comment,DELETE,projects,YES,"",admin/Projects/delete_discussion_comment
Projects,projects,delete_discussion,DELETE,projects,YES,"",admin/Projects/delete_discussion
Projects,projects,change_milestone_color,ACTION,projects,GAP,"",admin/Projects/change_milestone_color
Projects,projects,upload_file,UPLOAD,POST files/upload_bytes,YES,"Upload file",admin/Projects/upload_file
Projects,projects,change_file_visibility,ACTION,projects,GAP,"",admin/Projects/change_file_visibility
Projects,projects,change_activity_visibility,ACTION,projects,GAP,"",admin/Projects/change_activity_visibility
Projects,projects,remove_file,ACTION,projects,GAP,"",admin/Projects/remove_file
Projects,projects,milestones_kanban,ACTION,projects,GAP,"",admin/Projects/milestones_kanban
Projects,projects,milestones_kanban_load_more,ACTION,projects,GAP,"",admin/Projects/milestones_kanban_load_more
Projects,projects,milestones,ACTION,projects,GAP,"",admin/Projects/milestones
Projects,projects,boq,ACTION,projects,GAP,"",admin/Projects/boq
Projects,projects,add_update_boq,ACTION,projects,GAP,"",admin/Projects/add_update_boq
Projects,projects,delete_boq,DELETE,projects,YES,"",admin/Projects/delete_boq
Projects,projects,milestone,ACTION,projects,GAP,"",admin/Projects/milestone
Projects,projects,delete_milestone,DELETE,projects,YES,"",admin/Projects/delete_milestone
Projects,projects,bulk_action_files,BULK,projects,GAP,"",admin/Projects/bulk_action_files
Projects,projects,timesheets,ACTION,projects,GAP,"",admin/Projects/timesheets
Projects,projects,timesheet,ACTION,projects,GAP,"",admin/Projects/timesheet
Projects,projects,timesheet_task_assignees,ACTION,projects,GAP,"",admin/Projects/timesheet_task_assignees
Projects,projects,remove_team_member,ACTION,projects,GAP,"",admin/Projects/remove_team_member
Projects,projects,save_note,ACTION,projects,GAP,"",admin/Projects/save_note
Projects,projects,delete,DELETE,DELETE projects/{id},YES,"Delete project",admin/Projects/delete
Projects,projects,copy,ACTION,POST projects/{id}/copy,YES,"Copy project",admin/Projects/copy
Projects,projects,mass_stop_timers,ACTION,projects,GAP,"",admin/Projects/mass_stop_timers
Projects,projects,get_pre_invoice_project_info,VALIDATE,projects,GAP,"",admin/Projects/get_pre_invoice_project_info
Projects,projects,get_invoice_project_data,VALIDATE,projects,GAP,"",admin/Projects/get_invoice_project_data
Projects,projects,get_rel_project_data,VALIDATE,projects,GAP,"",admin/Projects/get_rel_project_data
Projects,projects,invoice_project,ACTION,projects,GAP,"",admin/Projects/invoice_project
Projects,projects,view_project_as_client,ACTION,projects,GAP,"",admin/Projects/view_project_as_client
Projects,projects,get_staff_names_for_mentions,VALIDATE,projects,GAP,"",admin/Projects/get_staff_names_for_mentions
Proposals,proposals,index,LIST,proposals,YES,"",admin/Proposals/index
Proposals,proposals,list_proposals,ACTION,proposals,GAP,"",admin/Proposals/list_proposals
Proposals,proposals,table,LIST,proposals,YES,"",admin/Proposals/table
Proposals,proposals,proposal_relations,ACTION,proposals,GAP,"",admin/Proposals/proposal_relations
Proposals,proposals,delete_attachment,DELETE,proposals,YES,"",admin/Proposals/delete_attachment
Proposals,proposals,clear_signature,ACTION,proposals,GAP,"",admin/Proposals/clear_signature
Proposals,proposals,sync_data,ACTION,proposals,GAP,"",admin/Proposals/sync_data
Proposals,proposals,proposal,ACTION,proposals,GAP,"",admin/Proposals/proposal
Proposals,proposals,get_template,VALIDATE,proposals,GAP,"",admin/Proposals/get_template
Proposals,proposals,send_expiry_reminder,ACTION,proposals,YES,"",admin/Proposals/send_expiry_reminder
Proposals,proposals,clear_acceptance_info,ACTION,proposals,GAP,"",admin/Proposals/clear_acceptance_info
Proposals,proposals,pdf,ACTION,proposals,GAP,"",admin/Proposals/pdf
Proposals,proposals,get_proposal_data_ajax,VALIDATE,proposals,GAP,"",admin/Proposals/get_proposal_data_ajax
Proposals,proposals,add_note,ACTION,proposals,GAP,"",admin/Proposals/add_note
Proposals,proposals,get_notes,VALIDATE,proposals,GAP,"",admin/Proposals/get_notes
Proposals,proposals,convert_to_estimate,ACTION,proposals,GAP,"",admin/Proposals/convert_to_estimate
Proposals,proposals,convert_to_invoice,ACTION,proposals,GAP,"",admin/Proposals/convert_to_invoice
Proposals,proposals,get_invoice_convert_data,VALIDATE,proposals,GAP,"",admin/Proposals/get_invoice_convert_data
Proposals,proposals,get_estimate_convert_data,VALIDATE,proposals,GAP,"",admin/Proposals/get_estimate_convert_data
Proposals,proposals,send_to_email,ACTION,proposals,YES,"",admin/Proposals/send_to_email
Proposals,proposals,copy,ACTION,proposals,YES,"",admin/Proposals/copy
Proposals,proposals,mark_action_status,ACTION,proposals,GAP,"",admin/Proposals/mark_action_status
Proposals,proposals,delete,DELETE,proposals,YES,"",admin/Proposals/delete
Proposals,proposals,get_relation_data_values,VALIDATE,proposals,GAP,"",admin/Proposals/get_relation_data_values
Proposals,proposals,add_proposal_comment,ACTION,proposals,GAP,"",admin/Proposals/add_proposal_comment
Proposals,proposals,edit_comment,ACTION,proposals,GAP,"",admin/Proposals/edit_comment
Proposals,proposals,get_proposal_comments,VALIDATE,proposals,GAP,"",admin/Proposals/get_proposal_comments
Proposals,proposals,remove_comment,ACTION,proposals,GAP,"",admin/Proposals/remove_comment
Proposals,proposals,save_proposal_data,ACTION,proposals,GAP,"",admin/Proposals/save_proposal_data
Proposals,proposals,pipeline,ACTION,proposals,GAP,"",admin/Proposals/pipeline
Proposals,proposals,pipeline_open,ACTION,proposals,GAP,"",admin/Proposals/pipeline_open
Proposals,proposals,update_pipeline,ACTION,proposals,GAP,"",admin/Proposals/update_pipeline
Proposals,proposals,get_pipeline,VALIDATE,proposals,GAP,"",admin/Proposals/get_pipeline
Proposals,proposals,pipeline_load_more,ACTION,proposals,GAP,"",admin/Proposals/pipeline_load_more
Proposals,proposals,set_proposal_pipeline_autoload,ACTION,proposals,GAP,"",admin/Proposals/set_proposal_pipeline_autoload
Proposals,proposals,get_due_date,VALIDATE,proposals,GAP,"",admin/Proposals/get_due_date
Reports,reports,index,LIST,NONE,GAP,"",admin/Reports/index
Reports,reports,knowledge_base_articles,ACTION,NONE,GAP,"",admin/Reports/knowledge_base_articles
Reports,reports,tax_summary,ACTION,NONE,GAP,"",admin/Reports/tax_summary
Reports,reports,leads,ACTION,NONE,GAP,"",admin/Reports/leads
Reports,reports,sales,ACTION,NONE,GAP,"",admin/Reports/sales
Reports,reports,customers_report,ACTION,NONE,GAP,"",admin/Reports/customers_report
Reports,reports,payments_received,ACTION,NONE,GAP,"",admin/Reports/payments_received
Reports,reports,proposals_report,ACTION,NONE,GAP,"",admin/Reports/proposals_report
Reports,reports,estimates_report,ACTION,NONE,GAP,"",admin/Reports/estimates_report
Reports,reports,items,ACTION,NONE,GAP,"",admin/Reports/items
Reports,reports,credit_notes,ACTION,NONE,GAP,"",admin/Reports/credit_notes
Reports,reports,invoices_report,ACTION,NONE,GAP,"",admin/Reports/invoices_report
Reports,reports,expenses,ACTION,NONE,GAP,"",admin/Reports/expenses
Reports,reports,expenses_vs_income,ACTION,NONE,GAP,"",admin/Reports/expenses_vs_income
Reports,reports,total_income_report,ACTION,NONE,GAP,"",admin/Reports/total_income_report
Reports,reports,report_by_payment_modes,ACTION,NONE,GAP,"",admin/Reports/report_by_payment_modes
Reports,reports,report_by_customer_groups,ACTION,NONE,GAP,"",admin/Reports/report_by_customer_groups
Reports,reports,leads_monthly_report,ACTION,NONE,GAP,"",admin/Reports/leads_monthly_report
Roles,roles,index,LIST,NONE,GAP,"",admin/Roles/index
Roles,roles,role,ACTION,NONE,GAP,"",admin/Roles/role
Roles,roles,delete,DELETE,NONE,GAP,"",admin/Roles/delete
Settings,settings,index,LIST,NONE,GAP,"",admin/Settings/index
Settings,settings,reset_document_expiry_settings,ACTION,NONE,GAP,"",admin/Settings/reset_document_expiry_settings
Settings,settings,delete_tag,DELETE,NONE,GAP,"",admin/Settings/delete_tag
Settings,settings,remove_signature_image,ACTION,NONE,GAP,"",admin/Settings/remove_signature_image
Settings,settings,remove_company_logo,ACTION,NONE,GAP,"",admin/Settings/remove_company_logo
Settings,settings,remove_fv,ACTION,NONE,GAP,"",admin/Settings/remove_fv
Settings,settings,delete_option,DELETE,NONE,GAP,"",admin/Settings/delete_option
Settings,settings,clear_sessions,ACTION,NONE,GAP,"",admin/Settings/clear_sessions
Smtp_oauth_google,smtp_oauth_google,token,ACTION,NONE,GAP,"",admin/Smtp_oauth_google/token
Smtp_oauth_microsoft,smtp_oauth_microsoft,token,ACTION,NONE,GAP,"",admin/Smtp_oauth_microsoft/token
Spam_filters,spam_filters,view,DETAIL,NONE,GAP,"",admin/Spam_filters/view
Spam_filters,spam_filters,filter,ACTION,NONE,GAP,"",admin/Spam_filters/filter
Spam_filters,spam_filters,delete,DELETE,NONE,GAP,"",admin/Spam_filters/delete
Staff,staff,index,LIST,staffs,YES,"",admin/Staff/index
Staff,staff,member,ACTION,staffs,GAP,"",admin/Staff/member
Staff,staff,role_changed,ACTION,staffs,GAP,"",admin/Staff/role_changed
Staff,staff,save_dashboard_widgets_order,ACTION,staffs,GAP,"",admin/Staff/save_dashboard_widgets_order
Staff,staff,save_dashboard_widgets_visibility,ACTION,staffs,GAP,"",admin/Staff/save_dashboard_widgets_visibility
Staff,staff,reset_dashboard,ACTION,staffs,GAP,"",admin/Staff/reset_dashboard
Staff,staff,save_hidden_table_columns,TAB,staffs,GAP,"",admin/Staff/save_hidden_table_columns
Staff,staff,change_language,ACTION,staffs,GAP,"",admin/Staff/change_language
Staff,staff,timesheets,ACTION,staffs,GAP,"",admin/Staff/timesheets
Staff,staff,delete,DELETE,staffs,YES,"",admin/Staff/delete
Staff,staff,edit_profile,ACTION,staffs,GAP,"",admin/Staff/edit_profile
Staff,staff,remove_staff_profile_image,ACTION,staffs,GAP,"",admin/Staff/remove_staff_profile_image
Staff,staff,change_password_profile,ACTION,staffs,GAP,"",admin/Staff/change_password_profile
Staff,staff,profile,DETAIL,staffs,GAP,"",admin/Staff/profile
Staff,staff,change_staff_status,ACTION,staffs,GAP,"",admin/Staff/change_staff_status
Staff,staff,notifications,ACTION,staffs,GAP,"",admin/Staff/notifications
Staff,staff,update_two_factor,ACTION,staffs,GAP,"",admin/Staff/update_two_factor
Staff,staff,verify_google_two_factor,ACTION,staffs,GAP,"",admin/Staff/verify_google_two_factor
Staff,staff,save_completed_checklist_visibility,ACTION,staffs,GAP,"",admin/Staff/save_completed_checklist_visibility
Subscriptions,subscriptions,index,LIST,NONE,GAP,"",admin/Subscriptions/index
Subscriptions,subscriptions,table,LIST,NONE,GAP,"",admin/Subscriptions/table
Subscriptions,subscriptions,create,CREATE,NONE,GAP,"",admin/Subscriptions/create
Subscriptions,subscriptions,edit,EDIT,NONE,GAP,"",admin/Subscriptions/edit
Subscriptions,subscriptions,send_to_email,ACTION,NONE,GAP,"",admin/Subscriptions/send_to_email
Subscriptions,subscriptions,cancel,ACTION,NONE,GAP,"",admin/Subscriptions/cancel
Subscriptions,subscriptions,sync,ACTION,NONE,GAP,"",admin/Subscriptions/sync
Subscriptions,subscriptions,resume,ACTION,NONE,GAP,"",admin/Subscriptions/resume
Subscriptions,subscriptions,delete,DELETE,NONE,GAP,"",admin/Subscriptions/delete
Tasks,tasks,index,LIST,tasks,YES,"",admin/Tasks/index
Tasks,tasks,list_tasks,ACTION,tasks,GAP,"",admin/Tasks/list_tasks
Tasks,tasks,table,LIST,tasks,YES,"",admin/Tasks/table
Tasks,tasks,kanban,ACTION,tasks,GAP,"",admin/Tasks/kanban
Tasks,tasks,ajax_search_assign_task_to_timer,ACTION,tasks,GAP,"",admin/Tasks/ajax_search_assign_task_to_timer
Tasks,tasks,tasks_kanban_load_more,ACTION,tasks,GAP,"",admin/Tasks/tasks_kanban_load_more
Tasks,tasks,update_order,ACTION,tasks,GAP,"",admin/Tasks/update_order
Tasks,tasks,switch_kanban,ACTION,tasks,GAP,"",admin/Tasks/switch_kanban
Tasks,tasks,get_billable_tasks_by_project,VALIDATE,tasks,GAP,"",admin/Tasks/get_billable_tasks_by_project
Tasks,tasks,get_billable_tasks_by_customer_id,VALIDATE,tasks,GAP,"",admin/Tasks/get_billable_tasks_by_customer_id
Tasks,tasks,update_task_description,ACTION,tasks,GAP,"",admin/Tasks/update_task_description
Tasks,tasks,detailed_overview,ACTION,tasks,GAP,"",admin/Tasks/detailed_overview
Tasks,tasks,init_relation_tasks,ACTION,tasks,GAP,"",admin/Tasks/init_relation_tasks
Tasks,tasks,task,ACTION,POST tasks,GAP,"Create/Edit task",admin/Tasks/task
Tasks,tasks,set_complete_type,ACTION,tasks,GAP,"",admin/Tasks/set_complete_type
Tasks,tasks,copy,ACTION,POST tasks/{id}/copy,YES,"Copy task",admin/Tasks/copy
Tasks,tasks,get_billable_task_data,VALIDATE,tasks,GAP,"",admin/Tasks/get_billable_task_data
Tasks,tasks,get_task_data,VALIDATE,tasks,GAP,"",admin/Tasks/get_task_data
Tasks,tasks,add_reminder,ACTION,tasks,GAP,"",admin/Tasks/add_reminder
Tasks,tasks,edit_reminder,ACTION,tasks,GAP,"",admin/Tasks/edit_reminder
Tasks,tasks,delete_reminder,DELETE,tasks,YES,"",admin/Tasks/delete_reminder
Tasks,tasks,get_staff_started_timers,VALIDATE,tasks,GAP,"",admin/Tasks/get_staff_started_timers
Tasks,tasks,save_checklist_item_template,ACTION,tasks,GAP,"",admin/Tasks/save_checklist_item_template
Tasks,tasks,remove_checklist_item_template,ACTION,tasks,GAP,"",admin/Tasks/remove_checklist_item_template
Tasks,tasks,init_checklist_items,ACTION,tasks,GAP,"",admin/Tasks/init_checklist_items
Tasks,tasks,task_tracking_stats,ACTION,tasks,GAP,"",admin/Tasks/task_tracking_stats
Tasks,tasks,checkbox_action,ACTION,tasks,GAP,"",admin/Tasks/checkbox_action
Tasks,tasks,add_checklist_item,ACTION,POST tasks/checklist,YES,"Add checklist item",admin/Tasks/add_checklist_item
Tasks,tasks,update_checklist_order,ACTION,tasks,GAP,"",admin/Tasks/update_checklist_order
Tasks,tasks,delete_checklist_item,DELETE,DELETE tasks/checklist/{id},YES,"Del checklist item",admin/Tasks/delete_checklist_item
Tasks,tasks,update_checklist_item,ACTION,tasks,GAP,"",admin/Tasks/update_checklist_item
Tasks,tasks,make_public,ACTION,tasks,GAP,"",admin/Tasks/make_public
Tasks,tasks,add_external_attachment,UPLOAD,tasks,GAP,"",admin/Tasks/add_external_attachment
Tasks,tasks,add_task_comment,ACTION,tasks,GAP,"",admin/Tasks/add_task_comment
Tasks,tasks,download_files,ACTION,tasks,GAP,"",admin/Tasks/download_files
Tasks,tasks,add_task_followers,ACTION,tasks,GAP,"",admin/Tasks/add_task_followers
Tasks,tasks,add_task_assignees,ACTION,tasks,GAP,"",admin/Tasks/add_task_assignees
Tasks,tasks,edit_comment,ACTION,tasks,GAP,"",admin/Tasks/edit_comment
Tasks,tasks,remove_comment,ACTION,tasks,GAP,"",admin/Tasks/remove_comment
Tasks,tasks,remove_assignee,ACTION,DELETE tasks/assignments/{id},YES,"Remove assignee",admin/Tasks/remove_assignee
Tasks,tasks,remove_follower,ACTION,DELETE tasks/followers/{id},YES,"Remove follower",admin/Tasks/remove_follower
Tasks,tasks,unmark_complete,ACTION,tasks,YES,"",admin/Tasks/unmark_complete
Tasks,tasks,mark_as,ACTION,tasks,GAP,"",admin/Tasks/mark_as
Tasks,tasks,change_priority,ACTION,tasks,GAP,"",admin/Tasks/change_priority
Tasks,tasks,change_milestone,ACTION,tasks,GAP,"",admin/Tasks/change_milestone
Tasks,tasks,task_single_inline_update,ACTION,tasks,GAP,"",admin/Tasks/task_single_inline_update
Tasks,tasks,delete_task,DELETE,tasks,YES,"",admin/Tasks/delete_task
Tasks,tasks,remove_task_attachment,UPLOAD,tasks,GAP,"",admin/Tasks/remove_task_attachment
Tasks,tasks,upload_file,UPLOAD,POST files/upload_bytes,YES,"Upload file",admin/Tasks/upload_file
Tasks,tasks,timer_tracking,ACTION,POST tasks/{id}/timer/{action},YES,"Timer control",admin/Tasks/timer_tracking
Tasks,tasks,delete_user_unfinished_timesheet,DELETE,tasks,YES,"",admin/Tasks/delete_user_unfinished_timesheet
Tasks,tasks,delete_timesheet,DELETE,tasks,YES,"",admin/Tasks/delete_timesheet
Tasks,tasks,update_timesheet,ACTION,tasks,GAP,"",admin/Tasks/update_timesheet
Tasks,tasks,log_time,ACTION,tasks,GAP,"",admin/Tasks/log_time
Tasks,tasks,update_tags,ACTION,tasks,GAP,"",admin/Tasks/update_tags
Tasks,tasks,bulk_action,BULK,tasks,GAP,"",admin/Tasks/bulk_action
Tasks,tasks,gantt_date_update,ACTION,tasks,GAP,"",admin/Tasks/gantt_date_update
Tasks,tasks,get_task_by_id,VALIDATE,tasks,GAP,"",admin/Tasks/get_task_by_id
Tasks,tasks,get_staff_names_for_mentions,VALIDATE,tasks,GAP,"",admin/Tasks/get_staff_names_for_mentions
Tasks,tasks,save_checklist_assigned_staff,ACTION,tasks,GAP,"",admin/Tasks/save_checklist_assigned_staff
Tasks,tasks,AddTaskLog,ACTION,tasks,GAP,"",admin/Tasks/AddTaskLog
Taxes,taxes,index,LIST,NONE,GAP,"",admin/Taxes/index
Taxes,taxes,manage,ACTION,NONE,GAP,"",admin/Taxes/manage
Taxes,taxes,delete,DELETE,NONE,GAP,"",admin/Taxes/delete
Taxes,taxes,tax_name_exists,ACTION,NONE,GAP,"",admin/Taxes/tax_name_exists
Templates,templates,modal,MODAL,NONE,GAP,"",admin/Templates/modal
Templates,templates,index,LIST,NONE,GAP,"",admin/Templates/index
Templates,templates,template,ACTION,NONE,GAP,"",admin/Templates/template
Templates,templates,delete,DELETE,NONE,GAP,"",admin/Templates/delete
Tickets,tickets,index,LIST,tickets,YES,"",admin/Tickets/index
Tickets,tickets,add,CREATE,tickets,YES,"",admin/Tickets/add
Tickets,tickets,delete,DELETE,tickets,YES,"",admin/Tickets/delete
Tickets,tickets,delete_attachment,DELETE,tickets,YES,"",admin/Tickets/delete_attachment
Tickets,tickets,update_staff_replying,ACTION,tickets,YES,"",admin/Tickets/update_staff_replying
Tickets,tickets,check_staff_replying,ACTION,tickets,YES,"",admin/Tickets/check_staff_replying
Tickets,tickets,ticket,ACTION,tickets,GAP,"",admin/Tickets/ticket
Tickets,tickets,edit_message,ACTION,tickets,GAP,"",admin/Tickets/edit_message
Tickets,tickets,delete_ticket_reply,DELETE,tickets,YES,"",admin/Tickets/delete_ticket_reply
Tickets,tickets,change_status_ajax,ACTION,tickets,YES,"",admin/Tickets/change_status_ajax
Tickets,tickets,update_single_ticket_settings,ACTION,tickets,GAP,"",admin/Tickets/update_single_ticket_settings
Tickets,tickets,priorities,ACTION,tickets,GAP,"",admin/Tickets/priorities
Tickets,tickets,priority,ACTION,tickets,GAP,"",admin/Tickets/priority
Tickets,tickets,delete_priority,DELETE,tickets,YES,"",admin/Tickets/delete_priority
Tickets,tickets,predefined_replies,ACTION,tickets,GAP,"",admin/Tickets/predefined_replies
Tickets,tickets,get_predefined_reply_ajax,VALIDATE,tickets,GAP,"",admin/Tickets/get_predefined_reply_ajax
Tickets,tickets,ticket_change_data,ACTION,tickets,GAP,"",admin/Tickets/ticket_change_data
Tickets,tickets,predefined_reply,ACTION,tickets,YES,"",admin/Tickets/predefined_reply
Tickets,tickets,delete_predefined_reply,DELETE,tickets,YES,"",admin/Tickets/delete_predefined_reply
Tickets,tickets,statuses,ACTION,tickets,GAP,"",admin/Tickets/statuses
Tickets,tickets,status,ACTION,tickets,GAP,"",admin/Tickets/status
Tickets,tickets,delete_ticket_status,DELETE,tickets,YES,"",admin/Tickets/delete_ticket_status
Tickets,tickets,services,ACTION,tickets,GAP,"",admin/Tickets/services
Tickets,tickets,service,ACTION,tickets,GAP,"",admin/Tickets/service
Tickets,tickets,delete_service,DELETE,tickets,YES,"",admin/Tickets/delete_service
Tickets,tickets,block_sender,ACTION,tickets,GAP,"",admin/Tickets/block_sender
Tickets,tickets,bulk_action,BULK,tickets,GAP,"",admin/Tickets/bulk_action
Todo,todo,index,LIST,NONE,GAP,"",admin/Todo/index
Todo,todo,todo,ACTION,NONE,GAP,"",admin/Todo/todo
Todo,todo,get_by_id,VALIDATE,NONE,GAP,"",admin/Todo/get_by_id
Todo,todo,change_todo_status,ACTION,NONE,GAP,"",admin/Todo/change_todo_status
Todo,todo,update_todo_items_order,ACTION,NONE,GAP,"",admin/Todo/update_todo_items_order
Todo,todo,delete_todo_item,DELETE,NONE,GAP,"",admin/Todo/delete_todo_item
Utilities,utilities,activity_log,ACTION,NONE,GAP,"",admin/Utilities/activity_log
Utilities,utilities,pipe_log,ACTION,NONE,GAP,"",admin/Utilities/pipe_log
Utilities,utilities,clear_activity_log,ACTION,NONE,GAP,"",admin/Utilities/clear_activity_log
Utilities,utilities,clear_pipe_log,ACTION,NONE,GAP,"",admin/Utilities/clear_pipe_log
Utilities,utilities,calendar,ACTION,NONE,GAP,"",admin/Utilities/calendar
Utilities,utilities,get_calendar_data,VALIDATE,NONE,GAP,"",admin/Utilities/get_calendar_data
Utilities,utilities,view_event,ACTION,NONE,GAP,"",admin/Utilities/view_event
Utilities,utilities,delete_event,DELETE,NONE,GAP,"",admin/Utilities/delete_event
Utilities,utilities,media,ACTION,NONE,GAP,"",admin/Utilities/media
Utilities,utilities,media_connector,ACTION,NONE,GAP,"",admin/Utilities/media_connector
Utilities,utilities,bulk_pdf_exporter,BULK,NONE,GAP,"",admin/Utilities/bulk_pdf_exporter
Advanceleads,advanceleads,upload_to_openai,UPLOAD,NONE,GAP,"",admin/Advanceleads/upload_to_openai
Advanceleads,advanceleads,add_material,ACTION,NONE,GAP,"",admin/Advanceleads/add_material
Advanceleads,advanceleads,import_advanceleads,ACTION,NONE,GAP,"",admin/Advanceleads/import_advanceleads
Advanceleads,advanceleads,index,LIST,NONE,GAP,"",admin/Advanceleads/index
Advanceleads,advanceleads,dashboard,ACTION,NONE,GAP,"",admin/Advanceleads/dashboard
Advanceleads,advanceleads,keywords,ACTION,NONE,GAP,"",admin/Advanceleads/keywords
Advanceleads,advanceleads,table,LIST,NONE,GAP,"",admin/Advanceleads/table
Advanceleads,advanceleads,keywords_table,TAB,NONE,GAP,"",admin/Advanceleads/keywords_table
Advanceleads,advanceleads,view,DETAIL,NONE,GAP,"",admin/Advanceleads/view
Advanceleads,advanceleads,mark_as,ACTION,NONE,GAP,"",admin/Advanceleads/mark_as
Advanceleads,advanceleads,apply_interest,ACTION,NONE,GAP,"",admin/Advanceleads/apply_interest
Advanceleads,advanceleads,open_external_file,ACTION,NONE,GAP,"",admin/Advanceleads/open_external_file
Advanceleads,advanceleads,lead,ACTION,NONE,GAP,"",admin/Advanceleads/lead
Advanceleads,advanceleads,status,ACTION,NONE,GAP,"",admin/Advanceleads/status
Advanceleads,advanceleads,apply_interest_feedback,ACTION,NONE,GAP,"",admin/Advanceleads/apply_interest_feedback
Advanceleads,advanceleads,change_field,ACTION,NONE,GAP,"",admin/Advanceleads/change_field
Advanceleads,advanceleads,change_type,ACTION,NONE,GAP,"",admin/Advanceleads/change_type
Advanceleads,advanceleads,update_counters,ACTION,NONE,GAP,"",admin/Advanceleads/update_counters
Advanceleads,advanceleads,setting,ACTION,NONE,GAP,"",admin/Advanceleads/setting
Advanceleads,advanceleads,save_ai_agent_prompt,ACTION,NONE,GAP,"",admin/Advanceleads/save_ai_agent_prompt
Advanceleads,advanceleads,reset_ai_agent_prompt,ACTION,NONE,GAP,"",admin/Advanceleads/reset_ai_agent_prompt
Advanceleads,advanceleads,test_ai_agent_prompt,ACTION,NONE,GAP,"",admin/Advanceleads/test_ai_agent_prompt
Advanceleads,advanceleads,add_keyword_alarm,ACTION,NONE,GAP,"",admin/Advanceleads/add_keyword_alarm
Advanceleads,advanceleads,add_keyword_alarm_group,ACTION,NONE,GAP,"",admin/Advanceleads/add_keyword_alarm_group
Advanceleads,advanceleads,keyword_notification_table,TAB,NONE,GAP,"",admin/Advanceleads/keyword_notification_table
Advanceleads,advanceleads,keyword_notifications,ACTION,NONE,GAP,"",admin/Advanceleads/keyword_notifications
Advanceleads,advanceleads,get_RFx_info,VALIDATE,NONE,GAP,"",admin/Advanceleads/get_RFx_info
Advanceleads,advanceleads,report,ACTION,NONE,GAP,"",admin/Advanceleads/report
Advanceleads,advanceleads,get_leads_data,VALIDATE,NONE,GAP,"",admin/Advanceleads/get_leads_data
Advanceleads,advanceleads,table_report,TAB,NONE,GAP,"",admin/Advanceleads/table_report
Advanceleads,advanceleads,upload_file,UPLOAD,NONE,GAP,"",admin/Advanceleads/upload_file
Advanceleads,advanceleads,create_technical_analysis,ACTION,NONE,GAP,"",admin/Advanceleads/create_technical_analysis
Advanceleads,advanceleads,get_unit,VALIDATE,NONE,GAP,"",admin/Advanceleads/get_unit
Advanceleads,advanceleads,test_openai,ACTION,NONE,GAP,"",admin/Advanceleads/test_openai
Advanceleads,advanceleads,suggestedSuppliersAI,ACTION,NONE,GAP,"",admin/Advanceleads/suggestedSuppliersAI
Advanceleads,advanceleads,parse_pdf_static,ACTION,NONE,GAP,"",admin/Advanceleads/parse_pdf_static
Advanceleads_grid,advanceleads_grid,index,LIST,NONE,GAP,"",admin/Advanceleads_grid/index
Advanceleads_grid,advanceleads_grid,get_table_data,VALIDATE,NONE,GAP,"",admin/Advanceleads_grid/get_table_data
Api,api,index,LIST,NONE,GAP,"",admin/Api/index
Api,api,migratefromold,ACTION,NONE,GAP,"",admin/Api/migratefromold
Api,api,DEWAScrape,ACTION,NONE,GAP,"",admin/Api/DEWAScrape
Api,api,DEWACSV,ACTION,NONE,GAP,"",admin/Api/DEWACSV
Api,api,open_external_file,ACTION,NONE,GAP,"",admin/Api/open_external_file
Api,api,api_scrapping_dewa_rfx_folder,ACTION,NONE,GAP,"",admin/Api/api_scrapping_dewa_rfx_folder
Api,api,change_field,ACTION,NONE,GAP,"",admin/Api/change_field
Api,api,adgpg_scrape,ACTION,NONE,GAP,"",admin/Api/adgpg_scrape
Api,api,etimad_scrape,ACTION,NONE,GAP,"",admin/Api/etimad_scrape
Api,api,keyword_notification_cron,ACTION,NONE,GAP,"",admin/Api/keyword_notification_cron
Api,api,extract_files_text,ACTION,NONE,GAP,"",admin/Api/extract_files_text
Api,api,scrape_rfx_materials_cron,ACTION,NONE,GAP,"",admin/Api/scrape_rfx_materials_cron
Api,api,seo_friendly_url,ACTION,NONE,GAP,"",admin/Api/seo_friendly_url
Api,api,validMySQL,ACTION,NONE,GAP,"",admin/Api/validMySQL
Api,api,extract_dewa_rfx_materials,ACTION,NONE,GAP,"",admin/Api/extract_dewa_rfx_materials
Api,api,extractkeys,ACTION,NONE,GAP,"",admin/Api/extractkeys
Run,run,get_valid_openai_files,VALIDATE,NONE,GAP,"",admin/Run/get_valid_openai_files
Run,run,openAi,ACTION,NONE,GAP,"",admin/Run/openAi
Run,run,cleanJsonFromAssistantResponse,ACTION,NONE,GAP,"",admin/Run/cleanJsonFromAssistantResponse
Tenders,tenders,tender,ACTION,tenders_api,GAP,"",admin/Tenders/tender
Tenders,tenders,tender,ACTION,tenders_api,GAP,"",admin/Tenders/tender
Tenders,tenders,tenderstable,TAB,tenders_api,GAP,"",admin/Tenders/tenderstable
Tenders,tenders,show_tender,ACTION,tenders_api,GAP,"",admin/Tenders/show_tender
Tenders,tenders,add_update_tender,ACTION,tenders_api,GAP,"",admin/Tenders/add_update_tender
Tenders,tenders,add_update_tender,ACTION,tenders_api,GAP,"",admin/Tenders/add_update_tender
Tenders,tenders,delete_tender,DELETE,tenders_api,YES,"",admin/Tenders/delete_tender
Tenders,tenders,show_tenderer,ACTION,tenders_api,GAP,"",admin/Tenders/show_tenderer
Tenders,tenders,update_tenderer_name,ACTION,tenders_api,GAP,"",admin/Tenders/update_tenderer_name
Tenders,tenders,fetch_and_store_tenders,ACTION,tenders_api,GAP,"",admin/Tenders/fetch_and_store_tenders
Tenders,tenders,scrapping_tenders,ACTION,tenders_api,GAP,"",admin/Tenders/scrapping_tenders
Tenders,tenders,executeTenderActions,ACTION,tenders_api,GAP,"",admin/Tenders/executeTenderActions
Aifm_workflow_api,aifm_workflow_api,create_feature,ACTION,NONE,GAP,"",admin/Aifm_workflow_api/create_feature
Aifm_workflow_api,aifm_workflow_api,get_feature,VALIDATE,NONE,GAP,"",admin/Aifm_workflow_api/get_feature
Aifm_workflow_api,aifm_workflow_api,update_feature,ACTION,NONE,GAP,"",admin/Aifm_workflow_api/update_feature
Aifm_workflow_api,aifm_workflow_api,add_attachment,UPLOAD,NONE,GAP,"",admin/Aifm_workflow_api/add_attachment
Aifm_workflow_api,aifm_workflow_api,delete_attachment,DELETE,NONE,GAP,"",admin/Aifm_workflow_api/delete_attachment
Aifm_workflow_api,aifm_workflow_api,analyze,ACTION,NONE,GAP,"",admin/Aifm_workflow_api/analyze
Aifm_workflow_api,aifm_workflow_api,update_plan,ACTION,NONE,GAP,"",admin/Aifm_workflow_api/update_plan
Aifm_workflow_api,aifm_workflow_api,submit_for_review,ACTION,NONE,GAP,"",admin/Aifm_workflow_api/submit_for_review
Aifm_workflow_api,aifm_workflow_api,review,ACTION,NONE,GAP,"",admin/Aifm_workflow_api/review
Aifm_workflow_api,aifm_workflow_api,approve,ACTION,NONE,GAP,"",admin/Aifm_workflow_api/approve
Aifm_workflow_api,aifm_workflow_api,audit,ACTION,NONE,GAP,"",admin/Aifm_workflow_api/audit
Aifm_workflow_api,aifm_workflow_api,convert_to_task,ACTION,NONE,GAP,"",admin/Aifm_workflow_api/convert_to_task
Aifm_workflow_ui,aifm_workflow_ui,index,LIST,NONE,GAP,"",admin/Aifm_workflow_ui/index
Aifm_workflow_ui,aifm_workflow_ui,settings,ACTION,NONE,GAP,"",admin/Aifm_workflow_ui/settings
Aifm_workflow_ui,aifm_workflow_ui,new_feature,ACTION,NONE,GAP,"",admin/Aifm_workflow_ui/new_feature
Aifm_workflow_ui,aifm_workflow_ui,view,DETAIL,NONE,GAP,"",admin/Aifm_workflow_ui/view
Ai_feature_management,ai_feature_management,index,LIST,NONE,GAP,"",admin/Ai_feature_management/index
Ai_feature_management,ai_feature_management,settings,ACTION,NONE,GAP,"",admin/Ai_feature_management/settings
Ai_feature_management,ai_feature_management,create_request,ACTION,NONE,GAP,"",admin/Ai_feature_management/create_request
Ai_feature_management,ai_feature_management,table,LIST,NONE,GAP,"",admin/Ai_feature_management/table
Ai_feature_management,ai_feature_management,preview,ACTION,NONE,GAP,"",admin/Ai_feature_management/preview
Ai_feature_management,ai_feature_management,preview_attachments,UPLOAD,NONE,GAP,"",admin/Ai_feature_management/preview_attachments
Ai_feature_management,ai_feature_management,preview_tasks,ACTION,NONE,GAP,"",admin/Ai_feature_management/preview_tasks
Ai_feature_management,ai_feature_management,preview_activity,ACTION,NONE,GAP,"",admin/Ai_feature_management/preview_activity
Ai_feature_management,ai_feature_management,delete,DELETE,NONE,GAP,"",admin/Ai_feature_management/delete
Ai_feature_management,ai_feature_management,preview_reminders,ACTION,NONE,GAP,"",admin/Ai_feature_management/preview_reminders
Ai_feature_management,ai_feature_management,add_activity_ajax,ACTION,NONE,GAP,"",admin/Ai_feature_management/add_activity_ajax
Ai_feature_management,ai_feature_management,add_reminder_ajax,ACTION,NONE,GAP,"",admin/Ai_feature_management/add_reminder_ajax
Ai_feature_management,ai_feature_management,link_recent_task_ajax,ACTION,NONE,GAP,"",admin/Ai_feature_management/link_recent_task_ajax
Ai_feature_management,ai_feature_management,link_task_ajax,ACTION,NONE,GAP,"",admin/Ai_feature_management/link_task_ajax
Ai_feature_management,ai_feature_management,create_task_ajax,ACTION,NONE,GAP,"",admin/Ai_feature_management/create_task_ajax
Ai_feature_management,ai_feature_management,update_module_ajax,ACTION,NONE,GAP,"",admin/Ai_feature_management/update_module_ajax
Ai_feature_management,ai_feature_management,update_description_ajax,ACTION,NONE,GAP,"",admin/Ai_feature_management/update_description_ajax
Ai_feature_management,ai_feature_management,update_info_ajax,ACTION,NONE,GAP,"",admin/Ai_feature_management/update_info_ajax
Ai_feature_management,ai_feature_management,upload_attachment_ajax,UPLOAD,NONE,GAP,"",admin/Ai_feature_management/upload_attachment_ajax
Ai_feature_management,ai_feature_management,delete_attachment_ajax,DELETE,NONE,GAP,"",admin/Ai_feature_management/delete_attachment_ajax
Ai_feature_management,ai_feature_management,convert_ticket_ajax,ACTION,NONE,GAP,"",admin/Ai_feature_management/convert_ticket_ajax
Ai_feature_management,ai_feature_management,full_view,ACTION,NONE,GAP,"",admin/Ai_feature_management/full_view
Ai_feature_management,ai_feature_management,api_feature_tasks_aggrid,ACTION,NONE,GAP,"",admin/Ai_feature_management/api_feature_tasks_aggrid
Ai_feature_management,ai_feature_management,dashboard,ACTION,NONE,GAP,"",admin/Ai_feature_management/dashboard
Ai_feature_management,ai_feature_management,workload,ACTION,NONE,GAP,"",admin/Ai_feature_management/workload
Ai_feature_management,ai_feature_management,activity_log,ACTION,NONE,GAP,"",admin/Ai_feature_management/activity_log
Ai_feature_management,ai_feature_management,activity_log_data,ACTION,NONE,GAP,"",admin/Ai_feature_management/activity_log_data
Ai_feature_management,ai_feature_management,activity_log_detail,ACTION,NONE,GAP,"",admin/Ai_feature_management/activity_log_detail
Ai_feature_management,ai_feature_management,master_plan,ACTION,NONE,GAP,"",admin/Ai_feature_management/master_plan
Ai_feature_management,ai_feature_management,modules,ACTION,NONE,GAP,"",admin/Ai_feature_management/modules
Ai_feature_management,ai_feature_management,module_view,ACTION,NONE,GAP,"",admin/Ai_feature_management/module_view
Ai_feature_management,ai_feature_management,api_calls,ACTION,NONE,GAP,"",admin/Ai_feature_management/api_calls
Ai_feature_management,ai_feature_management,api_scan_modules,ACTION,NONE,GAP,"",admin/Ai_feature_management/api_scan_modules
Ai_feature_management,ai_feature_management,api_get_detected_modules,ACTION,NONE,GAP,"",admin/Ai_feature_management/api_get_detected_modules
Ai_feature_management,ai_feature_management,api_detected_modules_aggrid,ACTION,NONE,GAP,"",admin/Ai_feature_management/api_detected_modules_aggrid
Ai_feature_management,ai_feature_management,api_feature_requests_aggrid,ACTION,NONE,GAP,"",admin/Ai_feature_management/api_feature_requests_aggrid
Ai_feature_management,ai_feature_management,api_activity_log_aggrid,ACTION,NONE,GAP,"",admin/Ai_feature_management/api_activity_log_aggrid
Ai_feature_management,ai_feature_management,api_calls_aggrid,ACTION,NONE,GAP,"",admin/Ai_feature_management/api_calls_aggrid
Ai_feature_management,ai_feature_management,api_modules_activity_log_aggrid,ACTION,NONE,GAP,"",admin/Ai_feature_management/api_modules_activity_log_aggrid
Ai_feature_management,ai_feature_management,api_approve_module,ACTION,NONE,GAP,"",admin/Ai_feature_management/api_approve_module
Ai_feature_management,ai_feature_management,api_reject_module,ACTION,NONE,GAP,"",admin/Ai_feature_management/api_reject_module
Ai_feature_management,ai_feature_management,api_reset_module_status,ACTION,NONE,GAP,"",admin/Ai_feature_management/api_reset_module_status
Ai_feature_management,ai_feature_management,api_rebuild_modules_index,ACTION,NONE,GAP,"",admin/Ai_feature_management/api_rebuild_modules_index
Ai_feature_management,ai_feature_management,api_save_settings,ACTION,NONE,GAP,"",admin/Ai_feature_management/api_save_settings
Ai_feature_management,ai_feature_management,api_test_prompt,ACTION,NONE,GAP,"",admin/Ai_feature_management/api_test_prompt
Ai_feature_management,ai_feature_management,api_test_connection,ACTION,NONE,GAP,"",admin/Ai_feature_management/api_test_connection
Ai_feature_management,ai_feature_management,api_module_overview,ACTION,NONE,GAP,"",admin/Ai_feature_management/api_module_overview
Ai_feature_management,ai_feature_management,api_feature_trace,ACTION,NONE,GAP,"",admin/Ai_feature_management/api_feature_trace
Ai_feature_management,ai_feature_management,api_analyze_module,ACTION,NONE,GAP,"",admin/Ai_feature_management/api_analyze_module
Ai_feature_management,ai_feature_management,api_approve_all_modules,ACTION,NONE,GAP,"",admin/Ai_feature_management/api_approve_all_modules
Ai_feature_management,ai_feature_management,api_analyze_all_modules,ACTION,NONE,GAP,"",admin/Ai_feature_management/api_analyze_all_modules
Ai_feature_management,ai_feature_management,api_scan_changes,ACTION,NONE,GAP,"",admin/Ai_feature_management/api_scan_changes
Ai_feature_management,ai_feature_management,api_get_module_metadata,ACTION,NONE,GAP,"",admin/Ai_feature_management/api_get_module_metadata
Ai_feature_management,ai_feature_management,api_vector_store_status,ACTION,NONE,GAP,"",admin/Ai_feature_management/api_vector_store_status
Ai_feature_management,ai_feature_management,api_vector_store_create,ACTION,NONE,GAP,"",admin/Ai_feature_management/api_vector_store_create
Ai_feature_management,ai_feature_management,api_vector_sync_module,ACTION,NONE,GAP,"",admin/Ai_feature_management/api_vector_sync_module
Ai_feature_management,ai_feature_management,api_vector_sync_all,ACTION,NONE,GAP,"",admin/Ai_feature_management/api_vector_sync_all
Ai_feature_management,ai_feature_management,convert_ticket,ACTION,NONE,GAP,"",admin/Ai_feature_management/convert_ticket
Ai_feature_management,ai_feature_management,ticket_conversion_status,ACTION,NONE,GAP,"",admin/Ai_feature_management/ticket_conversion_status
Ai_feature_management,ai_feature_management,update_converted_request,ACTION,NONE,GAP,"",admin/Ai_feature_management/update_converted_request
Ai_feature_management,ai_feature_management,analyze,ACTION,NONE,GAP,"",admin/Ai_feature_management/analyze
Ai_feature_management,ai_feature_management,create_assistant,ACTION,NONE,GAP,"",admin/Ai_feature_management/create_assistant
Ai_feature_management,ai_feature_management,test_assistant,ACTION,NONE,GAP,"",admin/Ai_feature_management/test_assistant
Ai_feature_management,ai_feature_management,sync_vector_store,ACTION,NONE,GAP,"",admin/Ai_feature_management/sync_vector_store
Ai_feature_management,ai_feature_management,api_vector_modules_status,ACTION,NONE,GAP,"",admin/Ai_feature_management/api_vector_modules_status
Ai_feature_management,ai_feature_management,api_activity_logs,ACTION,NONE,GAP,"",admin/Ai_feature_management/api_activity_logs
Ai_feature_management,ai_feature_management,api_activity_summary,ACTION,NONE,GAP,"",admin/Ai_feature_management/api_activity_summary
Ai_feature_management,ai_feature_management,api_module_activity,ACTION,NONE,GAP,"",admin/Ai_feature_management/api_module_activity
Ai_feature_management,ai_feature_management,api_module_file_tree,ACTION,NONE,GAP,"",admin/Ai_feature_management/api_module_file_tree
Ai_feature_management,ai_feature_management,api_all_modules_file_status,ACTION,NONE,GAP,"",admin/Ai_feature_management/api_all_modules_file_status
Ai_feature_management,ai_feature_management,api_files_needing_sync,ACTION,NONE,GAP,"",admin/Ai_feature_management/api_files_needing_sync
Ai_feature_management,ai_feature_management,api_vector_verify,ACTION,NONE,GAP,"",admin/Ai_feature_management/api_vector_verify
Ai_feature_management,ai_feature_management,api_vector_list_files,ACTION,NONE,GAP,"",admin/Ai_feature_management/api_vector_list_files
Ai_feature_management,ai_feature_management,api_vector_cleanup_orphaned,ACTION,NONE,GAP,"",admin/Ai_feature_management/api_vector_cleanup_orphaned
Ai_feature_management,ai_feature_management,api_vector_cleanup_duplicates,ACTION,NONE,GAP,"",admin/Ai_feature_management/api_vector_cleanup_duplicates
Ai_feature_management,ai_feature_management,api_vector_resync_module,ACTION,NONE,GAP,"",admin/Ai_feature_management/api_vector_resync_module
Ai_feature_management,ai_feature_management,api_vector_modules_needing_resync,ACTION,NONE,GAP,"",admin/Ai_feature_management/api_vector_modules_needing_resync
Ai_feature_management,ai_feature_management,api_vector_fix_empty_modules,ACTION,NONE,GAP,"",admin/Ai_feature_management/api_vector_fix_empty_modules
Ai_feature_management,ai_feature_management,api_vector_reconcile,ACTION,NONE,GAP,"",admin/Ai_feature_management/api_vector_reconcile
Ai_feature_management,ai_feature_management,api,ACTION,NONE,GAP,"",admin/Ai_feature_management/api
Ai_feature_management_api,ai_feature_management_api,timeline,ACTION,NONE,GAP,"",admin/Ai_feature_management_api/timeline
Ai_feature_management_api,ai_feature_management_api,search_erp_tasks,ACTION,NONE,GAP,"",admin/Ai_feature_management_api/search_erp_tasks
Ai_feature_management_api,ai_feature_management_api,convert_ticket,ACTION,NONE,GAP,"",admin/Ai_feature_management_api/convert_ticket
Ai_feature_management_api,ai_feature_management_api,recompute_schedule,ACTION,NONE,GAP,"",admin/Ai_feature_management_api/recompute_schedule
Ai_feature_management_api,ai_feature_management_api,upload,ACTION,NONE,GAP,"",admin/Ai_feature_management_api/upload
Ai_feature_management_api,ai_feature_management_api,analyze,ACTION,NONE,GAP,"",admin/Ai_feature_management_api/analyze
Ai_feature_management_api,ai_feature_management_api,analyze_impact,ACTION,NONE,GAP,"",admin/Ai_feature_management_api/analyze_impact
Ai_feature_management_api,ai_feature_management_api,get_impact_analysis,VALIDATE,NONE,GAP,"",admin/Ai_feature_management_api/get_impact_analysis
Ai_feature_management_api,ai_feature_management_api,setup_impact_analyzer,ACTION,NONE,GAP,"",admin/Ai_feature_management_api/setup_impact_analyzer
Ai_feature_management_api,ai_feature_management_api,features_by_module,ACTION,NONE,GAP,"",admin/Ai_feature_management_api/features_by_module
Ai_feature_management_api,ai_feature_management_api,ticket_conversion_status,ACTION,NONE,GAP,"",admin/Ai_feature_management_api/ticket_conversion_status
Ai_feature_management_api,ai_feature_management_api,update_converted_request,ACTION,NONE,GAP,"",admin/Ai_feature_management_api/update_converted_request
Ai_feature_management_api,ai_feature_management_api,feature_details,ACTION,NONE,GAP,"",admin/Ai_feature_management_api/feature_details
Ai_feature_management_api,ai_feature_management_api,debug_last_request,ACTION,NONE,GAP,"",admin/Ai_feature_management_api/debug_last_request
Ai_feature_management_api,ai_feature_management_api,spec_draft,ACTION,NONE,GAP,"",admin/Ai_feature_management_api/spec_draft
Ai_feature_management_api,ai_feature_management_api,api_calls,ACTION,NONE,GAP,"",admin/Ai_feature_management_api/api_calls
Ai_feature_management_api,ai_feature_management_api,feature_trace,ACTION,NONE,GAP,"",admin/Ai_feature_management_api/feature_trace
Ai_feature_management_api,ai_feature_management_api,save_module_summary,ACTION,NONE,GAP,"",admin/Ai_feature_management_api/save_module_summary
Ai_feature_management_api,ai_feature_management_api,module_overview,ACTION,NONE,GAP,"",admin/Ai_feature_management_api/module_overview
Ai_feature_management_api,ai_feature_management_api,publish,ACTION,NONE,GAP,"",admin/Ai_feature_management_api/publish
Ai_feature_management_api,ai_feature_management_api,reorder,ACTION,NONE,GAP,"",admin/Ai_feature_management_api/reorder
Ai_feature_management_api,ai_feature_management_api,task_queue_info,ACTION,NONE,GAP,"",admin/Ai_feature_management_api/task_queue_info
Ai_feature_management_api,ai_feature_management_api,hours_summary,ACTION,NONE,GAP,"",admin/Ai_feature_management_api/hours_summary
Ai_feature_management_api,ai_feature_management_api,feature_delete,ACTION,NONE,GAP,"",admin/Ai_feature_management_api/feature_delete
Ai_feature_management_api,ai_feature_management_api,feature_restore,ACTION,NONE,GAP,"",admin/Ai_feature_management_api/feature_restore
Ai_feature_management_api,ai_feature_management_api,feature_purge,ACTION,NONE,GAP,"",admin/Ai_feature_management_api/feature_purge
Ai_feature_management_api,ai_feature_management_api,bin_list,ACTION,NONE,GAP,"",admin/Ai_feature_management_api/bin_list
Ai_feature_management_api,ai_feature_management_api,estimate,ACTION,NONE,GAP,"",admin/Ai_feature_management_api/estimate
Ai_feature_management_api,ai_feature_management_api,test_gateway_connection,ACTION,NONE,GAP,"",admin/Ai_feature_management_api/test_gateway_connection
Ai_feature_management_api,ai_feature_management_api,save_settings,ACTION,NONE,GAP,"",admin/Ai_feature_management_api/save_settings
Ai_feature_management_api,ai_feature_management_api,test_prompt,ACTION,NONE,GAP,"",admin/Ai_feature_management_api/test_prompt
Ai_feature_management_api,ai_feature_management_api,test_connection,ACTION,NONE,GAP,"",admin/Ai_feature_management_api/test_connection
Ai_feature_management_api,ai_feature_management_api,scan_modules,ACTION,NONE,GAP,"",admin/Ai_feature_management_api/scan_modules
Ai_feature_management_api,ai_feature_management_api,get_detected_modules,VALIDATE,NONE,GAP,"",admin/Ai_feature_management_api/get_detected_modules
Ai_feature_management_api,ai_feature_management_api,approve_module,ACTION,NONE,GAP,"",admin/Ai_feature_management_api/approve_module
Ai_feature_management_api,ai_feature_management_api,reject_module,ACTION,NONE,GAP,"",admin/Ai_feature_management_api/reject_module
Ai_feature_management_api,ai_feature_management_api,reset_module_status,ACTION,NONE,GAP,"",admin/Ai_feature_management_api/reset_module_status
Ai_feature_management_api,ai_feature_management_api,rebuild_modules_index,ACTION,NONE,GAP,"",admin/Ai_feature_management_api/rebuild_modules_index
Ai_feature_management_api,ai_feature_management_api,analyze_module,ACTION,NONE,GAP,"",admin/Ai_feature_management_api/analyze_module
Ai_feature_management_api,ai_feature_management_api,analyze_all_modules,ACTION,NONE,GAP,"",admin/Ai_feature_management_api/analyze_all_modules
Ai_feature_management_api,ai_feature_management_api,scan_changes,ACTION,NONE,GAP,"",admin/Ai_feature_management_api/scan_changes
Ai_feature_management_api,ai_feature_management_api,get_module_metadata,VALIDATE,NONE,GAP,"",admin/Ai_feature_management_api/get_module_metadata
Ai_feature_management_api,ai_feature_management_api,vector_store_create_or_check,ACTION,NONE,GAP,"",admin/Ai_feature_management_api/vector_store_create_or_check
Ai_feature_management_api,ai_feature_management_api,vector_sync_module,ACTION,NONE,GAP,"",admin/Ai_feature_management_api/vector_sync_module
Ai_feature_management_api,ai_feature_management_api,vector_sync_all,ACTION,NONE,GAP,"",admin/Ai_feature_management_api/vector_sync_all
Ai_feature_management_api,ai_feature_management_api,vector_store_status,ACTION,NONE,GAP,"",admin/Ai_feature_management_api/vector_store_status
Ai_feature_management_api,ai_feature_management_api,vector_store_settings,ACTION,NONE,GAP,"",admin/Ai_feature_management_api/vector_store_settings
Ai_feature_management_api,ai_feature_management_api,vector_modules_status,ACTION,NONE,GAP,"",admin/Ai_feature_management_api/vector_modules_status
Ai_feature_management_api,ai_feature_management_api,impact_analysis,ACTION,NONE,GAP,"",admin/Ai_feature_management_api/impact_analysis
Ai_feature_management_api,ai_feature_management_api,create_assistant,ACTION,NONE,GAP,"",admin/Ai_feature_management_api/create_assistant
Ai_feature_management_api,ai_feature_management_api,test_assistant,ACTION,NONE,GAP,"",admin/Ai_feature_management_api/test_assistant
Ai_feature_management_api,ai_feature_management_api,sync_vector_store,ACTION,NONE,GAP,"",admin/Ai_feature_management_api/sync_vector_store
Ai_feature_management_api,ai_feature_management_api,diagnose_keys,ACTION,NONE,GAP,"",admin/Ai_feature_management_api/diagnose_keys
Ai_feature_management_api,ai_feature_management_api,fetch_openai_models,ACTION,NONE,GAP,"",admin/Ai_feature_management_api/fetch_openai_models
Ai_feature_management_api,ai_feature_management_api,fetch_openai_assistants,ACTION,NONE,GAP,"",admin/Ai_feature_management_api/fetch_openai_assistants
Ai_feature_management_api,ai_feature_management_api,get_api_versions,VALIDATE,NONE,GAP,"",admin/Ai_feature_management_api/get_api_versions
Ai_gateway,ai_gateway,index,LIST,NONE,GAP,"",admin/Ai_gateway/index
Ai_gateway,ai_gateway,developer_guide,ACTION,NONE,GAP,"",admin/Ai_gateway/developer_guide
Ai_gateway,ai_gateway,providers,ACTION,NONE,GAP,"",admin/Ai_gateway/providers
Ai_gateway,ai_gateway,add_provider,ACTION,NONE,GAP,"",admin/Ai_gateway/add_provider
Ai_gateway,ai_gateway,edit_provider,ACTION,NONE,GAP,"",admin/Ai_gateway/edit_provider
Ai_gateway,ai_gateway,delete_provider,DELETE,NONE,GAP,"",admin/Ai_gateway/delete_provider
Ai_gateway,ai_gateway,models,ACTION,NONE,GAP,"",admin/Ai_gateway/models
Ai_gateway,ai_gateway,add_model,ACTION,NONE,GAP,"",admin/Ai_gateway/add_model
Ai_gateway,ai_gateway,edit_model,ACTION,NONE,GAP,"",admin/Ai_gateway/edit_model
Ai_gateway,ai_gateway,sync_models,ACTION,NONE,GAP,"",admin/Ai_gateway/sync_models
Ai_gateway,ai_gateway,get_provider_models,VALIDATE,NONE,GAP,"",admin/Ai_gateway/get_provider_models
Ai_gateway,ai_gateway,api_keys,ACTION,NONE,GAP,"",admin/Ai_gateway/api_keys
Ai_gateway,ai_gateway,add_api_key,ACTION,NONE,GAP,"",admin/Ai_gateway/add_api_key
Ai_gateway,ai_gateway,delete_api_key,DELETE,NONE,GAP,"",admin/Ai_gateway/delete_api_key
Ai_gateway,ai_gateway,logs,ACTION,NONE,GAP,"",admin/Ai_gateway/logs
Ai_gateway,ai_gateway,view_log,ACTION,NONE,GAP,"",admin/Ai_gateway/view_log
Ai_gateway,ai_gateway,prompt_versions_aggrid,ACTION,NONE,GAP,"",admin/Ai_gateway/prompt_versions_aggrid
Ai_gateway,ai_gateway,get_prompt_by_version,VALIDATE,NONE,GAP,"",admin/Ai_gateway/get_prompt_by_version
Ai_gateway,ai_gateway,reports,ACTION,NONE,GAP,"",admin/Ai_gateway/reports
Ai_gateway,ai_gateway,settings,ACTION,NONE,GAP,"",admin/Ai_gateway/settings
Ai_gateway,ai_gateway,health_check,ACTION,NONE,GAP,"",admin/Ai_gateway/health_check
Ai_gateway,ai_gateway,usage_by_module_aggrid,ACTION,NONE,GAP,"",admin/Ai_gateway/usage_by_module_aggrid
Ai_gateway,ai_gateway,usage_by_provider_aggrid,ACTION,NONE,GAP,"",admin/Ai_gateway/usage_by_provider_aggrid
Ai_gateway,ai_gateway,recent_logs_aggrid,ACTION,NONE,GAP,"",admin/Ai_gateway/recent_logs_aggrid
Ai_gateway,ai_gateway,providers_aggrid,ACTION,NONE,GAP,"",admin/Ai_gateway/providers_aggrid
Ai_gateway,ai_gateway,models_aggrid,ACTION,NONE,GAP,"",admin/Ai_gateway/models_aggrid
Ai_gateway,ai_gateway,api_keys_aggrid,ACTION,NONE,GAP,"",admin/Ai_gateway/api_keys_aggrid
Ai_gateway,ai_gateway,logs_aggrid,ACTION,NONE,GAP,"",admin/Ai_gateway/logs_aggrid
Ai_gateway,ai_gateway,cost_summary_aggrid,ACTION,NONE,GAP,"",admin/Ai_gateway/cost_summary_aggrid
Ai_gateway,ai_gateway,usage_by_module_report_aggrid,ACTION,NONE,GAP,"",admin/Ai_gateway/usage_by_module_report_aggrid
Ai_gateway,ai_gateway,usage_by_feature_aggrid,ACTION,NONE,GAP,"",admin/Ai_gateway/usage_by_feature_aggrid
Ai_gateway,ai_gateway,prompts,ACTION,NONE,GAP,"",admin/Ai_gateway/prompts
Ai_gateway,ai_gateway,prompts_aggrid,ACTION,NONE,GAP,"",admin/Ai_gateway/prompts_aggrid
Ai_gateway,ai_gateway,prompt_history,ACTION,NONE,GAP,"",admin/Ai_gateway/prompt_history
Ai_gateway,ai_gateway,prompt_history_aggrid,ACTION,NONE,GAP,"",admin/Ai_gateway/prompt_history_aggrid
Ai_gateway,ai_gateway,get_history_detail,VALIDATE,NONE,GAP,"",admin/Ai_gateway/get_history_detail
Ai_gateway_api,ai_gateway_api,execute_prompt,ACTION,NONE,GAP,"",admin/Ai_gateway_api/execute_prompt
Ai_gateway_api,ai_gateway_api,get_usage_stats,VALIDATE,NONE,GAP,"",admin/Ai_gateway_api/get_usage_stats
Ai_gateway_api,ai_gateway_api,health_check,ACTION,NONE,GAP,"",admin/Ai_gateway_api/health_check
Ai_gateway_api,ai_gateway_api,get_models,VALIDATE,NONE,GAP,"",admin/Ai_gateway_api/get_models
Ai_gateway_api,ai_gateway_api,get_logs,VALIDATE,NONE,GAP,"",admin/Ai_gateway_api/get_logs
Ai_gateway_api,ai_gateway_api,export_logs,ACTION,NONE,GAP,"",admin/Ai_gateway_api/export_logs
Ai_gateway_test,ai_gateway_test,index,LIST,NONE,GAP,"",admin/Ai_gateway_test/index
Ai_gateway_test,ai_gateway_test,health_check,ACTION,NONE,GAP,"",admin/Ai_gateway_test/health_check
Ai_gateway_test,ai_gateway_test,settings,ACTION,NONE,GAP,"",admin/Ai_gateway_test/settings
Ai_gateway_test,ai_gateway_test,settings_aggrid,ACTION,NONE,GAP,"",admin/Ai_gateway_test/settings_aggrid
Ai_gateway_test,ai_gateway_test,add_setting,ACTION,NONE,GAP,"",admin/Ai_gateway_test/add_setting
Ai_gateway_test,ai_gateway_test,edit_setting,ACTION,NONE,GAP,"",admin/Ai_gateway_test/edit_setting
Ai_gateway_test,ai_gateway_test,delete_setting,DELETE,NONE,GAP,"",admin/Ai_gateway_test/delete_setting
Ai_gateway_test,ai_gateway_test,toggle_setting,ACTION,NONE,GAP,"",admin/Ai_gateway_test/toggle_setting
Ai_gateway_test,ai_gateway_test,view_log,ACTION,NONE,GAP,"",admin/Ai_gateway_test/view_log
Admin_api,admin_api,can_impersonate_get,ACTION,NONE,GAP,"",admin/Admin_api/can_impersonate_get
Admin_api,admin_api,staff_get,ACTION,NONE,GAP,"",admin/Admin_api/staff_get
Admin_api,admin_api,impersonate_start_post,ACTION,NONE,GAP,"",admin/Admin_api/impersonate_start_post
Admin_api,admin_api,impersonate_stop_post,ACTION,NONE,GAP,"",admin/Admin_api/impersonate_stop_post
Advance_leads_api,advance_leads_api,data_get,ACTION,NONE,GAP,"",admin/Advance_leads_api/data_get
Advance_leads_api,advance_leads_api,data_post,ACTION,NONE,GAP,"",admin/Advance_leads_api/data_post
Advance_leads_api,advance_leads_api,data_put,ACTION,NONE,GAP,"",admin/Advance_leads_api/data_put
Advance_leads_api,advance_leads_api,data_delete,ACTION,NONE,GAP,"",admin/Advance_leads_api/data_delete
Advance_leads_api,advance_leads_api,details_get,ACTION,NONE,GAP,"",admin/Advance_leads_api/details_get
Advance_leads_api,advance_leads_api,details_post,ACTION,NONE,GAP,"",admin/Advance_leads_api/details_post
Advance_leads_api,advance_leads_api,statuses_get,ACTION,NONE,GAP,"",admin/Advance_leads_api/statuses_get
Advance_leads_api,advance_leads_api,statuses_post,ACTION,NONE,GAP,"",admin/Advance_leads_api/statuses_post
Advance_leads_api,advance_leads_api,activities_post,ACTION,NONE,GAP,"",admin/Advance_leads_api/activities_post
Api,api,api_management,ACTION,NONE,GAP,"",admin/Api/api_management
Api,api,api_guide,ACTION,NONE,GAP,"",admin/Api/api_guide
Api,api,user,ACTION,NONE,GAP,"",admin/Api/user
Api,api,create_user,ACTION,NONE,GAP,"",admin/Api/create_user
Api,api,edit_user,ACTION,NONE,GAP,"",admin/Api/edit_user
Api,api,delete_user,DELETE,NONE,GAP,"",admin/Api/delete_user
Api,api,delete_dashboard_profile,DELETE,NONE,GAP,"",admin/Api/delete_dashboard_profile
Api,api,dashboard_workbench,ACTION,NONE,GAP,"",admin/Api/dashboard_workbench
API_Controller,api_controller,api_return,ACTION,NONE,GAP,"",admin/API_Controller/api_return
Automation_api,automation_api,data_get,ACTION,NONE,GAP,"",admin/Automation_api/data_get
Automation_api,automation_api,data_post,ACTION,NONE,GAP,"",admin/Automation_api/data_post
Automation_api,automation_api,data_put,ACTION,NONE,GAP,"",admin/Automation_api/data_put
Automation_api,automation_api,data_delete,ACTION,NONE,GAP,"",admin/Automation_api/data_delete
Automation_api,automation_api,triggers_post,ACTION,NONE,GAP,"",admin/Automation_api/triggers_post
Automation_api,automation_api,actions_post,ACTION,NONE,GAP,"",admin/Automation_api/actions_post
Automation_api,automation_api,activate_put,ACTION,NONE,GAP,"",admin/Automation_api/activate_put
Budget_api,budget_api,reject_post,ACTION,NONE,GAP,"",admin/Budget_api/reject_post
Budget_api,budget_api,items_get,ACTION,NONE,GAP,"",admin/Budget_api/items_get
Budget_api,budget_api,items_post,ACTION,NONE,GAP,"",admin/Budget_api/items_post
Budget_api,budget_api,items_put,ACTION,NONE,GAP,"",admin/Budget_api/items_put
Budget_api,budget_api,items_delete,ACTION,NONE,GAP,"",admin/Budget_api/items_delete
Budget_api,budget_api,categories_get,ACTION,NONE,GAP,"",admin/Budget_api/categories_get
Budget_api,budget_api,units_get,ACTION,NONE,GAP,"",admin/Budget_api/units_get
Budget_api,budget_api,specifications_get,ACTION,NONE,GAP,"",admin/Budget_api/specifications_get
Budget_api,budget_api,approve_post,ACTION,NONE,GAP,"",admin/Budget_api/approve_post
Budget_api,budget_api,item_specs_get,ACTION,NONE,GAP,"",admin/Budget_api/item_specs_get
Budget_api,budget_api,item_specs_post,ACTION,NONE,GAP,"",admin/Budget_api/item_specs_post
Budget_api,budget_api,item_specs_put,ACTION,NONE,GAP,"",admin/Budget_api/item_specs_put
Budget_api,budget_api,item_specs_delete,ACTION,NONE,GAP,"",admin/Budget_api/item_specs_delete
Budget_api,budget_api,kits_get,ACTION,NONE,GAP,"",admin/Budget_api/kits_get
Budget_api,budget_api,kit_items_get,ACTION,NONE,GAP,"",admin/Budget_api/kit_items_get
Budget_api,budget_api,kit_items_post,ACTION,NONE,GAP,"",admin/Budget_api/kit_items_post
Budget_api,budget_api,kit_items_put,ACTION,NONE,GAP,"",admin/Budget_api/kit_items_put
Budget_api,budget_api,kit_items_delete,ACTION,NONE,GAP,"",admin/Budget_api/kit_items_delete
Business_partners_api,business_partners_api,data_get,ACTION,NONE,GAP,"",admin/Business_partners_api/data_get
Business_partners_api,business_partners_api,data_post,ACTION,NONE,GAP,"",admin/Business_partners_api/data_post
Business_partners_api,business_partners_api,data_put,ACTION,NONE,GAP,"",admin/Business_partners_api/data_put
Business_partners_api,business_partners_api,data_delete,ACTION,NONE,GAP,"",admin/Business_partners_api/data_delete
Business_partners_api,business_partners_api,groups_get,ACTION,NONE,GAP,"",admin/Business_partners_api/groups_get
Business_partners_api,business_partners_api,activity_get,ACTION,NONE,GAP,"",admin/Business_partners_api/activity_get
Calendar,calendar,data_get,ACTION,calendar,GAP,"",admin/Calendar/data_get
Calendar,calendar,data_post,ACTION,calendar,GAP,"",admin/Calendar/data_post
Calendar,calendar,data_put,ACTION,calendar,GAP,"",admin/Calendar/data_put
Calendar,calendar,data_delete,ACTION,calendar,GAP,"",admin/Calendar/data_delete
Common,common,data_get,ACTION,NONE,GAP,"",admin/Common/data_get
Common,common,expense_category,ACTION,NONE,GAP,"",admin/Common/expense_category
Common,common,payment_mode,ACTION,NONE,GAP,"",admin/Common/payment_mode
Common,common,tax_data,ACTION,NONE,GAP,"",admin/Common/tax_data
Contacts,contacts,detail_get,ACTION,contacts,GAP,"",admin/Contacts/detail_get
Contacts,contacts,data_get,ACTION,contacts,GAP,"",admin/Contacts/data_get
Contacts,contacts,data_search_get,ACTION,contacts,GAP,"",admin/Contacts/data_search_get
Contacts,contacts,data_post,ACTION,contacts,GAP,"",admin/Contacts/data_post
Contacts,contacts,data_delete,ACTION,contacts,GAP,"",admin/Contacts/data_delete
Contacts,contacts,data_put,ACTION,contacts,GAP,"",admin/Contacts/data_put
Contacts,contacts,client_id_check,ACTION,contacts,GAP,"",admin/Contacts/client_id_check
Contracts,contracts,sign_post,ACTION,contracts,YES,"",admin/Contracts/sign_post
Contracts,contracts,send_post,ACTION,contracts,YES,"",admin/Contracts/send_post
Contracts,contracts,renew_post,ACTION,contracts,YES,"",admin/Contracts/renew_post
Contracts,contracts,data_get,ACTION,contracts,GAP,"",admin/Contracts/data_get
Contracts,contracts,data_delete,ACTION,contracts,GAP,"",admin/Contracts/data_delete
Contracts,contracts,data_post,ACTION,contracts,GAP,"",admin/Contracts/data_post
Contracts,contracts,validate_contract_number,ACTION,contracts,GAP,"",admin/Contracts/validate_contract_number
Core_crm_api,core_crm_api,entity_post,ACTION,NONE,GAP,"",admin/Core_crm_api/entity_post
Cost_centers_api,cost_centers_api,data_get,ACTION,NONE,GAP,"",admin/Cost_centers_api/data_get
Cost_centers_api,cost_centers_api,data_post,ACTION,NONE,GAP,"",admin/Cost_centers_api/data_post
Cost_centers_api,cost_centers_api,data_put,ACTION,NONE,GAP,"",admin/Cost_centers_api/data_put
Cost_centers_api,cost_centers_api,data_delete,ACTION,NONE,GAP,"",admin/Cost_centers_api/data_delete
Cost_centers_api,cost_centers_api,members_get,ACTION,NONE,GAP,"",admin/Cost_centers_api/members_get
Cost_centers_api,cost_centers_api,members_post,ACTION,NONE,GAP,"",admin/Cost_centers_api/members_post
Cost_centers_api,cost_centers_api,members_delete,ACTION,NONE,GAP,"",admin/Cost_centers_api/members_delete
Cost_centers_api,cost_centers_api,supervisors_get,ACTION,NONE,GAP,"",admin/Cost_centers_api/supervisors_get
Cost_centers_api,cost_centers_api,supervisors_post,ACTION,NONE,GAP,"",admin/Cost_centers_api/supervisors_post
Cost_centers_api,cost_centers_api,supervisors_delete,ACTION,NONE,GAP,"",admin/Cost_centers_api/supervisors_delete
Cost_centers_api,cost_centers_api,hierarchy_get,ACTION,NONE,GAP,"",admin/Cost_centers_api/hierarchy_get
Cost_centers_api,cost_centers_api,analytics_get,ACTION,NONE,GAP,"",admin/Cost_centers_api/analytics_get
Cost_centers_api,cost_centers_api,activity_get,ACTION,NONE,GAP,"",admin/Cost_centers_api/activity_get
Credit_notes,credit_notes,data_get,ACTION,credit_notes,GAP,"",admin/Credit_notes/data_get
Credit_notes,credit_notes,data_search_get,ACTION,credit_notes,GAP,"",admin/Credit_notes/data_search_get
Credit_notes,credit_notes,data_delete,ACTION,credit_notes,GAP,"",admin/Credit_notes/data_delete
Credit_notes,credit_notes,data_post,ACTION,credit_notes,GAP,"",admin/Credit_notes/data_post
Credit_notes,credit_notes,validate_creditnotes_number,ACTION,credit_notes,GAP,"",admin/Credit_notes/validate_creditnotes_number
Credit_notes,credit_notes,data_put,ACTION,credit_notes,GAP,"",admin/Credit_notes/data_put
Customers,customers,data_get,ACTION,customers,GAP,"",admin/Customers/data_get
Customers,customers,count_get,ACTION,customers,GAP,"",admin/Customers/count_get
Customers,customers,data_search_get,ACTION,customers,GAP,"",admin/Customers/data_search_get
Customers,customers,data_post,ACTION,customers,GAP,"",admin/Customers/data_post
Customers,customers,data_delete,ACTION,customers,GAP,"",admin/Customers/data_delete
Customers,customers,data_put,ACTION,customers,GAP,"",admin/Customers/data_put
Custom_fields,custom_fields,data_get,ACTION,NONE,GAP,"",admin/Custom_fields/data_get
Custom_modules_api,custom_modules_api,entity_post,ACTION,NONE,GAP,"",admin/Custom_modules_api/entity_post
Custom_statuses_api,custom_statuses_api,data_get,ACTION,NONE,GAP,"",admin/Custom_statuses_api/data_get
Custom_statuses_api,custom_statuses_api,data_post,ACTION,NONE,GAP,"",admin/Custom_statuses_api/data_post
Custom_statuses_api,custom_statuses_api,data_put,ACTION,NONE,GAP,"",admin/Custom_statuses_api/data_put
Custom_statuses_api,custom_statuses_api,data_delete,ACTION,NONE,GAP,"",admin/Custom_statuses_api/data_delete
Dashboard_api,dashboard_api,profile_get,ACTION,NONE,GAP,"",admin/Dashboard_api/profile_get
Dashboard_api,dashboard_api,profile_put,ACTION,NONE,GAP,"",admin/Dashboard_api/profile_put
Dashboard_api,dashboard_api,override_delete,ACTION,NONE,GAP,"",admin/Dashboard_api/override_delete
Dashboard_api,dashboard_api,widgets_get,ACTION,NONE,GAP,"",admin/Dashboard_api/widgets_get
Dashboard_api,dashboard_api,profiles_get,ACTION,NONE,GAP,"",admin/Dashboard_api/profiles_get
Deployment_plans_api,deployment_plans_api,data_get,ACTION,NONE,GAP,"",admin/Deployment_plans_api/data_get
Deployment_plans_api,deployment_plans_api,data_post,ACTION,NONE,GAP,"",admin/Deployment_plans_api/data_post
Deployment_plans_api,deployment_plans_api,data_put,ACTION,NONE,GAP,"",admin/Deployment_plans_api/data_put
Deployment_plans_api,deployment_plans_api,data_delete,ACTION,NONE,GAP,"",admin/Deployment_plans_api/data_delete
Deployment_plans_api,deployment_plans_api,details_get,ACTION,NONE,GAP,"",admin/Deployment_plans_api/details_get
Deployment_plans_api,deployment_plans_api,details_post,ACTION,NONE,GAP,"",admin/Deployment_plans_api/details_post
Deployment_plans_api,deployment_plans_api,details_put,ACTION,NONE,GAP,"",admin/Deployment_plans_api/details_put
Deployment_plans_api,deployment_plans_api,details_delete,ACTION,NONE,GAP,"",admin/Deployment_plans_api/details_delete
Deployment_plans_api,deployment_plans_api,relocations_get,ACTION,NONE,GAP,"",admin/Deployment_plans_api/relocations_get
Deployment_plans_api,deployment_plans_api,relocations_post,ACTION,NONE,GAP,"",admin/Deployment_plans_api/relocations_post
Deployment_plans_api,deployment_plans_api,po_items_get,ACTION,NONE,GAP,"",admin/Deployment_plans_api/po_items_get
Dewa_contacts_api,dewa_contacts_api,data_get,ACTION,NONE,GAP,"",admin/Dewa_contacts_api/data_get
Dewa_contacts_api,dewa_contacts_api,data_post,ACTION,NONE,GAP,"",admin/Dewa_contacts_api/data_post
Dewa_contacts_api,dewa_contacts_api,data_put,ACTION,NONE,GAP,"",admin/Dewa_contacts_api/data_put
Dewa_contacts_api,dewa_contacts_api,data_delete,ACTION,NONE,GAP,"",admin/Dewa_contacts_api/data_delete
Dms_api,dms_api,data_get,ACTION,NONE,GAP,"",admin/Dms_api/data_get
Dms_api,dms_api,data_post,ACTION,NONE,GAP,"",admin/Dms_api/data_post
Dms_api,dms_api,data_put,ACTION,NONE,GAP,"",admin/Dms_api/data_put
Dms_api,dms_api,data_delete,ACTION,NONE,GAP,"",admin/Dms_api/data_delete
Domain_lookup_api,domain_lookup_api,data_get,ACTION,NONE,GAP,"",admin/Domain_lookup_api/data_get
Env_ver,env_ver,index,LIST,NONE,GAP,"",admin/Env_ver/index
Env_ver,env_ver,activate,ACTION,NONE,GAP,"",admin/Env_ver/activate
Env_ver,env_ver,upgrade_database,TAB,NONE,GAP,"",admin/Env_ver/upgrade_database
Estimates,estimates,send_post,ACTION,estimates,YES,"",admin/Estimates/send_post
Estimates,estimates,convert_to_invoice_post,ACTION,estimates,YES,"",admin/Estimates/convert_to_invoice_post
Estimates,estimates,mark_sent_put,ACTION,estimates,YES,"",admin/Estimates/mark_sent_put
Estimates,estimates,mark_declined_put,ACTION,estimates,YES,"",admin/Estimates/mark_declined_put
Estimates,estimates,mark_accepted_put,ACTION,estimates,YES,"",admin/Estimates/mark_accepted_put
Estimates,estimates,data_get,ACTION,estimates,GAP,"",admin/Estimates/data_get
Estimates,estimates,data_search_get,ACTION,estimates,GAP,"",admin/Estimates/data_search_get
Estimates,estimates,data_delete,ACTION,estimates,GAP,"",admin/Estimates/data_delete
Estimates,estimates,data_post,ACTION,estimates,GAP,"",admin/Estimates/data_post
Estimates,estimates,validate_estimate_number,ACTION,estimates,GAP,"",admin/Estimates/validate_estimate_number
Estimates,estimates,data_put,ACTION,estimates,GAP,"",admin/Estimates/data_put
Expenses,expenses,mark_billable_put,ACTION,expenses,YES,"",admin/Expenses/mark_billable_put
Expenses,expenses,mark_not_billable_put,ACTION,expenses,YES,"",admin/Expenses/mark_not_billable_put
Expenses,expenses,copy_post,ACTION,expenses,YES,"",admin/Expenses/copy_post
Expenses,expenses,data_get,ACTION,expenses,GAP,"",admin/Expenses/data_get
Expenses,expenses,data_search_get,ACTION,expenses,GAP,"",admin/Expenses/data_search_get
Expenses,expenses,data_delete,ACTION,expenses,GAP,"",admin/Expenses/data_delete
Expenses,expenses,data_post,ACTION,expenses,GAP,"",admin/Expenses/data_post
Expenses,expenses,data_put,ACTION,expenses,GAP,"",admin/Expenses/data_put
Expenses,expenses,validate_category,ACTION,expenses,GAP,"",admin/Expenses/validate_category
Files,files,data_get,ACTION,NONE,GAP,"",admin/Files/data_get
Files,files,data_post,ACTION,NONE,GAP,"",admin/Files/data_post
Files,files,data_delete,ACTION,NONE,GAP,"",admin/Files/data_delete
Files,files,download_get,ACTION,NONE,GAP,"",admin/Files/download_get
Files,files,signed_url_get,ACTION,NONE,GAP,"",admin/Files/signed_url_get
Files,files,upload_from_url_post,UPLOAD,NONE,GAP,"",admin/Files/upload_from_url_post
Files,files,upload_bytes_post,UPLOAD,NONE,GAP,"",admin/Files/upload_bytes_post
Files_signed,files_signed,serve,ACTION,NONE,GAP,"",admin/Files_signed/serve
Fixed_equipment_api,fixed_equipment_api,allocate_put,ACTION,NONE,GAP,"",admin/Fixed_equipment_api/allocate_put
Fixed_equipment_api,fixed_equipment_api,return_put,ACTION,NONE,GAP,"",admin/Fixed_equipment_api/return_put
Fixed_equipment_api,fixed_equipment_api,data_get,ACTION,NONE,GAP,"",admin/Fixed_equipment_api/data_get
Fixed_equipment_api,fixed_equipment_api,data_post,ACTION,NONE,GAP,"",admin/Fixed_equipment_api/data_post
Fixed_equipment_api,fixed_equipment_api,data_put,ACTION,NONE,GAP,"",admin/Fixed_equipment_api/data_put
Fixed_equipment_api,fixed_equipment_api,data_delete,ACTION,NONE,GAP,"",admin/Fixed_equipment_api/data_delete
Fixed_equipment_api,fixed_equipment_api,categories_get,ACTION,NONE,GAP,"",admin/Fixed_equipment_api/categories_get
Fixed_equipment_api,fixed_equipment_api,categories_post,ACTION,NONE,GAP,"",admin/Fixed_equipment_api/categories_post
Fixed_equipment_api,fixed_equipment_api,locations_get,ACTION,NONE,GAP,"",admin/Fixed_equipment_api/locations_get
Fixed_equipment_api,fixed_equipment_api,locations_post,ACTION,NONE,GAP,"",admin/Fixed_equipment_api/locations_post
Fixed_equipment_api,fixed_equipment_api,manufacturers_get,ACTION,NONE,GAP,"",admin/Fixed_equipment_api/manufacturers_get
Fixed_equipment_api,fixed_equipment_api,manufacturers_post,ACTION,NONE,GAP,"",admin/Fixed_equipment_api/manufacturers_post
Fixed_equipment_api,fixed_equipment_api,analytics_get,ACTION,NONE,GAP,"",admin/Fixed_equipment_api/analytics_get
Gatepass_api,gatepass_api,approve_put,ACTION,NONE,GAP,"",admin/Gatepass_api/approve_put
Gatepass_api,gatepass_api,reject_put,ACTION,NONE,GAP,"",admin/Gatepass_api/reject_put
Gatepass_api,gatepass_api,close_put,ACTION,NONE,GAP,"",admin/Gatepass_api/close_put
Gatepass_api,gatepass_api,data_get,ACTION,NONE,GAP,"",admin/Gatepass_api/data_get
Gatepass_api,gatepass_api,data_post,ACTION,NONE,GAP,"",admin/Gatepass_api/data_post
Gatepass_api,gatepass_api,data_put,ACTION,NONE,GAP,"",admin/Gatepass_api/data_put
Gatepass_api,gatepass_api,data_delete,ACTION,NONE,GAP,"",admin/Gatepass_api/data_delete
Gatepass_api,gatepass_api,staff_get,ACTION,NONE,GAP,"",admin/Gatepass_api/staff_get
Gatepass_api,gatepass_api,staff_post,ACTION,NONE,GAP,"",admin/Gatepass_api/staff_post
Gatepass_api,gatepass_api,staff_delete,ACTION,NONE,GAP,"",admin/Gatepass_api/staff_delete
Gatepass_api,gatepass_api,vehicles_get,ACTION,NONE,GAP,"",admin/Gatepass_api/vehicles_get
Gatepass_api,gatepass_api,vehicles_post,ACTION,NONE,GAP,"",admin/Gatepass_api/vehicles_post
Gatepass_api,gatepass_api,vehicles_delete,ACTION,NONE,GAP,"",admin/Gatepass_api/vehicles_delete
Gatepass_api,gatepass_api,expiring_get,ACTION,NONE,GAP,"",admin/Gatepass_api/expiring_get
Global_search_api,global_search_api,data_get,ACTION,NONE,GAP,"",admin/Global_search_api/data_get
Goals_api,goals_api,mark_complete_put,ACTION,NONE,GAP,"",admin/Goals_api/mark_complete_put
Goals_api,goals_api,reopen_put,ACTION,NONE,GAP,"",admin/Goals_api/reopen_put
Goals_api,goals_api,data_get,ACTION,NONE,GAP,"",admin/Goals_api/data_get
Goals_api,goals_api,data_post,ACTION,NONE,GAP,"",admin/Goals_api/data_post
Goals_api,goals_api,data_put,ACTION,NONE,GAP,"",admin/Goals_api/data_put
Goals_api,goals_api,data_delete,ACTION,NONE,GAP,"",admin/Goals_api/data_delete
Goals_api,goals_api,summary_get,ACTION,NONE,GAP,"",admin/Goals_api/summary_get
Goals_api,goals_api,overdue_get,ACTION,NONE,GAP,"",admin/Goals_api/overdue_get
Hr_payroll_api,hr_payroll_api,payslips_get,ACTION,NONE,GAP,"",admin/Hr_payroll_api/payslips_get
Hr_payroll_api,hr_payroll_api,payslips_post,ACTION,NONE,GAP,"",admin/Hr_payroll_api/payslips_post
Hr_payroll_api,hr_payroll_api,payslips_put,ACTION,NONE,GAP,"",admin/Hr_payroll_api/payslips_put
Hr_payroll_api,hr_payroll_api,payslips_delete,ACTION,NONE,GAP,"",admin/Hr_payroll_api/payslips_delete
Hr_payroll_api,hr_payroll_api,payslips_mark_paid_put,ACTION,NONE,GAP,"",admin/Hr_payroll_api/payslips_mark_paid_put
Hr_payroll_api,hr_payroll_api,payslip_details_get,ACTION,NONE,GAP,"",admin/Hr_payroll_api/payslip_details_get
Hr_payroll_api,hr_payroll_api,payslip_details_post,ACTION,NONE,GAP,"",admin/Hr_payroll_api/payslip_details_post
Hr_payroll_api,hr_payroll_api,payslip_details_put,ACTION,NONE,GAP,"",admin/Hr_payroll_api/payslip_details_put
Hr_payroll_api,hr_payroll_api,payslip_details_delete,ACTION,NONE,GAP,"",admin/Hr_payroll_api/payslip_details_delete
Hr_payroll_api,hr_payroll_api,earning_types_get,ACTION,NONE,GAP,"",admin/Hr_payroll_api/earning_types_get
Hr_payroll_api,hr_payroll_api,earning_types_post,ACTION,NONE,GAP,"",admin/Hr_payroll_api/earning_types_post
Hr_payroll_api,hr_payroll_api,earning_types_put,ACTION,NONE,GAP,"",admin/Hr_payroll_api/earning_types_put
Hr_payroll_api,hr_payroll_api,earning_types_delete,ACTION,NONE,GAP,"",admin/Hr_payroll_api/earning_types_delete
Hr_payroll_api,hr_payroll_api,deduction_types_get,ACTION,NONE,GAP,"",admin/Hr_payroll_api/deduction_types_get
Hr_payroll_api,hr_payroll_api,deduction_types_post,ACTION,NONE,GAP,"",admin/Hr_payroll_api/deduction_types_post
Hr_payroll_api,hr_payroll_api,deduction_types_put,ACTION,NONE,GAP,"",admin/Hr_payroll_api/deduction_types_put
Hr_payroll_api,hr_payroll_api,deduction_types_delete,ACTION,NONE,GAP,"",admin/Hr_payroll_api/deduction_types_delete
Hr_payroll_api,hr_payroll_api,payroll_templates_get,ACTION,NONE,GAP,"",admin/Hr_payroll_api/payroll_templates_get
Hr_payroll_api,hr_payroll_api,payroll_templates_post,ACTION,NONE,GAP,"",admin/Hr_payroll_api/payroll_templates_post
Hr_payroll_api,hr_payroll_api,payroll_templates_put,ACTION,NONE,GAP,"",admin/Hr_payroll_api/payroll_templates_put
Hr_payroll_api,hr_payroll_api,payroll_templates_delete,ACTION,NONE,GAP,"",admin/Hr_payroll_api/payroll_templates_delete
Hr_payroll_api,hr_payroll_api,payroll_summary_get,ACTION,NONE,GAP,"",admin/Hr_payroll_api/payroll_summary_get
Hr_payroll_api,hr_payroll_api,commissions_get,ACTION,NONE,GAP,"",admin/Hr_payroll_api/commissions_get
Hr_payroll_api,hr_payroll_api,commissions_post,ACTION,NONE,GAP,"",admin/Hr_payroll_api/commissions_post
Hr_payroll_api,hr_payroll_api,commissions_put,ACTION,NONE,GAP,"",admin/Hr_payroll_api/commissions_put
Hr_payroll_api,hr_payroll_api,commissions_delete,ACTION,NONE,GAP,"",admin/Hr_payroll_api/commissions_delete
Hr_payroll_api,hr_payroll_api,timesheets_get,ACTION,NONE,GAP,"",admin/Hr_payroll_api/timesheets_get
Hr_payroll_api,hr_payroll_api,timesheets_post,ACTION,NONE,GAP,"",admin/Hr_payroll_api/timesheets_post
Hr_payroll_api,hr_payroll_api,timesheets_put,ACTION,NONE,GAP,"",admin/Hr_payroll_api/timesheets_put
Hr_payroll_api,hr_payroll_api,timesheets_delete,ACTION,NONE,GAP,"",admin/Hr_payroll_api/timesheets_delete
Inbox_api,inbox_api,index_get,ACTION,NONE,GAP,"",admin/Inbox_api/index_get
Invoices,invoices,send_post,ACTION,invoices,YES,"",admin/Invoices/send_post
Invoices,invoices,mark_cancelled_put,ACTION,invoices,YES,"",admin/Invoices/mark_cancelled_put
Invoices,invoices,record_payment_post,ACTION,invoices,YES,"",admin/Invoices/record_payment_post
Invoices,invoices,data_get,ACTION,invoices,GAP,"",admin/Invoices/data_get
Invoices,invoices,count_get,ACTION,invoices,GAP,"",admin/Invoices/count_get
Invoices,invoices,data_search_get,ACTION,invoices,GAP,"",admin/Invoices/data_search_get
Invoices,invoices,data_post,ACTION,invoices,GAP,"",admin/Invoices/data_post
Invoices,invoices,data_delete,ACTION,invoices,GAP,"",admin/Invoices/data_delete
Invoices,invoices,data_put,ACTION,invoices,GAP,"",admin/Invoices/data_put
Invoices,invoices,validate_invoice_number,ACTION,invoices,GAP,"",admin/Invoices/validate_invoice_number
Items,items,data_get,ACTION,items,GAP,"",admin/Items/data_get
Items,items,data_search_get,ACTION,items,GAP,"",admin/Items/data_search_get
Kbi_api,kbi_api,definitions_get,ACTION,NONE,GAP,"",admin/Kbi_api/definitions_get
Kbi_api,kbi_api,definitions_post,ACTION,NONE,GAP,"",admin/Kbi_api/definitions_post
Kbi_api,kbi_api,definitions_put,ACTION,NONE,GAP,"",admin/Kbi_api/definitions_put
Kbi_api,kbi_api,snapshots_get,ACTION,NONE,GAP,"",admin/Kbi_api/snapshots_get
Kbi_api,kbi_api,dashboard_get,ACTION,NONE,GAP,"",admin/Kbi_api/dashboard_get
Key,key,index_put,ACTION,NONE,GAP,"",admin/Key/index_put
Key,key,index_delete,ACTION,NONE,GAP,"",admin/Key/index_delete
Key,key,level_post,ACTION,NONE,GAP,"",admin/Key/level_post
Key,key,suspend_post,ACTION,NONE,GAP,"",admin/Key/suspend_post
Key,key,regenerate_post,ACTION,NONE,GAP,"",admin/Key/regenerate_post
Knowledge_api,knowledge_api,publish_put,ACTION,NONE,GAP,"",admin/Knowledge_api/publish_put
Knowledge_api,knowledge_api,unpublish_put,ACTION,NONE,GAP,"",admin/Knowledge_api/unpublish_put
Knowledge_api,knowledge_api,data_get,ACTION,NONE,GAP,"",admin/Knowledge_api/data_get
Knowledge_api,knowledge_api,data_post,ACTION,NONE,GAP,"",admin/Knowledge_api/data_post
Knowledge_api,knowledge_api,data_put,ACTION,NONE,GAP,"",admin/Knowledge_api/data_put
Knowledge_api,knowledge_api,data_delete,ACTION,NONE,GAP,"",admin/Knowledge_api/data_delete
Knowledge_api,knowledge_api,groups_get,ACTION,NONE,GAP,"",admin/Knowledge_api/groups_get
Knowledge_api,knowledge_api,search_get,ACTION,NONE,GAP,"",admin/Knowledge_api/search_get
Leads,leads,data_get,ACTION,leads,GAP,"",admin/Leads/data_get
Leads,leads,count_get,ACTION,leads,GAP,"",admin/Leads/count_get
Leads,leads,data_search_get,ACTION,leads,GAP,"",admin/Leads/data_search_get
Leads,leads,data_post,ACTION,leads,GAP,"",admin/Leads/data_post
Leads,leads,data_delete,ACTION,leads,GAP,"",admin/Leads/data_delete
Leads,leads,data_put,ACTION,leads,GAP,"",admin/Leads/data_put
Leads,leads,status_put,ACTION,leads,GAP,"",admin/Leads/status_put
Linkedin_api,linkedin_api,data_get,ACTION,NONE,GAP,"",admin/Linkedin_api/data_get
Linkedin_api,linkedin_api,data_post,ACTION,NONE,GAP,"",admin/Linkedin_api/data_post
Linkedin_api,linkedin_api,data_put,ACTION,NONE,GAP,"",admin/Linkedin_api/data_put
Linkedin_api,linkedin_api,media_post,ACTION,NONE,GAP,"",admin/Linkedin_api/media_post
Linkedin_api,linkedin_api,analytics_get,ACTION,NONE,GAP,"",admin/Linkedin_api/analytics_get
Login,login,login_api,ACTION,NONE,GAP,"",admin/Login/login_api
Login,login,view,DETAIL,NONE,GAP,"",admin/Login/view
Login,login,api_key,ACTION,NONE,GAP,"",admin/Login/api_key
Materials_catalog,materials_catalog,search_post,ACTION,NONE,GAP,"",admin/Materials_catalog/search_post
Materials_catalog,materials_catalog,classify_post,ACTION,NONE,GAP,"",admin/Materials_catalog/classify_post
Materials_catalog,materials_catalog,materials_get,ACTION,NONE,GAP,"",admin/Materials_catalog/materials_get
Materials_catalog,materials_catalog,materials_post,ACTION,NONE,GAP,"",admin/Materials_catalog/materials_post
Materials_catalog,materials_catalog,materials_put,ACTION,NONE,GAP,"",admin/Materials_catalog/materials_put
Materials_catalog,materials_catalog,materials_delete,ACTION,NONE,GAP,"",admin/Materials_catalog/materials_delete
Materials_catalog,materials_catalog,catalog_get,ACTION,NONE,GAP,"",admin/Materials_catalog/catalog_get
Materials_catalog,materials_catalog,catalog_post,ACTION,NONE,GAP,"",admin/Materials_catalog/catalog_post
Materials_catalog,materials_catalog,catalog_put,ACTION,NONE,GAP,"",admin/Materials_catalog/catalog_put
Materials_catalog,materials_catalog,catalog_delete,ACTION,NONE,GAP,"",admin/Materials_catalog/catalog_delete
Materials_catalog,materials_catalog,catalog_search_get,ACTION,NONE,GAP,"",admin/Materials_catalog/catalog_search_get
Materials_catalog,materials_catalog,categories_get,ACTION,NONE,GAP,"",admin/Materials_catalog/categories_get
Materials_catalog,materials_catalog,categories_post,ACTION,NONE,GAP,"",admin/Materials_catalog/categories_post
Materials_catalog,materials_catalog,categories_put,ACTION,NONE,GAP,"",admin/Materials_catalog/categories_put
Materials_catalog,materials_catalog,categories_delete,ACTION,NONE,GAP,"",admin/Materials_catalog/categories_delete
Materials_catalog,materials_catalog,manufacturers_get,ACTION,NONE,GAP,"",admin/Materials_catalog/manufacturers_get
Materials_catalog,materials_catalog,manufacturers_post,ACTION,NONE,GAP,"",admin/Materials_catalog/manufacturers_post
Materials_catalog,materials_catalog,manufacturers_put,ACTION,NONE,GAP,"",admin/Materials_catalog/manufacturers_put
Materials_catalog,materials_catalog,manufacturers_delete,ACTION,NONE,GAP,"",admin/Materials_catalog/manufacturers_delete
Materials_catalog,materials_catalog,item_specs_get,ACTION,NONE,GAP,"",admin/Materials_catalog/item_specs_get
Materials_catalog,materials_catalog,item_specs_post,ACTION,NONE,GAP,"",admin/Materials_catalog/item_specs_post
Materials_catalog,materials_catalog,item_specs_put,ACTION,NONE,GAP,"",admin/Materials_catalog/item_specs_put
Materials_catalog,materials_catalog,item_specs_delete,ACTION,NONE,GAP,"",admin/Materials_catalog/item_specs_delete
Materials_catalog,materials_catalog,kits_get,ACTION,NONE,GAP,"",admin/Materials_catalog/kits_get
Materials_catalog,materials_catalog,kits_post,ACTION,NONE,GAP,"",admin/Materials_catalog/kits_post
Materials_catalog,materials_catalog,kits_put,ACTION,NONE,GAP,"",admin/Materials_catalog/kits_put
Materials_catalog,materials_catalog,kits_delete,ACTION,NONE,GAP,"",admin/Materials_catalog/kits_delete
Materials_catalog,materials_catalog,kit_items_get,ACTION,NONE,GAP,"",admin/Materials_catalog/kit_items_get
Materials_catalog,materials_catalog,kit_items_post,ACTION,NONE,GAP,"",admin/Materials_catalog/kit_items_post
Materials_catalog,materials_catalog,kit_items_put,ACTION,NONE,GAP,"",admin/Materials_catalog/kit_items_put
Materials_catalog,materials_catalog,kit_items_delete,ACTION,NONE,GAP,"",admin/Materials_catalog/kit_items_delete
Materials_catalog,materials_catalog,uom_get,ACTION,NONE,GAP,"",admin/Materials_catalog/uom_get
Materials_catalog,materials_catalog,classifications_get,ACTION,NONE,GAP,"",admin/Materials_catalog/classifications_get
Materials_catalog,materials_catalog,classifications_put,ACTION,NONE,GAP,"",admin/Materials_catalog/classifications_put
Materials_catalog,materials_catalog,metadata_get,ACTION,NONE,GAP,"",admin/Materials_catalog/metadata_get
Materials_catalog,materials_catalog,metadata_post,ACTION,NONE,GAP,"",admin/Materials_catalog/metadata_post
Materials_catalog,materials_catalog,analytics_get,ACTION,NONE,GAP,"",admin/Materials_catalog/analytics_get
Materials_catalog,materials_catalog,unspsc_segments_get,ACTION,NONE,GAP,"",admin/Materials_catalog/unspsc_segments_get
Materials_catalog,materials_catalog,unspsc_families_get,ACTION,NONE,GAP,"",admin/Materials_catalog/unspsc_families_get
Materials_catalog,materials_catalog,unspsc_classes_get,ACTION,NONE,GAP,"",admin/Materials_catalog/unspsc_classes_get
Materials_catalog,materials_catalog,unspsc_commodities_get,ACTION,NONE,GAP,"",admin/Materials_catalog/unspsc_commodities_get
Materials_catalog,materials_catalog,unspsc_commodity_get,ACTION,NONE,GAP,"",admin/Materials_catalog/unspsc_commodity_get
Materials_catalog,materials_catalog,unspsc_search_get,ACTION,NONE,GAP,"",admin/Materials_catalog/unspsc_search_get
Materials_catalog,materials_catalog,unspsc_commodity_specs_get,ACTION,NONE,GAP,"",admin/Materials_catalog/unspsc_commodity_specs_get
Materials_catalog,materials_catalog,unspsc_stats_get,ACTION,NONE,GAP,"",admin/Materials_catalog/unspsc_stats_get
Milestones,milestones,data_get,ACTION,milestones,GAP,"",admin/Milestones/data_get
Milestones,milestones,data_search_get,ACTION,milestones,GAP,"",admin/Milestones/data_search_get
Milestones,milestones,data_post,ACTION,milestones,GAP,"",admin/Milestones/data_post
Milestones,milestones,data_delete,ACTION,milestones,GAP,"",admin/Milestones/data_delete
Milestones,milestones,data_put,ACTION,milestones,GAP,"",admin/Milestones/data_put
Mobile_parity_api,mobile_parity_api,index_get,ACTION,NONE,GAP,"",admin/Mobile_parity_api/index_get
Mobile_parity_api,mobile_parity_api,modules_get,ACTION,NONE,GAP,"",admin/Mobile_parity_api/modules_get
Mobile_parity_api,mobile_parity_api,module_get,ACTION,NONE,GAP,"",admin/Mobile_parity_api/module_get
Mobile_parity_api,mobile_parity_api,permissions_get,ACTION,NONE,GAP,"",admin/Mobile_parity_api/permissions_get
Mobile_parity_api,mobile_parity_api,staff_permissions_get,ACTION,NONE,GAP,"",admin/Mobile_parity_api/staff_permissions_get
My_api,my_api,index_get,ACTION,NONE,GAP,"",admin/My_api/index_get
My_api,my_api,profile_get,ACTION,NONE,GAP,"",admin/My_api/profile_get
My_api,my_api,checkin_post,ACTION,NONE,GAP,"",admin/My_api/checkin_post
My_api,my_api,checkin_today_get,ACTION,NONE,GAP,"",admin/My_api/checkin_today_get
My_api,my_api,checkin_history_get,ACTION,NONE,GAP,"",admin/My_api/checkin_history_get
My_api,my_api,notifications_get,ACTION,NONE,GAP,"",admin/My_api/notifications_get
My_api,my_api,notification_read_put,ACTION,NONE,GAP,"",admin/My_api/notification_read_put
My_api,my_api,notifications_read_all_put,ACTION,NONE,GAP,"",admin/My_api/notifications_read_all_put
My_api,my_api,tasks_summary_get,ACTION,NONE,GAP,"",admin/My_api/tasks_summary_get
My_api,my_api,leave_request_post,ACTION,NONE,GAP,"",admin/My_api/leave_request_post
My_api,my_api,leave_balance_get,ACTION,NONE,GAP,"",admin/My_api/leave_balance_get
My_api,my_api,leave_requests_get,ACTION,NONE,GAP,"",admin/My_api/leave_requests_get
My_api,my_api,leave_request_get,ACTION,NONE,GAP,"",admin/My_api/leave_request_get
My_api,my_api,leave_request_delete,ACTION,NONE,GAP,"",admin/My_api/leave_request_delete
My_api,my_api,payslips_get,ACTION,NONE,GAP,"",admin/My_api/payslips_get
My_api,my_api,payslip_get,ACTION,NONE,GAP,"",admin/My_api/payslip_get
My_api,my_api,payslip_pdf_get,ACTION,NONE,GAP,"",admin/My_api/payslip_pdf_get
My_api,my_api,expenses_get,ACTION,NONE,GAP,"",admin/My_api/expenses_get
My_api,my_api,expense_get,ACTION,NONE,GAP,"",admin/My_api/expense_get
My_api,my_api,expenses_summary_get,ACTION,NONE,GAP,"",admin/My_api/expenses_summary_get
My_api,my_api,pending_approvals_get,ACTION,NONE,GAP,"",admin/My_api/pending_approvals_get
My_api,my_api,expenses_post,ACTION,NONE,GAP,"",admin/My_api/expenses_post
Opportunities,opportunities,data_get,ACTION,opportunities_api,GAP,"",admin/Opportunities/data_get
Opportunities,opportunities,getstaff,ACTION,opportunities_api,GAP,"",admin/Opportunities/getstaff
Opportunities,opportunities,data_search_get,ACTION,opportunities_api,GAP,"",admin/Opportunities/data_search_get
Opportunities,opportunities,data_post,ACTION,opportunities_api,GAP,"",admin/Opportunities/data_post
Opportunities,opportunities,data_delete,ACTION,opportunities_api,GAP,"",admin/Opportunities/data_delete
Opportunities,opportunities,data_put,ACTION,opportunities_api,GAP,"",admin/Opportunities/data_put
Opportunities_api,opportunities_api,stage_put,ACTION,NONE,GAP,"",admin/Opportunities_api/stage_put
Opportunities_api,opportunities_api,status_put,ACTION,NONE,GAP,"",admin/Opportunities_api/status_put
Opportunities_api,opportunities_api,data_get,ACTION,NONE,GAP,"",admin/Opportunities_api/data_get
Opportunities_api,opportunities_api,data_post,ACTION,NONE,GAP,"",admin/Opportunities_api/data_post
Opportunities_api,opportunities_api,submit_post,ACTION,NONE,GAP,"",admin/Opportunities_api/submit_post
Opportunities_api,opportunities_api,data_put,ACTION,NONE,GAP,"",admin/Opportunities_api/data_put
Opportunities_api,opportunities_api,data_delete,ACTION,NONE,GAP,"",admin/Opportunities_api/data_delete
Opportunities_api,opportunities_api,milestones_get,ACTION,NONE,GAP,"",admin/Opportunities_api/milestones_get
Opportunities_api,opportunities_api,members_post,ACTION,NONE,GAP,"",admin/Opportunities_api/members_post
Opportunities_api,opportunities_api,notes_get,ACTION,NONE,GAP,"",admin/Opportunities_api/notes_get
Opportunities_api,opportunities_api,notes_post,ACTION,NONE,GAP,"",admin/Opportunities_api/notes_post
Opportunities_api,opportunities_api,stages_get,ACTION,NONE,GAP,"",admin/Opportunities_api/stages_get
Opportunities_api,opportunities_api,statuses_get,ACTION,NONE,GAP,"",admin/Opportunities_api/statuses_get
Opportunities_api,opportunities_api,analytics_get,ACTION,NONE,GAP,"",admin/Opportunities_api/analytics_get
Opportunities_api,opportunities_api,boq_get,ACTION,NONE,GAP,"",admin/Opportunities_api/boq_get
Opportunities_api,opportunities_api,boq_items_post,ACTION,NONE,GAP,"",admin/Opportunities_api/boq_items_post
Otpmanager,otpmanager,data_get,ACTION,otpmanager,GAP,"",admin/Otpmanager/data_get
Otpmanager,otpmanager,data_search_get,ACTION,otpmanager,GAP,"",admin/Otpmanager/data_search_get
Otpmanager,otpmanager,data_post,ACTION,otpmanager,GAP,"",admin/Otpmanager/data_post
Otpmanager,otpmanager,data_delete,ACTION,otpmanager,GAP,"",admin/Otpmanager/data_delete
Otpmanager,otpmanager,data_put,ACTION,otpmanager,GAP,"",admin/Otpmanager/data_put
Otpmanager,otpmanager,verify_post,ACTION,otpmanager,GAP,"",admin/Otpmanager/verify_post
Outlook,outlook,data_get,ACTION,NONE,GAP,"",admin/Outlook/data_get
Outlook,outlook,data_search_get,ACTION,NONE,GAP,"",admin/Outlook/data_search_get
Outlook,outlook,data_post,ACTION,NONE,GAP,"",admin/Outlook/data_post
Outlook,outlook,data_delete,ACTION,NONE,GAP,"",admin/Outlook/data_delete
Outlook,outlook,data_put,ACTION,NONE,GAP,"",admin/Outlook/data_put
Payments,payments,data_get,ACTION,payments,GAP,"",admin/Payments/data_get
Payments,payments,data_search_get,ACTION,payments,GAP,"",admin/Payments/data_search_get
Payments,payments,data_post,ACTION,payments,GAP,"",admin/Payments/data_post
Payments,payments,data_put,ACTION,payments,GAP,"",admin/Payments/data_put
Payments,payments,data_delete,ACTION,payments,GAP,"",admin/Payments/data_delete
Payments,payments,modes_get,ACTION,payments,GAP,"",admin/Payments/modes_get
Priority,priority,data_get,ACTION,NONE,GAP,"",admin/Priority/data_get
Priority,priority,data_search_get,ACTION,NONE,GAP,"",admin/Priority/data_search_get
Priority,priority,data_post,ACTION,NONE,GAP,"",admin/Priority/data_post
Priority,priority,data_delete,ACTION,NONE,GAP,"",admin/Priority/data_delete
Priority,priority,data_put,ACTION,NONE,GAP,"",admin/Priority/data_put
Projects,projects,mark_finished_put,ACTION,projects,YES,"",admin/Projects/mark_finished_put
Projects,projects,mark_on_hold_put,ACTION,projects,YES,"",admin/Projects/mark_on_hold_put
Projects,projects,mark_in_progress_put,ACTION,projects,YES,"",admin/Projects/mark_in_progress_put
Projects,projects,mark_cancelled_put,ACTION,projects,YES,"",admin/Projects/mark_cancelled_put
Projects,projects,data_get,ACTION,projects,GAP,"",admin/Projects/data_get
Projects,projects,count_get,ACTION,projects,GAP,"",admin/Projects/count_get
Projects,projects,data_search_get,ACTION,projects,GAP,"",admin/Projects/data_search_get
Projects,projects,data_post,ACTION,projects,GAP,"",admin/Projects/data_post
Projects,projects,data_delete,ACTION,projects,GAP,"",admin/Projects/data_delete
Projects,projects,data_put,ACTION,projects,GAP,"",admin/Projects/data_put
Proposals,proposals,data_get,ACTION,proposals,GAP,"",admin/Proposals/data_get
Proposals,proposals,data_search_get,ACTION,proposals,GAP,"",admin/Proposals/data_search_get
Proposals,proposals,data_delete,ACTION,proposals,GAP,"",admin/Proposals/data_delete
Proposals,proposals,data_post,ACTION,proposals,GAP,"",admin/Proposals/data_post
Proposals,proposals,data_put,ACTION,proposals,GAP,"",admin/Proposals/data_put
Proposals,proposals,mark_open_put,ACTION,proposals,YES,"",admin/Proposals/mark_open_put
Proposals,proposals,mark_sent_put,ACTION,proposals,YES,"",admin/Proposals/mark_sent_put
Proposals,proposals,mark_declined_put,ACTION,proposals,YES,"",admin/Proposals/mark_declined_put
Proposals,proposals,mark_accepted_put,ACTION,proposals,YES,"",admin/Proposals/mark_accepted_put
Proposals,proposals,mark_revised_put,ACTION,proposals,YES,"",admin/Proposals/mark_revised_put
Proposals,proposals,send_post,ACTION,proposals,YES,"",admin/Proposals/send_post
Proposals,proposals,copy_post,ACTION,proposals,YES,"",admin/Proposals/copy_post
Purchase_api,purchase_api,vendors_get,ACTION,NONE,GAP,"",admin/Purchase_api/vendors_get
Purchase_api,purchase_api,vendors_post,ACTION,NONE,GAP,"",admin/Purchase_api/vendors_post
Purchase_api,purchase_api,vendors_put,ACTION,NONE,GAP,"",admin/Purchase_api/vendors_put
Purchase_api,purchase_api,vendors_delete,ACTION,NONE,GAP,"",admin/Purchase_api/vendors_delete
Purchase_api,purchase_api,vendor_contacts_get,ACTION,NONE,GAP,"",admin/Purchase_api/vendor_contacts_get
Purchase_api,purchase_api,vendor_contacts_post,ACTION,NONE,GAP,"",admin/Purchase_api/vendor_contacts_post
Purchase_api,purchase_api,vendor_contacts_put,ACTION,NONE,GAP,"",admin/Purchase_api/vendor_contacts_put
Purchase_api,purchase_api,vendor_contacts_delete,ACTION,NONE,GAP,"",admin/Purchase_api/vendor_contacts_delete
Purchase_api,purchase_api,requests_get,ACTION,NONE,GAP,"",admin/Purchase_api/requests_get
Purchase_api,purchase_api,requests_post,ACTION,NONE,GAP,"",admin/Purchase_api/requests_post
Purchase_api,purchase_api,requests_put,ACTION,NONE,GAP,"",admin/Purchase_api/requests_put
Purchase_api,purchase_api,requests_delete,ACTION,NONE,GAP,"",admin/Purchase_api/requests_delete
Purchase_api,purchase_api,requests_approval_get,ACTION,NONE,GAP,"",admin/Purchase_api/requests_approval_get
Purchase_api,purchase_api,request_items_post,ACTION,NONE,GAP,"",admin/Purchase_api/request_items_post
Purchase_api,purchase_api,request_items_put,ACTION,NONE,GAP,"",admin/Purchase_api/request_items_put
Purchase_api,purchase_api,request_items_delete,ACTION,NONE,GAP,"",admin/Purchase_api/request_items_delete
Purchase_api,purchase_api,orders_get,ACTION,NONE,GAP,"",admin/Purchase_api/orders_get
Purchase_api,purchase_api,orders_approval_get,ACTION,NONE,GAP,"",admin/Purchase_api/orders_approval_get
Purchase_api,purchase_api,orders_post,ACTION,NONE,GAP,"",admin/Purchase_api/orders_post
Purchase_api,purchase_api,orders_put,ACTION,NONE,GAP,"",admin/Purchase_api/orders_put
Purchase_api,purchase_api,orders_delete,ACTION,NONE,GAP,"",admin/Purchase_api/orders_delete
Purchase_api,purchase_api,orders_approve_post,ACTION,NONE,GAP,"",admin/Purchase_api/orders_approve_post
Purchase_api,purchase_api,orders_reject_post,ACTION,NONE,GAP,"",admin/Purchase_api/orders_reject_post
Purchase_api,purchase_api,orders_send_to_supplier_post,ACTION,NONE,GAP,"",admin/Purchase_api/orders_send_to_supplier_post
Purchase_api,purchase_api,orders_mark_received_post,ACTION,NONE,GAP,"",admin/Purchase_api/orders_mark_received_post
Purchase_api,purchase_api,orders_mark_paid_post,ACTION,NONE,GAP,"",admin/Purchase_api/orders_mark_paid_post
Purchase_api,purchase_api,payment_requests_approve_post,ACTION,NONE,GAP,"",admin/Purchase_api/payment_requests_approve_post
Purchase_api,purchase_api,payment_requests_reject_post,ACTION,NONE,GAP,"",admin/Purchase_api/payment_requests_reject_post
Purchase_api,purchase_api,expense_requests_approve_post,ACTION,NONE,GAP,"",admin/Purchase_api/expense_requests_approve_post
Purchase_api,purchase_api,expense_requests_reject_post,ACTION,NONE,GAP,"",admin/Purchase_api/expense_requests_reject_post
Purchase_api,purchase_api,requests_publish_post,ACTION,NONE,GAP,"",admin/Purchase_api/requests_publish_post
Purchase_api,purchase_api,requests_close_post,ACTION,NONE,GAP,"",admin/Purchase_api/requests_close_post
Purchase_api,purchase_api,order_items_post,ACTION,NONE,GAP,"",admin/Purchase_api/order_items_post
Purchase_api,purchase_api,order_items_put,ACTION,NONE,GAP,"",admin/Purchase_api/order_items_put
Purchase_api,purchase_api,order_items_delete,ACTION,NONE,GAP,"",admin/Purchase_api/order_items_delete
Purchase_api,purchase_api,stages_get,ACTION,NONE,GAP,"",admin/Purchase_api/stages_get
Purchase_api,purchase_api,statuses_get,ACTION,NONE,GAP,"",admin/Purchase_api/statuses_get
Purchase_api,purchase_api,vendor_categories_get,ACTION,NONE,GAP,"",admin/Purchase_api/vendor_categories_get
Purchase_api,purchase_api,units_get,ACTION,NONE,GAP,"",admin/Purchase_api/units_get
Purchase_api,purchase_api,delivery_notes_get,ACTION,NONE,GAP,"",admin/Purchase_api/delivery_notes_get
Purchase_api,purchase_api,analytics_get,ACTION,NONE,GAP,"",admin/Purchase_api/analytics_get
Purchase_api,purchase_api,quotations_get,ACTION,NONE,GAP,"",admin/Purchase_api/quotations_get
Purchase_api,purchase_api,log_get,ACTION,NONE,GAP,"",admin/Purchase_api/log_get
Purchase_api,purchase_api,completion_certificates_get,ACTION,NONE,GAP,"",admin/Purchase_api/completion_certificates_get
Purchase_api,purchase_api,received_vouchers_get,ACTION,NONE,GAP,"",admin/Purchase_api/received_vouchers_get
Purchase_api,purchase_api,payment_requests_get,ACTION,NONE,GAP,"",admin/Purchase_api/payment_requests_get
Purchase_api,purchase_api,payment_requests_approval_get,ACTION,NONE,GAP,"",admin/Purchase_api/payment_requests_approval_get
Purchase_api,purchase_api,expense_requests_get,ACTION,NONE,GAP,"",admin/Purchase_api/expense_requests_get
Purchase_api,purchase_api,expense_requests_approval_get,ACTION,NONE,GAP,"",admin/Purchase_api/expense_requests_approval_get
Purchase_api,purchase_api,supplier_contacts_get,ACTION,NONE,GAP,"",admin/Purchase_api/supplier_contacts_get
Purchase_api,purchase_api,supplier_quotations_get,ACTION,NONE,GAP,"",admin/Purchase_api/supplier_quotations_get
Purchase_api,purchase_api,requests_approve_post,ACTION,NONE,GAP,"",admin/Purchase_api/requests_approve_post
Purchase_api,purchase_api,requests_reject_post,ACTION,NONE,GAP,"",admin/Purchase_api/requests_reject_post
Purchase_api,purchase_api,received_vouchers_approval_get,ACTION,NONE,GAP,"",admin/Purchase_api/received_vouchers_approval_get
Purchase_api,purchase_api,received_vouchers_approve_post,ACTION,NONE,GAP,"",admin/Purchase_api/received_vouchers_approve_post
Purchase_api,purchase_api,received_vouchers_reject_post,ACTION,NONE,GAP,"",admin/Purchase_api/received_vouchers_reject_post
Purchase_api,purchase_api,delivery_notes_approval_get,ACTION,NONE,GAP,"",admin/Purchase_api/delivery_notes_approval_get
Purchase_api,purchase_api,delivery_notes_approve_post,ACTION,NONE,GAP,"",admin/Purchase_api/delivery_notes_approve_post
Purchase_api,purchase_api,delivery_notes_reject_post,ACTION,NONE,GAP,"",admin/Purchase_api/delivery_notes_reject_post
Purchase_api,purchase_api,quotations_approval_get,ACTION,NONE,GAP,"",admin/Purchase_api/quotations_approval_get
Purchase_api,purchase_api,quotations_approve_post,ACTION,NONE,GAP,"",admin/Purchase_api/quotations_approve_post
Purchase_api,purchase_api,quotations_reject_post,ACTION,NONE,GAP,"",admin/Purchase_api/quotations_reject_post
Purchase_api,purchase_api,completion_certificates_approval_get,ACTION,NONE,GAP,"",admin/Purchase_api/completion_certificates_approval_get
Purchase_api,purchase_api,completion_certificates_approve_post,ACTION,NONE,GAP,"",admin/Purchase_api/completion_certificates_approve_post
Purchase_api,purchase_api,completion_certificates_reject_post,ACTION,NONE,GAP,"",admin/Purchase_api/completion_certificates_reject_post
Qc,qc,check_pr_approval,ACTION,NONE,GAP,"",admin/Qc/check_pr_approval
Qc,qc,check_mobile_parity,ACTION,NONE,GAP,"",admin/Qc/check_mobile_parity
Recruitment_api,recruitment_api,candidates_hire_put,ACTION,NONE,GAP,"",admin/Recruitment_api/candidates_hire_put
Recruitment_api,recruitment_api,candidates_reject_put,ACTION,NONE,GAP,"",admin/Recruitment_api/candidates_reject_put
Recruitment_api,recruitment_api,candidates_change_stage_put,ACTION,NONE,GAP,"",admin/Recruitment_api/candidates_change_stage_put
Recruitment_api,recruitment_api,positions_get,ACTION,NONE,GAP,"",admin/Recruitment_api/positions_get
Recruitment_api,recruitment_api,positions_post,ACTION,NONE,GAP,"",admin/Recruitment_api/positions_post
Recruitment_api,recruitment_api,positions_put,ACTION,NONE,GAP,"",admin/Recruitment_api/positions_put
Recruitment_api,recruitment_api,positions_delete,ACTION,NONE,GAP,"",admin/Recruitment_api/positions_delete
Recruitment_api,recruitment_api,proposals_get,ACTION,NONE,GAP,"",admin/Recruitment_api/proposals_get
Recruitment_api,recruitment_api,proposals_post,ACTION,NONE,GAP,"",admin/Recruitment_api/proposals_post
Recruitment_api,recruitment_api,proposals_put,ACTION,NONE,GAP,"",admin/Recruitment_api/proposals_put
Recruitment_api,recruitment_api,proposals_delete,ACTION,NONE,GAP,"",admin/Recruitment_api/proposals_delete
Recruitment_api,recruitment_api,candidates_get,ACTION,NONE,GAP,"",admin/Recruitment_api/candidates_get
Recruitment_api,recruitment_api,candidates_post,ACTION,NONE,GAP,"",admin/Recruitment_api/candidates_post
Recruitment_api,recruitment_api,candidates_put,ACTION,NONE,GAP,"",admin/Recruitment_api/candidates_put
Recruitment_api,recruitment_api,education_post,ACTION,NONE,GAP,"",admin/Recruitment_api/education_post
Recruitment_api,recruitment_api,experience_post,ACTION,NONE,GAP,"",admin/Recruitment_api/experience_post
Recruitment_api,recruitment_api,pipeline_get,ACTION,NONE,GAP,"",admin/Recruitment_api/pipeline_get
Recruitment_api,recruitment_api,analytics_get,ACTION,NONE,GAP,"",admin/Recruitment_api/analytics_get
Reference_data,reference_data,countries_get,ACTION,NONE,GAP,"",admin/Reference_data/countries_get
Reference_data,reference_data,currencies_get,ACTION,NONE,GAP,"",admin/Reference_data/currencies_get
Reference_data,reference_data,languages_get,ACTION,NONE,GAP,"",admin/Reference_data/languages_get
Reference_data,reference_data,customer_groups_get,ACTION,NONE,GAP,"",admin/Reference_data/customer_groups_get
Reference_data,reference_data,payment_modes_get,ACTION,NONE,GAP,"",admin/Reference_data/payment_modes_get
Reference_data,reference_data,tax_rates_get,ACTION,NONE,GAP,"",admin/Reference_data/tax_rates_get
Reference_data,reference_data,lead_sources_get,ACTION,NONE,GAP,"",admin/Reference_data/lead_sources_get
Reference_data,reference_data,lead_statuses_get,ACTION,NONE,GAP,"",admin/Reference_data/lead_statuses_get
Reference_data,reference_data,ticket_priorities_get,ACTION,NONE,GAP,"",admin/Reference_data/ticket_priorities_get
Reference_data,reference_data,ticket_statuses_get,ACTION,NONE,GAP,"",admin/Reference_data/ticket_statuses_get
Reports_api,reports_api,data_get,ACTION,NONE,GAP,"",admin/Reports_api/data_get
Reports_api,reports_api,data_post,ACTION,NONE,GAP,"",admin/Reports_api/data_post
Reports_api,reports_api,data_put,ACTION,NONE,GAP,"",admin/Reports_api/data_put
Reports_api,reports_api,data_delete,ACTION,NONE,GAP,"",admin/Reports_api/data_delete
Reports_api,reports_api,images_post,ACTION,NONE,GAP,"",admin/Reports_api/images_post
Reports_api,reports_api,images_delete,ACTION,NONE,GAP,"",admin/Reports_api/images_delete
Reports_api,reports_api,projects_get,ACTION,NONE,GAP,"",admin/Reports_api/projects_get
REST_Controller,rest_controller,response,ACTION,NONE,GAP,"",admin/REST_Controller/response
REST_Controller,rest_controller,set_response,ACTION,NONE,GAP,"",admin/REST_Controller/set_response
REST_Controller,rest_controller,get,ACTION,NONE,GAP,"",admin/REST_Controller/get
REST_Controller,rest_controller,options,ACTION,NONE,GAP,"",admin/REST_Controller/options
REST_Controller,rest_controller,head,ACTION,NONE,GAP,"",admin/REST_Controller/head
REST_Controller,rest_controller,post,ACTION,NONE,GAP,"",admin/REST_Controller/post
REST_Controller,rest_controller,put,ACTION,NONE,GAP,"",admin/REST_Controller/put
REST_Controller,rest_controller,delete,DELETE,NONE,GAP,"",admin/REST_Controller/delete
REST_Controller,rest_controller,patch,ACTION,NONE,GAP,"",admin/REST_Controller/patch
REST_Controller,rest_controller,query,ACTION,NONE,GAP,"",admin/REST_Controller/query
REST_Controller,rest_controller,validation_errors,ACTION,NONE,GAP,"",admin/REST_Controller/validation_errors
Rfq_api,rfq_api,data_get,ACTION,NONE,GAP,"",admin/Rfq_api/data_get
Staffs,staffs,data_get,ACTION,NONE,GAP,"",admin/Staffs/data_get
Staffs,staffs,data_search_get,ACTION,NONE,GAP,"",admin/Staffs/data_search_get
Staffs,staffs,data_post,ACTION,NONE,GAP,"",admin/Staffs/data_post
Staffs,staffs,data_delete,ACTION,NONE,GAP,"",admin/Staffs/data_delete
Staffs,staffs,data_put,ACTION,NONE,GAP,"",admin/Staffs/data_put
Suppliers_api,suppliers_api,data_get,ACTION,NONE,GAP,"",admin/Suppliers_api/data_get
Suppliers_api,suppliers_api,data_post,ACTION,NONE,GAP,"",admin/Suppliers_api/data_post
Suppliers_api,suppliers_api,data_put,ACTION,NONE,GAP,"",admin/Suppliers_api/data_put
Suppliers_api,suppliers_api,data_delete,ACTION,NONE,GAP,"",admin/Suppliers_api/data_delete
Suppliers_api,suppliers_api,contacts_get,ACTION,NONE,GAP,"",admin/Suppliers_api/contacts_get
Suppliers_api,suppliers_api,contacts_post,ACTION,NONE,GAP,"",admin/Suppliers_api/contacts_post
Suppliers_api,suppliers_api,contacts_put,ACTION,NONE,GAP,"",admin/Suppliers_api/contacts_put
Suppliers_api,suppliers_api,contacts_delete,ACTION,NONE,GAP,"",admin/Suppliers_api/contacts_delete
Suppliers_api,suppliers_api,quotations_get,ACTION,NONE,GAP,"",admin/Suppliers_api/quotations_get
Surveys_api,surveys_api,publish_put,ACTION,NONE,GAP,"",admin/Surveys_api/publish_put
Surveys_api,surveys_api,close_put,ACTION,NONE,GAP,"",admin/Surveys_api/close_put
Surveys_api,surveys_api,data_get,ACTION,NONE,GAP,"",admin/Surveys_api/data_get
Surveys_api,surveys_api,data_post,ACTION,NONE,GAP,"",admin/Surveys_api/data_post
Surveys_api,surveys_api,data_put,ACTION,NONE,GAP,"",admin/Surveys_api/data_put
Surveys_api,surveys_api,data_delete,ACTION,NONE,GAP,"",admin/Surveys_api/data_delete
Surveys_api,surveys_api,results_get,ACTION,NONE,GAP,"",admin/Surveys_api/results_get
Surveys_api,surveys_api,send_log_get,ACTION,NONE,GAP,"",admin/Surveys_api/send_log_get
Tags,tags,data_get,ACTION,NONE,GAP,"",admin/Tags/data_get
Tags,tags,data_search_get,ACTION,NONE,GAP,"",admin/Tags/data_search_get
Tags,tags,data_post,ACTION,NONE,GAP,"",admin/Tags/data_post
Tags,tags,data_delete,ACTION,NONE,GAP,"",admin/Tags/data_delete
Tags,tags,data_put,ACTION,NONE,GAP,"",admin/Tags/data_put
Tasks,tasks,timer_start_post,ACTION,tasks,YES,"",admin/Tasks/timer_start_post
Tasks,tasks,timer_stop_post,ACTION,tasks,YES,"",admin/Tasks/timer_stop_post
Tasks,tasks,mark_complete_put,ACTION,tasks,YES,"",admin/Tasks/mark_complete_put
Tasks,tasks,reopen_put,ACTION,tasks,YES,"",admin/Tasks/reopen_put
Tasks,tasks,data_get,ACTION,tasks,GAP,"",admin/Tasks/data_get
Tasks,tasks,data_search_get,ACTION,tasks,GAP,"",admin/Tasks/data_search_get
Tasks,tasks,data_post,ACTION,tasks,GAP,"",admin/Tasks/data_post
Tasks,tasks,assignments_get,ACTION,tasks,GAP,"",admin/Tasks/assignments_get
Tasks,tasks,assignments_post,ACTION,tasks,GAP,"",admin/Tasks/assignments_post
Tasks,tasks,assignments_delete,ACTION,tasks,GAP,"",admin/Tasks/assignments_delete
Tasks,tasks,followers_get,ACTION,tasks,GAP,"",admin/Tasks/followers_get
Tasks,tasks,followers_post,ACTION,tasks,GAP,"",admin/Tasks/followers_post
Tasks,tasks,followers_delete,ACTION,tasks,GAP,"",admin/Tasks/followers_delete
Tasks,tasks,checklist_get,ACTION,tasks,GAP,"",admin/Tasks/checklist_get
Tasks,tasks,checklist_post,ACTION,tasks,GAP,"",admin/Tasks/checklist_post
Tasks,tasks,checklist_put,ACTION,tasks,GAP,"",admin/Tasks/checklist_put
Tasks,tasks,checklist_delete,ACTION,tasks,GAP,"",admin/Tasks/checklist_delete
Tasks,tasks,checklist_item_put,ACTION,tasks,GAP,"",admin/Tasks/checklist_item_put
Tasks,tasks,checklist_item_delete,ACTION,tasks,GAP,"",admin/Tasks/checklist_item_delete
Tasks,tasks,comments_get,ACTION,tasks,GAP,"",admin/Tasks/comments_get
Tasks,tasks,comments_post,ACTION,tasks,GAP,"",admin/Tasks/comments_post
Tasks,tasks,comments_delete,ACTION,tasks,GAP,"",admin/Tasks/comments_delete
Tasks,tasks,data_delete,ACTION,tasks,GAP,"",admin/Tasks/data_delete
Tasks,tasks,data_put,ACTION,tasks,GAP,"",admin/Tasks/data_put
Technical_inquiries,technical_inquiries,data_get,ACTION,technical_inquiries,GAP,"",admin/Technical_inquiries/data_get
Technical_inquiries,technical_inquiries,data_post,ACTION,technical_inquiries,GAP,"",admin/Technical_inquiries/data_post
Technical_inquiries,technical_inquiries,data_put,ACTION,technical_inquiries,GAP,"",admin/Technical_inquiries/data_put
Technical_inquiries,technical_inquiries,data_delete,ACTION,technical_inquiries,GAP,"",admin/Technical_inquiries/data_delete
Technical_inquiries,technical_inquiries,items_get,ACTION,technical_inquiries,GAP,"",admin/Technical_inquiries/items_get
Technical_inquiries,technical_inquiries,items_post,ACTION,technical_inquiries,GAP,"",admin/Technical_inquiries/items_post
Technical_inquiries,technical_inquiries,items_put,ACTION,technical_inquiries,GAP,"",admin/Technical_inquiries/items_put
Technical_inquiries,technical_inquiries,items_delete,ACTION,technical_inquiries,GAP,"",admin/Technical_inquiries/items_delete
Technical_inquiries,technical_inquiries,specs_get,ACTION,technical_inquiries,GAP,"",admin/Technical_inquiries/specs_get
Technical_inquiries,technical_inquiries,specs_post,ACTION,technical_inquiries,GAP,"",admin/Technical_inquiries/specs_post
Technical_inquiries,technical_inquiries,specs_put,ACTION,technical_inquiries,GAP,"",admin/Technical_inquiries/specs_put
Technical_inquiries,technical_inquiries,specs_delete,ACTION,technical_inquiries,GAP,"",admin/Technical_inquiries/specs_delete
Technical_inquiries,technical_inquiries,analytics_get,ACTION,technical_inquiries,GAP,"",admin/Technical_inquiries/analytics_get
Tenders_api,tenders_api,data_get,ACTION,NONE,GAP,"",admin/Tenders_api/data_get
Tenders_api,tenders_api,data_post,ACTION,NONE,GAP,"",admin/Tenders_api/data_post
Tenders_api,tenders_api,data_put,ACTION,NONE,GAP,"",admin/Tenders_api/data_put
Tenders_api,tenders_api,data_delete,ACTION,NONE,GAP,"",admin/Tenders_api/data_delete
Tenders_api,tenders_api,status_put,ACTION,NONE,GAP,"",admin/Tenders_api/status_put
Tenders_api,tenders_api,mark_won_post,ACTION,NONE,GAP,"",admin/Tenders_api/mark_won_post
Tenders_api,tenders_api,mark_lost_post,ACTION,NONE,GAP,"",admin/Tenders_api/mark_lost_post
Tenders_api,tenders_api,boq_get,ACTION,NONE,GAP,"",admin/Tenders_api/boq_get
Tenders_api,tenders_api,boq_post,ACTION,NONE,GAP,"",admin/Tenders_api/boq_post
Tenders_api,tenders_api,documents_get,ACTION,NONE,GAP,"",admin/Tenders_api/documents_get
Tenders_api,tenders_api,documents_post,ACTION,NONE,GAP,"",admin/Tenders_api/documents_post
Tenders_api,tenders_api,requirements_get,ACTION,NONE,GAP,"",admin/Tenders_api/requirements_get
Tenders_api,tenders_api,requirements_post,ACTION,NONE,GAP,"",admin/Tenders_api/requirements_post
Tenders_api,tenders_api,risks_get,ACTION,NONE,GAP,"",admin/Tenders_api/risks_get
Tenders_api,tenders_api,risks_post,ACTION,NONE,GAP,"",admin/Tenders_api/risks_post
Tenders_api,tenders_api,analytics_get,ACTION,NONE,GAP,"",admin/Tenders_api/analytics_get
Tickets,tickets,reply_post,ACTION,tickets,YES,"",admin/Tickets/reply_post
Tickets,tickets,status_put,ACTION,tickets,GAP,"",admin/Tickets/status_put
Tickets,tickets,assign_put,ACTION,tickets,YES,"",admin/Tickets/assign_put
Tickets,tickets,priority_put,ACTION,tickets,GAP,"",admin/Tickets/priority_put
Tickets,tickets,data_get,ACTION,tickets,GAP,"",admin/Tickets/data_get
Tickets,tickets,data_search_get,ACTION,tickets,GAP,"",admin/Tickets/data_search_get
Tickets,tickets,data_post,ACTION,tickets,GAP,"",admin/Tickets/data_post
Tickets,tickets,data_delete,ACTION,tickets,GAP,"",admin/Tickets/data_delete
Tickets,tickets,data_put,ACTION,tickets,GAP,"",admin/Tickets/data_put
Timesheets_api,timesheets_api,data_get,ACTION,NONE,GAP,"",admin/Timesheets_api/data_get
Timesheets_api,timesheets_api,data_post,ACTION,NONE,GAP,"",admin/Timesheets_api/data_post
Timesheets_api,timesheets_api,data_put,ACTION,NONE,GAP,"",admin/Timesheets_api/data_put
Timesheets_api,timesheets_api,data_delete,ACTION,NONE,GAP,"",admin/Timesheets_api/data_delete
Timesheets_api,timesheets_api,start_post,ACTION,NONE,GAP,"",admin/Timesheets_api/start_post
Timesheets_api,timesheets_api,stop_post,ACTION,NONE,GAP,"",admin/Timesheets_api/stop_post
Timesheets_api,timesheets_api,summary_get,ACTION,NONE,GAP,"",admin/Timesheets_api/summary_get
Automation_manager,automation_manager,index,LIST,NONE,GAP,"",admin/Automation_manager/index
Automation_manager,automation_manager,table,LIST,NONE,GAP,"",admin/Automation_manager/table
Automation_manager,automation_manager,create,CREATE,NONE,GAP,"",admin/Automation_manager/create
Automation_manager,automation_manager,store,ACTION,NONE,GAP,"",admin/Automation_manager/store
Automation_manager,automation_manager,edit,EDIT,NONE,GAP,"",admin/Automation_manager/edit
Automation_manager,automation_manager,update,EDIT,NONE,GAP,"",admin/Automation_manager/update
Automation_manager,automation_manager,delete,DELETE,NONE,GAP,"",admin/Automation_manager/delete
Automation_manager,automation_manager,activate,ACTION,NONE,GAP,"",admin/Automation_manager/activate
Automation_manager,automation_manager,deactivate,ACTION,NONE,GAP,"",admin/Automation_manager/deactivate
Backup,backup,download,ACTION,NONE,GAP,"",admin/Backup/download
Backup,backup,index,LIST,NONE,GAP,"",admin/Backup/index
Backup,backup,make_backup_db,ACTION,NONE,GAP,"",admin/Backup/make_backup_db
Backup,backup,update_auto_backup_options,ACTION,NONE,GAP,"",admin/Backup/update_auto_backup_options
Backup,backup,delete,DELETE,NONE,GAP,"",admin/Backup/delete
Costcenters,costcenters,index,LIST,NONE,GAP,"",admin/Costcenters/index
Costcenters,costcenters,bin_records,ACTION,NONE,GAP,"",admin/Costcenters/bin_records
Costcenters,costcenters,bin_records_table,TAB,NONE,GAP,"",admin/Costcenters/bin_records_table
Costcenters,costcenters,ag_index,ACTION,NONE,GAP,"",admin/Costcenters/ag_index
Costcenters,costcenters,get_table_data,VALIDATE,NONE,GAP,"",admin/Costcenters/get_table_data
Costcenters,costcenters,ag_costcenter,ACTION,NONE,GAP,"",admin/Costcenters/ag_costcenter
Costcenters,costcenters,ag_delete,ACTION,NONE,GAP,"",admin/Costcenters/ag_delete
Costcenters,costcenters,tree_list,ACTION,NONE,GAP,"",admin/Costcenters/tree_list
Costcenters,costcenters,sections,ACTION,NONE,GAP,"",admin/Costcenters/sections
Costcenters,costcenters,table,LIST,NONE,GAP,"",admin/Costcenters/table
Costcenters,costcenters,costcenter_supoervisors,ACTION,NONE,GAP,"",admin/Costcenters/costcenter_supoervisors
Costcenters,costcenters,costcenter_members,ACTION,NONE,GAP,"",admin/Costcenters/costcenter_members
Costcenters,costcenters,expenses,ACTION,NONE,GAP,"",admin/Costcenters/expenses
Costcenters,costcenters,costcenter,ACTION,NONE,GAP,"",admin/Costcenters/costcenter
Costcenters,costcenters,view,DETAIL,NONE,GAP,"",admin/Costcenters/view
Costcenters,costcenters,mark_as,ACTION,NONE,GAP,"",admin/Costcenters/mark_as
Costcenters,costcenters,file,ACTION,NONE,GAP,"",admin/Costcenters/file
Costcenters,costcenters,update_file_data,ACTION,NONE,GAP,"",admin/Costcenters/update_file_data
Costcenters,costcenters,add_external_file,ACTION,NONE,GAP,"",admin/Costcenters/add_external_file
Costcenters,costcenters,download_all_files,ACTION,NONE,GAP,"",admin/Costcenters/download_all_files
Costcenters,costcenters,export_costcenter_data,ACTION,NONE,GAP,"",admin/Costcenters/export_costcenter_data
Costcenters,costcenters,update_task_milestone,ACTION,NONE,GAP,"",admin/Costcenters/update_task_milestone
Costcenters,costcenters,update_milestones_order,ACTION,NONE,GAP,"",admin/Costcenters/update_milestones_order
Costcenters,costcenters,pin_action,ACTION,NONE,GAP,"",admin/Costcenters/pin_action
Costcenters,costcenters,add_edit_members,ACTION,NONE,GAP,"",admin/Costcenters/add_edit_members
Costcenters,costcenters,discussions,ACTION,NONE,GAP,"",admin/Costcenters/discussions
Costcenters,costcenters,discussion,ACTION,NONE,GAP,"",admin/Costcenters/discussion
Costcenters,costcenters,get_discussion_comments,VALIDATE,NONE,GAP,"",admin/Costcenters/get_discussion_comments
Costcenters,costcenters,add_discussion_comment,ACTION,NONE,GAP,"",admin/Costcenters/add_discussion_comment
Costcenters,costcenters,update_discussion_comment,ACTION,NONE,GAP,"",admin/Costcenters/update_discussion_comment
Costcenters,costcenters,delete_discussion_comment,DELETE,NONE,GAP,"",admin/Costcenters/delete_discussion_comment
Costcenters,costcenters,delete_discussion,DELETE,NONE,GAP,"",admin/Costcenters/delete_discussion
Costcenters,costcenters,change_milestone_color,ACTION,NONE,GAP,"",admin/Costcenters/change_milestone_color
Costcenters,costcenters,upload_file,UPLOAD,NONE,GAP,"",admin/Costcenters/upload_file
Costcenters,costcenters,change_file_visibility,ACTION,NONE,GAP,"",admin/Costcenters/change_file_visibility
Costcenters,costcenters,change_activity_visibility,ACTION,NONE,GAP,"",admin/Costcenters/change_activity_visibility
Costcenters,costcenters,remove_file,ACTION,NONE,GAP,"",admin/Costcenters/remove_file
Costcenters,costcenters,milestones_kanban,ACTION,NONE,GAP,"",admin/Costcenters/milestones_kanban
Costcenters,costcenters,milestones_kanban_load_more,ACTION,NONE,GAP,"",admin/Costcenters/milestones_kanban_load_more
Costcenters,costcenters,milestones,ACTION,NONE,GAP,"",admin/Costcenters/milestones
Costcenters,costcenters,milestone,ACTION,NONE,GAP,"",admin/Costcenters/milestone
Costcenters,costcenters,delete_milestone,DELETE,NONE,GAP,"",admin/Costcenters/delete_milestone
Costcenters,costcenters,bulk_action_files,BULK,NONE,GAP,"",admin/Costcenters/bulk_action_files
Costcenters,costcenters,timesheets,ACTION,NONE,GAP,"",admin/Costcenters/timesheets
Costcenters,costcenters,timesheet,ACTION,NONE,GAP,"",admin/Costcenters/timesheet
Costcenters,costcenters,timesheet_task_assignees,ACTION,NONE,GAP,"",admin/Costcenters/timesheet_task_assignees
Costcenters,costcenters,remove_team_member,ACTION,NONE,GAP,"",admin/Costcenters/remove_team_member
Costcenters,costcenters,save_note,ACTION,NONE,GAP,"",admin/Costcenters/save_note
Costcenters,costcenters,delete,DELETE,NONE,GAP,"",admin/Costcenters/delete
Costcenters,costcenters,copy,ACTION,NONE,GAP,"",admin/Costcenters/copy
Costcenters,costcenters,mass_stop_timers,ACTION,NONE,GAP,"",admin/Costcenters/mass_stop_timers
Costcenters,costcenters,get_pre_invoice_costcenter_info,VALIDATE,NONE,GAP,"",admin/Costcenters/get_pre_invoice_costcenter_info
Costcenters,costcenters,get_invoice_costcenter_data,VALIDATE,NONE,GAP,"",admin/Costcenters/get_invoice_costcenter_data
Costcenters,costcenters,get_rel_costcenter_data,VALIDATE,NONE,GAP,"",admin/Costcenters/get_rel_costcenter_data
Costcenters,costcenters,invoice_costcenter,ACTION,NONE,GAP,"",admin/Costcenters/invoice_costcenter
Costcenters,costcenters,view_costcenter_as_client,ACTION,NONE,GAP,"",admin/Costcenters/view_costcenter_as_client
Costcenters,costcenters,get_staff_names_for_mentions,VALIDATE,NONE,GAP,"",admin/Costcenters/get_staff_names_for_mentions
Sections,sections,index,LIST,NONE,GAP,"",admin/Sections/index
Api,api,index,LIST,NONE,GAP,"",admin/Api/index
Api,api,migratefromold,ACTION,NONE,GAP,"",admin/Api/migratefromold
Api,api,DEWAScrape,ACTION,NONE,GAP,"",admin/Api/DEWAScrape
Api,api,DEWACSV,ACTION,NONE,GAP,"",admin/Api/DEWACSV
Api,api,open_external_file,ACTION,NONE,GAP,"",admin/Api/open_external_file
Dewa_contacts,dewa_contacts,read_all_rfx_files,ACTION,NONE,GAP,"",admin/Dewa_contacts/read_all_rfx_files
Dewa_contacts,dewa_contacts,extractRFxContact,ACTION,NONE,GAP,"",admin/Dewa_contacts/extractRFxContact
Dewa_contacts,dewa_contacts,add_dewa_contact2,ACTION,NONE,GAP,"",admin/Dewa_contacts/add_dewa_contact2
Dewa_contacts,dewa_contacts,table_dewa_contacts,TAB,NONE,GAP,"",admin/Dewa_contacts/table_dewa_contacts
Dewa_contacts,dewa_contacts,add_dewa_contact,ACTION,NONE,GAP,"",admin/Dewa_contacts/add_dewa_contact
Dewa_contacts,dewa_contacts,add_contact,ACTION,NONE,GAP,"",admin/Dewa_contacts/add_contact
Dewa_contacts,dewa_contacts,delete_dewa_contact,DELETE,NONE,GAP,"",admin/Dewa_contacts/delete_dewa_contact
Dewa_contacts,dewa_contacts,index,LIST,NONE,GAP,"",admin/Dewa_contacts/index
Documentation,documentation,index,LIST,NONE,GAP,"",admin/Documentation/index
Documentation,documentation,module,ACTION,NONE,GAP,"",admin/Documentation/module
Documentation,documentation,architecture,ACTION,NONE,GAP,"",admin/Documentation/architecture
Documentation,documentation,userguide,ACTION,NONE,GAP,"",admin/Documentation/userguide
Crud,crud,index,LIST,NONE,GAP,"",admin/Crud/index
Crud,crud,add,CREATE,NONE,GAP,"",admin/Crud/add
Crud,crud,add_save,ACTION,NONE,GAP,"",admin/Crud/add_save
Crud,crud,edit,EDIT,NONE,GAP,"",admin/Crud/edit
Crud,crud,edit_save,ACTION,NONE,GAP,"",admin/Crud/edit_save
Crud,crud,save_crud,ACTION,NONE,GAP,"",admin/Crud/save_crud
Crud,crud,delete,DELETE,NONE,GAP,"",admin/Crud/delete
Crud,crud,export,EXPORT,NONE,GAP,"",admin/Crud/export
Crud,crud,get_field_data,VALIDATE,NONE,GAP,"",admin/Crud/get_field_data
Crud,crud,get_list_field_id,VALIDATE,NONE,GAP,"",admin/Crud/get_list_field_id
Crud,crud,get_list_field_label,VALIDATE,NONE,GAP,"",admin/Crud/get_list_field_label
Crud,crud,get_action_form,VALIDATE,NONE,GAP,"",admin/Crud/get_action_form
Crud,crud,remove_action,ACTION,NONE,GAP,"",admin/Crud/remove_action
Crud,crud,save_action,ACTION,NONE,GAP,"",admin/Crud/save_action
Exports,exports,index,LIST,NONE,GAP,"",admin/Exports/index
Fixed_equipment,fixed_equipment,index,LIST,fixed_equipment_api,YES,"",admin/Fixed_equipment/index
Fixed_equipment,fixed_equipment,settings,ACTION,fixed_equipment_api,GAP,"",admin/Fixed_equipment/settings
Fixed_equipment,fixed_equipment,depreciations_table,TAB,fixed_equipment_api,GAP,"",admin/Fixed_equipment/depreciations_table
Fixed_equipment,fixed_equipment,add_depreciations,ACTION,fixed_equipment_api,GAP,"",admin/Fixed_equipment/add_depreciations
Fixed_equipment,fixed_equipment,delete_depreciations,DELETE,fixed_equipment_api,YES,"",admin/Fixed_equipment/delete_depreciations
Fixed_equipment,fixed_equipment,locations_table,TAB,fixed_equipment_api,GAP,"",admin/Fixed_equipment/locations_table
Fixed_equipment,fixed_equipment,add_locations,ACTION,fixed_equipment_api,GAP,"",admin/Fixed_equipment/add_locations
Fixed_equipment,fixed_equipment,delete_locations,DELETE,fixed_equipment_api,YES,"",admin/Fixed_equipment/delete_locations
Fixed_equipment,fixed_equipment,get_modal_content_locations,VALIDATE,fixed_equipment_api,GAP,"",admin/Fixed_equipment/get_modal_content_locations
Fixed_equipment,fixed_equipment,file_item,ACTION,fixed_equipment_api,GAP,"",admin/Fixed_equipment/file_item
Fixed_equipment,fixed_equipment,delete_file_item,DELETE,fixed_equipment_api,YES,"",admin/Fixed_equipment/delete_file_item
Fixed_equipment,fixed_equipment,suppliers_table,TAB,fixed_equipment_api,GAP,"",admin/Fixed_equipment/suppliers_table
Fixed_equipment,fixed_equipment,add_suppliers,ACTION,fixed_equipment_api,GAP,"",admin/Fixed_equipment/add_suppliers
Fixed_equipment,fixed_equipment,delete_suppliers,DELETE,fixed_equipment_api,YES,"",admin/Fixed_equipment/delete_suppliers
Fixed_equipment,fixed_equipment,get_modal_content_suppliers,VALIDATE,fixed_equipment_api,GAP,"",admin/Fixed_equipment/get_modal_content_suppliers
Fixed_equipment,fixed_equipment,asset_manufacturers_table,TAB,fixed_equipment_api,GAP,"",admin/Fixed_equipment/asset_manufacturers_table
Fixed_equipment,fixed_equipment,add_asset_manufacturers,ACTION,fixed_equipment_api,GAP,"",admin/Fixed_equipment/add_asset_manufacturers
Fixed_equipment,fixed_equipment,delete_asset_manufacturers,DELETE,fixed_equipment_api,YES,"",admin/Fixed_equipment/delete_asset_manufacturers
Fixed_equipment,fixed_equipment,get_modal_content_asset_manufacturers,VALIDATE,fixed_equipment_api,GAP,"",admin/Fixed_equipment/get_modal_content_asset_manufacturers
Fixed_equipment,fixed_equipment,categories_table,TAB,fixed_equipment_api,GAP,"",admin/Fixed_equipment/categories_table
Fixed_equipment,fixed_equipment,add_categories,ACTION,fixed_equipment_api,GAP,"",admin/Fixed_equipment/add_categories
Fixed_equipment,fixed_equipment,delete_categories,DELETE,fixed_equipment_api,YES,"",admin/Fixed_equipment/delete_categories
Fixed_equipment,fixed_equipment,get_modal_content_categories,VALIDATE,fixed_equipment_api,GAP,"",admin/Fixed_equipment/get_modal_content_categories
Fixed_equipment,fixed_equipment,models_table,TAB,fixed_equipment_api,GAP,"",admin/Fixed_equipment/models_table
Fixed_equipment,fixed_equipment,add_models,ACTION,fixed_equipment_api,GAP,"",admin/Fixed_equipment/add_models
Fixed_equipment,fixed_equipment,delete_models,DELETE,fixed_equipment_api,YES,"",admin/Fixed_equipment/delete_models
Fixed_equipment,fixed_equipment,get_modal_content_models,VALIDATE,fixed_equipment_api,GAP,"",admin/Fixed_equipment/get_modal_content_models
Fixed_equipment,fixed_equipment,status_labels_table,TAB,fixed_equipment_api,GAP,"",admin/Fixed_equipment/status_labels_table
Fixed_equipment,fixed_equipment,add_status_labels,ACTION,fixed_equipment_api,GAP,"",admin/Fixed_equipment/add_status_labels
Fixed_equipment,fixed_equipment,delete_status_labels,DELETE,fixed_equipment_api,YES,"",admin/Fixed_equipment/delete_status_labels
Fixed_equipment,fixed_equipment,view_model,ACTION,fixed_equipment_api,GAP,"",admin/Fixed_equipment/view_model
Fixed_equipment,fixed_equipment,view_model_table,TAB,fixed_equipment_api,GAP,"",admin/Fixed_equipment/view_model_table
Fixed_equipment,fixed_equipment,assets,ACTION,fixed_equipment_api,GAP,"",admin/Fixed_equipment/assets
Fixed_equipment,fixed_equipment,add_assets,ACTION,fixed_equipment_api,GAP,"",admin/Fixed_equipment/add_assets
Fixed_equipment,fixed_equipment,all_asset_table,LIST,fixed_equipment_api,YES,"",admin/Fixed_equipment/all_asset_table
Fixed_equipment,fixed_equipment,delete_assets,DELETE,fixed_equipment_api,YES,"",admin/Fixed_equipment/delete_assets
Fixed_equipment,fixed_equipment,get_modal_content_assets,VALIDATE,fixed_equipment_api,GAP,"",admin/Fixed_equipment/get_modal_content_assets
Fixed_equipment,fixed_equipment,check_exist_serial,ACTION,fixed_equipment_api,GAP,"",admin/Fixed_equipment/check_exist_serial
Fixed_equipment,fixed_equipment,check_in_assets,ACTION,fixed_equipment_api,GAP,"",admin/Fixed_equipment/check_in_assets
Fixed_equipment,fixed_equipment,check_out_assets,ACTION,fixed_equipment_api,GAP,"",admin/Fixed_equipment/check_out_assets
Fixed_equipment,fixed_equipment,detail_asset,ACTION,fixed_equipment_api,GAP,"",admin/Fixed_equipment/detail_asset
Fixed_equipment,fixed_equipment,asets_history_table,TAB,fixed_equipment_api,GAP,"",admin/Fixed_equipment/asets_history_table
Fixed_equipment,fixed_equipment,licenses,ACTION,fixed_equipment_api,GAP,"",admin/Fixed_equipment/licenses
Fixed_equipment,fixed_equipment,licenses_table,TAB,fixed_equipment_api,GAP,"",admin/Fixed_equipment/licenses_table
Fixed_equipment,fixed_equipment,delete_license,DELETE,fixed_equipment_api,YES,"",admin/Fixed_equipment/delete_license
Fixed_equipment,fixed_equipment,get_data_licenses,VALIDATE,fixed_equipment_api,GAP,"",admin/Fixed_equipment/get_data_licenses
Fixed_equipment,fixed_equipment,check_in_license,ACTION,fixed_equipment_api,GAP,"",admin/Fixed_equipment/check_in_license
Fixed_equipment,fixed_equipment,detail_licenses,ACTION,fixed_equipment_api,GAP,"",admin/Fixed_equipment/detail_licenses
Fixed_equipment,fixed_equipment,license_seat_table,TAB,fixed_equipment_api,GAP,"",admin/Fixed_equipment/license_seat_table
Fixed_equipment,fixed_equipment,get_location_name,VALIDATE,fixed_equipment_api,GAP,"",admin/Fixed_equipment/get_location_name
Fixed_equipment,fixed_equipment,license_history_table,TAB,fixed_equipment_api,GAP,"",admin/Fixed_equipment/license_history_table
Fixed_equipment,fixed_equipment,accessories,ACTION,fixed_equipment_api,GAP,"",admin/Fixed_equipment/accessories
Fixed_equipment,fixed_equipment,accessories_table,TAB,fixed_equipment_api,GAP,"",admin/Fixed_equipment/accessories_table
Fixed_equipment,fixed_equipment,get_data_accessories_modal,VALIDATE,fixed_equipment_api,GAP,"",admin/Fixed_equipment/get_data_accessories_modal
Fixed_equipment,fixed_equipment,delete_accessories,DELETE,fixed_equipment_api,YES,"",admin/Fixed_equipment/delete_accessories
Fixed_equipment,fixed_equipment,consumables,ACTION,fixed_equipment_api,GAP,"",admin/Fixed_equipment/consumables
Fixed_equipment,fixed_equipment,consumables_table,TAB,fixed_equipment_api,GAP,"",admin/Fixed_equipment/consumables_table
Fixed_equipment,fixed_equipment,get_data_consumables_modal,VALIDATE,fixed_equipment_api,GAP,"",admin/Fixed_equipment/get_data_consumables_modal
Fixed_equipment,fixed_equipment,delete_consumables,DELETE,fixed_equipment_api,YES,"",admin/Fixed_equipment/delete_consumables
Fixed_equipment,fixed_equipment,components,ACTION,fixed_equipment_api,GAP,"",admin/Fixed_equipment/components
Fixed_equipment,fixed_equipment,components_table,TAB,fixed_equipment_api,GAP,"",admin/Fixed_equipment/components_table
Fixed_equipment,fixed_equipment,get_data_components_modal,VALIDATE,fixed_equipment_api,GAP,"",admin/Fixed_equipment/get_data_components_modal
Fixed_equipment,fixed_equipment,delete_components,DELETE,fixed_equipment_api,YES,"",admin/Fixed_equipment/delete_components
Fixed_equipment,fixed_equipment,predefined_kits,ACTION,fixed_equipment_api,GAP,"",admin/Fixed_equipment/predefined_kits
Fixed_equipment,fixed_equipment,predefined_kits_table,TAB,fixed_equipment_api,GAP,"",admin/Fixed_equipment/predefined_kits_table
Fixed_equipment,fixed_equipment,get_data_predefined_kits_modal,VALIDATE,fixed_equipment_api,GAP,"",admin/Fixed_equipment/get_data_predefined_kits_modal
Fixed_equipment,fixed_equipment,delete_predefined_kits,DELETE,fixed_equipment_api,YES,"",admin/Fixed_equipment/delete_predefined_kits
Fixed_equipment,fixed_equipment,detail_predefined_kits,ACTION,fixed_equipment_api,GAP,"",admin/Fixed_equipment/detail_predefined_kits
Fixed_equipment,fixed_equipment,add_model_predefined_kits,ACTION,fixed_equipment_api,GAP,"",admin/Fixed_equipment/add_model_predefined_kits
Fixed_equipment,fixed_equipment,model_predefined_kits_table,TAB,fixed_equipment_api,GAP,"",admin/Fixed_equipment/model_predefined_kits_table
Fixed_equipment,fixed_equipment,delete_model_predefined_kits,DELETE,fixed_equipment_api,YES,"",admin/Fixed_equipment/delete_model_predefined_kits
Fixed_equipment,fixed_equipment,check_in_accessories,ACTION,fixed_equipment_api,GAP,"",admin/Fixed_equipment/check_in_accessories
Fixed_equipment,fixed_equipment,detail_accessories,ACTION,fixed_equipment_api,GAP,"",admin/Fixed_equipment/detail_accessories
Fixed_equipment,fixed_equipment,detail_accessories_table,TAB,fixed_equipment_api,GAP,"",admin/Fixed_equipment/detail_accessories_table
Fixed_equipment,fixed_equipment,check_in_consumables,ACTION,fixed_equipment_api,GAP,"",admin/Fixed_equipment/check_in_consumables
Fixed_equipment,fixed_equipment,detail_consumables,ACTION,fixed_equipment_api,GAP,"",admin/Fixed_equipment/detail_consumables
Fixed_equipment,fixed_equipment,detail_consumables_table,TAB,fixed_equipment_api,GAP,"",admin/Fixed_equipment/detail_consumables_table
Fixed_equipment,fixed_equipment,check_in_components,ACTION,fixed_equipment_api,GAP,"",admin/Fixed_equipment/check_in_components
Fixed_equipment,fixed_equipment,detail_components,ACTION,fixed_equipment_api,GAP,"",admin/Fixed_equipment/detail_components
Fixed_equipment,fixed_equipment,detail_components_table,TAB,fixed_equipment_api,GAP,"",admin/Fixed_equipment/detail_components_table
Fixed_equipment,fixed_equipment,check_in_predefined_kits,ACTION,fixed_equipment_api,GAP,"",admin/Fixed_equipment/check_in_predefined_kits
Fixed_equipment,fixed_equipment,table_asset_licenses_table,TAB,fixed_equipment_api,GAP,"",admin/Fixed_equipment/table_asset_licenses_table
Fixed_equipment,fixed_equipment,check_in_license_detail_asset,ACTION,fixed_equipment_api,GAP,"",admin/Fixed_equipment/check_in_license_detail_asset
Fixed_equipment,fixed_equipment,table_asset_component_table,TAB,fixed_equipment_api,GAP,"",admin/Fixed_equipment/table_asset_component_table
Fixed_equipment,fixed_equipment,upload_asset_file,UPLOAD,fixed_equipment_api,GAP,"",admin/Fixed_equipment/upload_asset_file
Fixed_equipment,fixed_equipment,asset_files_table,TAB,fixed_equipment_api,GAP,"",admin/Fixed_equipment/asset_files_table
Fixed_equipment,fixed_equipment,delete_asset_file_item,DELETE,fixed_equipment_api,YES,"",admin/Fixed_equipment/delete_asset_file_item
Fixed_equipment,fixed_equipment,upload_license_file,UPLOAD,fixed_equipment_api,GAP,"",admin/Fixed_equipment/upload_license_file
Fixed_equipment,fixed_equipment,license_files_table,TAB,fixed_equipment_api,GAP,"",admin/Fixed_equipment/license_files_table
Fixed_equipment,fixed_equipment,delete_license_file_item,DELETE,fixed_equipment_api,YES,"",admin/Fixed_equipment/delete_license_file_item
Fixed_equipment,fixed_equipment,assets_maintenances,ACTION,fixed_equipment_api,GAP,"",admin/Fixed_equipment/assets_maintenances
Fixed_equipment,fixed_equipment,assets_maintenances_table,TAB,fixed_equipment_api,GAP,"",admin/Fixed_equipment/assets_maintenances_table
Fixed_equipment,fixed_equipment,delete_asset_maintenances,DELETE,fixed_equipment_api,YES,"",admin/Fixed_equipment/delete_asset_maintenances
Fixed_equipment,fixed_equipment,get_data_assets_maintenances,VALIDATE,fixed_equipment_api,GAP,"",admin/Fixed_equipment/get_data_assets_maintenances
Fixed_equipment,fixed_equipment,detail_assets_table,TAB,fixed_equipment_api,GAP,"",admin/Fixed_equipment/detail_assets_table
Fixed_equipment,fixed_equipment,approver_setting,ACTION,fixed_equipment_api,GAP,"",admin/Fixed_equipment/approver_setting
Fixed_equipment,fixed_equipment,approve_setting_table,TAB,fixed_equipment_api,GAP,"",admin/Fixed_equipment/approve_setting_table
Fixed_equipment,fixed_equipment,delete_approve_setting,DELETE,fixed_equipment_api,YES,"",admin/Fixed_equipment/delete_approve_setting
Fixed_equipment,fixed_equipment,get_approve_setting,VALIDATE,fixed_equipment_api,GAP,"",admin/Fixed_equipment/get_approve_setting
Fixed_equipment,fixed_equipment,requested,ACTION,fixed_equipment_api,GAP,"",admin/Fixed_equipment/requested
Fixed_equipment,fixed_equipment,request_table,TAB,fixed_equipment_api,GAP,"",admin/Fixed_equipment/request_table
Fixed_equipment,fixed_equipment,add_new_request,ACTION,fixed_equipment_api,GAP,"",admin/Fixed_equipment/add_new_request
Fixed_equipment,fixed_equipment,detail_request,ACTION,fixed_equipment_api,GAP,"",admin/Fixed_equipment/detail_request
Fixed_equipment,fixed_equipment,delete_request,DELETE,fixed_equipment_api,YES,"",admin/Fixed_equipment/delete_request
Fixed_equipment,fixed_equipment,approve_request_form,ACTION,fixed_equipment_api,GAP,"",admin/Fixed_equipment/approve_request_form
Fixed_equipment,fixed_equipment,choose_approver_request,ACTION,fixed_equipment_api,GAP,"",admin/Fixed_equipment/choose_approver_request
Fixed_equipment,fixed_equipment,assets_detail_maintenances,ACTION,fixed_equipment_api,GAP,"",admin/Fixed_equipment/assets_detail_maintenances
Fixed_equipment,fixed_equipment,asset_checkout_table,TAB,fixed_equipment_api,GAP,"",admin/Fixed_equipment/asset_checkout_table
Fixed_equipment,fixed_equipment,check_in_detail_assets,ACTION,fixed_equipment_api,GAP,"",admin/Fixed_equipment/check_in_detail_assets
Fixed_equipment,fixed_equipment,add_fieldset,ACTION,fixed_equipment_api,GAP,"",admin/Fixed_equipment/add_fieldset
Fixed_equipment,fixed_equipment,customfield_table,TAB,fixed_equipment_api,GAP,"",admin/Fixed_equipment/customfield_table
Fixed_equipment,fixed_equipment,detail_customfield,ACTION,fixed_equipment_api,GAP,"",admin/Fixed_equipment/detail_customfield
Fixed_equipment,fixed_equipment,add_custom_field,ACTION,fixed_equipment_api,GAP,"",admin/Fixed_equipment/add_custom_field
Fixed_equipment,fixed_equipment,custom_field_table,TAB,fixed_equipment_api,GAP,"",admin/Fixed_equipment/custom_field_table
Fixed_equipment,fixed_equipment,delete_custom_field,DELETE,fixed_equipment_api,YES,"",admin/Fixed_equipment/delete_custom_field
Fixed_equipment,fixed_equipment,get_custom_field_data,VALIDATE,fixed_equipment_api,GAP,"",admin/Fixed_equipment/get_custom_field_data
Fixed_equipment,fixed_equipment,delete_fieldset,DELETE,fixed_equipment_api,YES,"",admin/Fixed_equipment/delete_fieldset
Fixed_equipment,fixed_equipment,get_custom_field_model,VALIDATE,fixed_equipment_api,GAP,"",admin/Fixed_equipment/get_custom_field_model
Fixed_equipment,fixed_equipment,audit_managements,ACTION,fixed_equipment_api,GAP,"",admin/Fixed_equipment/audit_managements
Fixed_equipment,fixed_equipment,audit_request,ACTION,fixed_equipment_api,GAP,"",admin/Fixed_equipment/audit_request
Fixed_equipment,fixed_equipment,get_data_hanson_audit,VALIDATE,fixed_equipment_api,GAP,"",admin/Fixed_equipment/get_data_hanson_audit
Fixed_equipment,fixed_equipment,get_quantity_asset_by_type,VALIDATE,fixed_equipment_api,GAP,"",admin/Fixed_equipment/get_quantity_asset_by_type
Fixed_equipment,fixed_equipment,create_audit_request,ACTION,fixed_equipment_api,GAP,"",admin/Fixed_equipment/create_audit_request
Fixed_equipment,fixed_equipment,view_audit_request,ACTION,fixed_equipment_api,GAP,"",admin/Fixed_equipment/view_audit_request
Fixed_equipment,fixed_equipment,audit_managements_table,TAB,fixed_equipment_api,GAP,"",admin/Fixed_equipment/audit_managements_table
Fixed_equipment,fixed_equipment,approve_request_form_audit,ACTION,fixed_equipment_api,GAP,"",admin/Fixed_equipment/approve_request_form_audit
Fixed_equipment,fixed_equipment,choose_approver_request_audit,ACTION,fixed_equipment_api,GAP,"",admin/Fixed_equipment/choose_approver_request_audit
Fixed_equipment,fixed_equipment,delete_audit_request,DELETE,fixed_equipment_api,YES,"",admin/Fixed_equipment/delete_audit_request
Fixed_equipment,fixed_equipment,audit,ACTION,fixed_equipment_api,GAP,"",admin/Fixed_equipment/audit
Fixed_equipment,fixed_equipment,close_audit_request,ACTION,fixed_equipment_api,GAP,"",admin/Fixed_equipment/close_audit_request
Fixed_equipment,fixed_equipment,approve_request_close_audit,ACTION,fixed_equipment_api,GAP,"",admin/Fixed_equipment/approve_request_close_audit
Fixed_equipment,fixed_equipment,choose_approver_request_close_audit,ACTION,fixed_equipment_api,GAP,"",admin/Fixed_equipment/choose_approver_request_close_audit
Fixed_equipment,fixed_equipment,report,ACTION,fixed_equipment_api,GAP,"",admin/Fixed_equipment/report
Fixed_equipment,fixed_equipment,table_activity_dashboard,TAB,fixed_equipment_api,GAP,"",admin/Fixed_equipment/table_activity_dashboard
Fixed_equipment,fixed_equipment,table_activity_report,TAB,fixed_equipment_api,GAP,"",admin/Fixed_equipment/table_activity_report
Fixed_equipment,fixed_equipment,table_unaccepted_assets_report,TAB,fixed_equipment_api,GAP,"",admin/Fixed_equipment/table_unaccepted_assets_report
Fixed_equipment,fixed_equipment,table_inventory_report_report,TAB,fixed_equipment_api,GAP,"",admin/Fixed_equipment/table_inventory_report_report
Fixed_equipment,fixed_equipment,dashboard,ACTION,fixed_equipment_api,GAP,"",admin/Fixed_equipment/dashboard
Fixed_equipment,fixed_equipment,table_asset_categories_dashboard,TAB,fixed_equipment_api,GAP,"",admin/Fixed_equipment/table_asset_categories_dashboard
Fixed_equipment,fixed_equipment,depreciations,ACTION,fixed_equipment_api,GAP,"",admin/Fixed_equipment/depreciations
Fixed_equipment,fixed_equipment,depreciation_table,TAB,fixed_equipment_api,GAP,"",admin/Fixed_equipment/depreciation_table
Fixed_equipment,fixed_equipment,locations,ACTION,fixed_equipment_api,GAP,"",admin/Fixed_equipment/locations
Fixed_equipment,fixed_equipment,detail_locations,ACTION,fixed_equipment_api,GAP,"",admin/Fixed_equipment/detail_locations
Fixed_equipment,fixed_equipment,asset_location_table,TAB,fixed_equipment_api,GAP,"",admin/Fixed_equipment/asset_location_table
Fixed_equipment,fixed_equipment,accessories_location_table,TAB,fixed_equipment_api,GAP,"",admin/Fixed_equipment/accessories_location_table
Fixed_equipment,fixed_equipment,consumables_location_table,TAB,fixed_equipment_api,GAP,"",admin/Fixed_equipment/consumables_location_table
Fixed_equipment,fixed_equipment,components_location_table,TAB,fixed_equipment_api,GAP,"",admin/Fixed_equipment/components_location_table
Fixed_equipment,fixed_equipment,check_in_assets_location,ACTION,fixed_equipment_api,GAP,"",admin/Fixed_equipment/check_in_assets_location
Fixed_equipment,fixed_equipment,check_in_accessories_location,ACTION,fixed_equipment_api,GAP,"",admin/Fixed_equipment/check_in_accessories_location
Fixed_equipment,fixed_equipment,check_in_consumables_location,ACTION,fixed_equipment_api,GAP,"",admin/Fixed_equipment/check_in_consumables_location
Fixed_equipment,fixed_equipment,check_in_components_location,ACTION,fixed_equipment_api,GAP,"",admin/Fixed_equipment/check_in_components_location
Fixed_equipment,fixed_equipment,other_setting,ACTION,fixed_equipment_api,GAP,"",admin/Fixed_equipment/other_setting
Fixed_equipment,fixed_equipment,delete_assets_location,DELETE,fixed_equipment_api,YES,"",admin/Fixed_equipment/delete_assets_location
Fixed_equipment,fixed_equipment,update_asset_location,ACTION,fixed_equipment_api,GAP,"",admin/Fixed_equipment/update_asset_location
Fixed_equipment,fixed_equipment,update_accessories_location,ACTION,fixed_equipment_api,GAP,"",admin/Fixed_equipment/update_accessories_location
Fixed_equipment,fixed_equipment,update_consumables_location,ACTION,fixed_equipment_api,GAP,"",admin/Fixed_equipment/update_consumables_location
Fixed_equipment,fixed_equipment,update_components_location,ACTION,fixed_equipment_api,GAP,"",admin/Fixed_equipment/update_components_location
Fixed_equipment,fixed_equipment,staff_asset_table,TAB,fixed_equipment_api,GAP,"",admin/Fixed_equipment/staff_asset_table
Fixed_equipment,fixed_equipment,get_asset_staff_predefined_kit,VALIDATE,fixed_equipment_api,GAP,"",admin/Fixed_equipment/get_asset_staff_predefined_kit
Fixed_equipment,fixed_equipment,asset_staff_history_table,TAB,fixed_equipment_api,GAP,"",admin/Fixed_equipment/asset_staff_history_table
Fixed_equipment,fixed_equipment,delete_asset_maintenance_detail,DELETE,fixed_equipment_api,YES,"",admin/Fixed_equipment/delete_asset_maintenance_detail
Fixed_equipment,fixed_equipment,permission_table,TAB,fixed_equipment_api,GAP,"",admin/Fixed_equipment/permission_table
Fixed_equipment,fixed_equipment,permission_modal,ACTION,fixed_equipment_api,GAP,"",admin/Fixed_equipment/permission_modal
Fixed_equipment,fixed_equipment,staff_id_changed,ACTION,fixed_equipment_api,GAP,"",admin/Fixed_equipment/staff_id_changed
Fixed_equipment,fixed_equipment,update_permissions,ACTION,fixed_equipment_api,GAP,"",admin/Fixed_equipment/update_permissions
Fixed_equipment,fixed_equipment,delete_permission,DELETE,fixed_equipment_api,YES,"",admin/Fixed_equipment/delete_permission
Fixed_equipment,fixed_equipment,checkout_management_table,TAB,fixed_equipment_api,GAP,"",admin/Fixed_equipment/checkout_management_table
Fixed_equipment,fixed_equipment,checkout_managements,ACTION,fixed_equipment_api,GAP,"",admin/Fixed_equipment/checkout_managements
Fixed_equipment,fixed_equipment,detail_checkout,ACTION,fixed_equipment_api,GAP,"",admin/Fixed_equipment/detail_checkout
Fixed_equipment,fixed_equipment,get_sign_modal,VALIDATE,fixed_equipment_api,GAP,"",admin/Fixed_equipment/get_sign_modal
Fixed_equipment,fixed_equipment,get_check_in_out_staff_option,VALIDATE,fixed_equipment_api,GAP,"",admin/Fixed_equipment/get_check_in_out_staff_option
Fixed_equipment,fixed_equipment,add_sign_document,ACTION,fixed_equipment_api,GAP,"",admin/Fixed_equipment/add_sign_document
Fixed_equipment,fixed_equipment,get_sign_document_detail,VALIDATE,fixed_equipment_api,GAP,"",admin/Fixed_equipment/get_sign_document_detail
Fixed_equipment,fixed_equipment,change_sign_document_status,ACTION,fixed_equipment_api,GAP,"",admin/Fixed_equipment/change_sign_document_status
Fixed_equipment,fixed_equipment,staff_sign_document,ACTION,fixed_equipment_api,GAP,"",admin/Fixed_equipment/staff_sign_document
Fixed_equipment,fixed_equipment,sign_detail_pdf,ACTION,fixed_equipment_api,GAP,"",admin/Fixed_equipment/sign_detail_pdf
Fixed_equipment,fixed_equipment,get_asset_info_from_qr_code,VALIDATE,fixed_equipment_api,GAP,"",admin/Fixed_equipment/get_asset_info_from_qr_code
Fixed_equipment,fixed_equipment,print_qrcode_pdf,ACTION,fixed_equipment_api,GAP,"",admin/Fixed_equipment/print_qrcode_pdf
Fixed_equipment,fixed_equipment,bulk_upload,BULK,fixed_equipment_api,GAP,"",admin/Fixed_equipment/bulk_upload
Fixed_equipment,fixed_equipment,import_xlsx_item,ACTION,fixed_equipment_api,GAP,"",admin/Fixed_equipment/import_xlsx_item
Fixed_equipment,fixed_equipment,delete_error_file_day_before,DELETE,fixed_equipment_api,YES,"",admin/Fixed_equipment/delete_error_file_day_before
Gtsverify,gtsverify,index,LIST,NONE,GAP,"",admin/Gtsverify/index
Gtsverify,gtsverify,activate,ACTION,NONE,GAP,"",admin/Gtsverify/activate
Flexibleleadfinder,flexibleleadfinder,index,LIST,NONE,GAP,"",admin/Flexibleleadfinder/index
Flexibleleadfinder,flexibleleadfinder,view,DETAIL,NONE,GAP,"",admin/Flexibleleadfinder/view
Flexibleleadfinder,flexibleleadfinder,delete,DELETE,NONE,GAP,"",admin/Flexibleleadfinder/delete
Flexibleleadfinder,flexibleleadfinder,delete_contact,DELETE,NONE,GAP,"",admin/Flexibleleadfinder/delete_contact
Flexibleleadfinder,flexibleleadfinder,sync_contact,ACTION,NONE,GAP,"",admin/Flexibleleadfinder/sync_contact
Flexibleleadfinder,flexibleleadfinder,sync_all,ACTION,NONE,GAP,"",admin/Flexibleleadfinder/sync_all
Flexibleleadfinder,flexibleleadfinder,new_search,ACTION,NONE,GAP,"",admin/Flexibleleadfinder/new_search
Flexibleleadfinder,flexibleleadfinder,settings,ACTION,NONE,GAP,"",admin/Flexibleleadfinder/settings
Flexibleleadfinder,flexibleleadfinder,delete_all_searches,DELETE,NONE,GAP,"",admin/Flexibleleadfinder/delete_all_searches
Gatepass,gatepass,ag_index,ACTION,gatepass_api,GAP,"",admin/Gatepass/ag_index
Gatepass,gatepass,get_table_data,VALIDATE,gatepass_api,GAP,"",admin/Gatepass/get_table_data
Gatepass,gatepass,get_bin_records_data,VALIDATE,gatepass_api,GAP,"",admin/Gatepass/get_bin_records_data
Gatepass,gatepass,table,LIST,gatepass_api,YES,"",admin/Gatepass/table
Gatepass,gatepass,manage,ACTION,gatepass_api,GAP,"",admin/Gatepass/manage
Gatepass,gatepass,load_related_data,ACTION,gatepass_api,GAP,"",admin/Gatepass/load_related_data
Gatepass,gatepass,delete,DELETE,gatepass_api,YES,"",admin/Gatepass/delete
Gatepass,gatepass,bin_records,ACTION,gatepass_api,GAP,"",admin/Gatepass/bin_records
Gatepass,gatepass,bin_records_table,TAB,gatepass_api,GAP,"",admin/Gatepass/bin_records_table
Gatepass,gatepass,delete_gp_permanently,DELETE,gatepass_api,YES,"",admin/Gatepass/delete_gp_permanently
Gatepass,gatepass,restore,ACTION,gatepass_api,GAP,"",admin/Gatepass/restore
Gatepass,gatepass,process_documents,ACTION,gatepass_api,GAP,"",admin/Gatepass/process_documents
Gatepass,gatepass,settings,ACTION,gatepass_api,GAP,"",admin/Gatepass/settings
Gatepass,gatepass,serve_generated_file,ACTION,gatepass_api,GAP,"",admin/Gatepass/serve_generated_file
RequestManager,requestmanager,index,LIST,NONE,GAP,"",admin/RequestManager/index
RequestManager,requestmanager,table,LIST,NONE,GAP,"",admin/RequestManager/table
RequestManager,requestmanager,get_table_data,VALIDATE,NONE,GAP,"",admin/RequestManager/get_table_data
RequestManager,requestmanager,request,ACTION,NONE,GAP,"",admin/RequestManager/request
RequestManager,requestmanager,load_related_data,ACTION,NONE,GAP,"",admin/RequestManager/load_related_data
RequestManager,requestmanager,view,DETAIL,NONE,GAP,"",admin/RequestManager/view
RequestManager,requestmanager,delete,DELETE,NONE,GAP,"",admin/RequestManager/delete
RequestManager,requestmanager,convert_request,ACTION,NONE,GAP,"",admin/RequestManager/convert_request
Vehicles,vehicles,index,LIST,NONE,GAP,"",admin/Vehicles/index
Vehicles,vehicles,table,LIST,NONE,GAP,"",admin/Vehicles/table
Vehicles,vehicles,manage,ACTION,NONE,GAP,"",admin/Vehicles/manage
Vehicles,vehicles,delete,DELETE,NONE,GAP,"",admin/Vehicles/delete
Vehicles,vehicles,get_table_data,VALIDATE,NONE,GAP,"",admin/Vehicles/get_table_data
Goals,goals,index,LIST,goals_api,YES,"",admin/Goals/index
Goals,goals,goal,ACTION,goals_api,GAP,"",admin/Goals/goal
Goals,goals,delete,DELETE,goals_api,YES,"",admin/Goals/delete
Goals,goals,notify,ACTION,goals_api,GAP,"",admin/Goals/notify
Gtsverify,gtsverify,index,LIST,NONE,GAP,"",admin/Gtsverify/index
Gtsverify,gtsverify,activate,ACTION,NONE,GAP,"",admin/Gtsverify/activate
Hr_payroll,hr_payroll,setting,ACTION,NONE,GAP,"",admin/Hr_payroll/setting
Hr_payroll,hr_payroll,setting_incometax_rates,ACTION,NONE,GAP,"",admin/Hr_payroll/setting_incometax_rates
Hr_payroll,hr_payroll,setting_incometax_rebates,ACTION,NONE,GAP,"",admin/Hr_payroll/setting_incometax_rebates
Hr_payroll,hr_payroll,setting_earnings_list,ACTION,NONE,GAP,"",admin/Hr_payroll/setting_earnings_list
Hr_payroll,hr_payroll,setting_salary_deductions_list,ACTION,NONE,GAP,"",admin/Hr_payroll/setting_salary_deductions_list
Hr_payroll,hr_payroll,setting_insurance_list,ACTION,NONE,GAP,"",admin/Hr_payroll/setting_insurance_list
Hr_payroll,hr_payroll,setting_company_contributions_list,ACTION,NONE,GAP,"",admin/Hr_payroll/setting_company_contributions_list
Hr_payroll,hr_payroll,data_integration,ACTION,NONE,GAP,"",admin/Hr_payroll/data_integration
Hr_payroll,hr_payroll,timesheet_integration_type_change,ACTION,NONE,GAP,"",admin/Hr_payroll/timesheet_integration_type_change
Hr_payroll,hr_payroll,setting_earnings_list_hr_records,ACTION,NONE,GAP,"",admin/Hr_payroll/setting_earnings_list_hr_records
Hr_payroll,hr_payroll,hr_payroll_permission_table,TAB,NONE,GAP,"",admin/Hr_payroll/hr_payroll_permission_table
Hr_payroll,hr_payroll,permission_modal,ACTION,NONE,GAP,"",admin/Hr_payroll/permission_modal
Hr_payroll,hr_payroll,hr_payroll_update_permissions,ACTION,NONE,GAP,"",admin/Hr_payroll/hr_payroll_update_permissions
Hr_payroll,hr_payroll,staff_id_changed,ACTION,NONE,GAP,"",admin/Hr_payroll/staff_id_changed
Hr_payroll,hr_payroll,delete_hr_payroll_permission,DELETE,NONE,GAP,"",admin/Hr_payroll/delete_hr_payroll_permission
Hr_payroll,hr_payroll,manage_employees,ACTION,NONE,GAP,"",admin/Hr_payroll/manage_employees
Hr_payroll,hr_payroll,employees_filter,ACTION,NONE,GAP,"",admin/Hr_payroll/employees_filter
Hr_payroll,hr_payroll,add_manage_employees,ACTION,NONE,GAP,"",admin/Hr_payroll/add_manage_employees
Hr_payroll,hr_payroll,render_filter_query,ACTION,NONE,GAP,"",admin/Hr_payroll/render_filter_query
Hr_payroll,hr_payroll,manage_attendance,ACTION,NONE,GAP,"",admin/Hr_payroll/manage_attendance
Hr_payroll,hr_payroll,add_attendance,ACTION,NONE,GAP,"",admin/Hr_payroll/add_attendance
Hr_payroll,hr_payroll,import_xlsx_employees,ACTION,NONE,GAP,"",admin/Hr_payroll/import_xlsx_employees
Hr_payroll,hr_payroll,create_employees_sample_file,ACTION,NONE,GAP,"",admin/Hr_payroll/create_employees_sample_file
Hr_payroll,hr_payroll,import_employees_excel,ACTION,NONE,GAP,"",admin/Hr_payroll/import_employees_excel
Hr_payroll,hr_payroll,attendance_filter,ACTION,NONE,GAP,"",admin/Hr_payroll/attendance_filter
Hr_payroll,hr_payroll,import_xlsx_attendance,ACTION,NONE,GAP,"",admin/Hr_payroll/import_xlsx_attendance
Hr_payroll,hr_payroll,create_attendance_sample_file,ACTION,NONE,GAP,"",admin/Hr_payroll/create_attendance_sample_file
Hr_payroll,hr_payroll,import_attendance_excel,ACTION,NONE,GAP,"",admin/Hr_payroll/import_attendance_excel
Hr_payroll,hr_payroll,attendance_calculation,ACTION,NONE,GAP,"",admin/Hr_payroll/attendance_calculation
Hr_payroll,hr_payroll,manage_deductions,ACTION,NONE,GAP,"",admin/Hr_payroll/manage_deductions
Hr_payroll,hr_payroll,add_manage_deductions,ACTION,NONE,GAP,"",admin/Hr_payroll/add_manage_deductions
Hr_payroll,hr_payroll,deductions_filter,ACTION,NONE,GAP,"",admin/Hr_payroll/deductions_filter
Hr_payroll,hr_payroll,manage_commissions,ACTION,NONE,GAP,"",admin/Hr_payroll/manage_commissions
Hr_payroll,hr_payroll,add_manage_commissions,ACTION,NONE,GAP,"",admin/Hr_payroll/add_manage_commissions
Hr_payroll,hr_payroll,commissions_filter,ACTION,NONE,GAP,"",admin/Hr_payroll/commissions_filter
Hr_payroll,hr_payroll,import_xlsx_commissions,ACTION,NONE,GAP,"",admin/Hr_payroll/import_xlsx_commissions
Hr_payroll,hr_payroll,create_commissions_sample_file,ACTION,NONE,GAP,"",admin/Hr_payroll/create_commissions_sample_file
Hr_payroll,hr_payroll,import_commissions_excel,ACTION,NONE,GAP,"",admin/Hr_payroll/import_commissions_excel
Hr_payroll,hr_payroll,income_taxs_manage,ACTION,NONE,GAP,"",admin/Hr_payroll/income_taxs_manage
Hr_payroll,hr_payroll,income_taxs_filter,ACTION,NONE,GAP,"",admin/Hr_payroll/income_taxs_filter
Hr_payroll,hr_payroll,manage_insurances,ACTION,NONE,GAP,"",admin/Hr_payroll/manage_insurances
Hr_payroll,hr_payroll,add_manage_insurances,ACTION,NONE,GAP,"",admin/Hr_payroll/add_manage_insurances
Hr_payroll,hr_payroll,insurances_filter,ACTION,NONE,GAP,"",admin/Hr_payroll/insurances_filter
Hr_payroll,hr_payroll,delete_error_file_day_before,DELETE,NONE,GAP,"",admin/Hr_payroll/delete_error_file_day_before
Hr_payroll,hr_payroll,payslip_manage,ACTION,NONE,GAP,"",admin/Hr_payroll/payslip_manage
Hr_payroll,hr_payroll,payslip_table,TAB,NONE,GAP,"",admin/Hr_payroll/payslip_table
Hr_payroll,hr_payroll,delete_payslip,DELETE,NONE,GAP,"",admin/Hr_payroll/delete_payslip
Hr_payroll,hr_payroll,payslip_templates_manage,ACTION,NONE,GAP,"",admin/Hr_payroll/payslip_templates_manage
Hr_payroll,hr_payroll,payslip_template_table,TAB,NONE,GAP,"",admin/Hr_payroll/payslip_template_table
Hr_payroll,hr_payroll,get_payroll_column_method_html_add,VALIDATE,NONE,GAP,"",admin/Hr_payroll/get_payroll_column_method_html_add
Hr_payroll,hr_payroll,get_payroll_column_function_name_html,VALIDATE,NONE,GAP,"",admin/Hr_payroll/get_payroll_column_function_name_html
Hr_payroll,hr_payroll,payroll_column,ACTION,NONE,GAP,"",admin/Hr_payroll/payroll_column
Hr_payroll,hr_payroll,get_payroll_column,VALIDATE,NONE,GAP,"",admin/Hr_payroll/get_payroll_column
Hr_payroll,hr_payroll,delete_payroll_column_setting,DELETE,NONE,GAP,"",admin/Hr_payroll/delete_payroll_column_setting
Hr_payroll,hr_payroll,get_payslip_template,VALIDATE,NONE,GAP,"",admin/Hr_payroll/get_payslip_template
Hr_payroll,hr_payroll,payslip_template,ACTION,NONE,GAP,"",admin/Hr_payroll/payslip_template
Hr_payroll,hr_payroll,delete_payslip_template,DELETE,NONE,GAP,"",admin/Hr_payroll/delete_payslip_template
Hr_payroll,hr_payroll,view_payslip_templates_detail,ACTION,NONE,GAP,"",admin/Hr_payroll/view_payslip_templates_detail
Hr_payroll,hr_payroll,view_payslip_detail,ACTION,NONE,GAP,"",admin/Hr_payroll/view_payslip_detail
Hr_payroll,hr_payroll,view_payslip_detail_v2,ACTION,NONE,GAP,"",admin/Hr_payroll/view_payslip_detail_v2
Hr_payroll,hr_payroll,manage_bonus,ACTION,NONE,GAP,"",admin/Hr_payroll/manage_bonus
Hr_payroll,hr_payroll,add_bonus_kpi,ACTION,NONE,GAP,"",admin/Hr_payroll/add_bonus_kpi
Hr_payroll,hr_payroll,bonus_kpi_filter,ACTION,NONE,GAP,"",admin/Hr_payroll/bonus_kpi_filter
Hr_payroll,hr_payroll,payslip,ACTION,NONE,GAP,"",admin/Hr_payroll/payslip
Hr_payroll,hr_payroll,payslip_closing,ACTION,NONE,GAP,"",admin/Hr_payroll/payslip_closing
Hr_payroll,hr_payroll,payslip_update_status,ACTION,NONE,GAP,"",admin/Hr_payroll/payslip_update_status
Hr_payroll,hr_payroll,table_staff_payslip,TAB,NONE,GAP,"",admin/Hr_payroll/table_staff_payslip
Hr_payroll,hr_payroll,view_staff_payslip_modal,ACTION,NONE,GAP,"",admin/Hr_payroll/view_staff_payslip_modal
Hr_payroll,hr_payroll,reports,ACTION,NONE,GAP,"",admin/Hr_payroll/reports
Hr_payroll,hr_payroll,payslip_report,ACTION,NONE,GAP,"",admin/Hr_payroll/payslip_report
Hr_payroll,hr_payroll,income_summary_report,ACTION,NONE,GAP,"",admin/Hr_payroll/income_summary_report
Hr_payroll,hr_payroll,insurance_cost_summary_report,ACTION,NONE,GAP,"",admin/Hr_payroll/insurance_cost_summary_report
Hr_payroll,hr_payroll,payslip_chart,ACTION,NONE,GAP,"",admin/Hr_payroll/payslip_chart
Hr_payroll,hr_payroll,department_payslip_chart,ACTION,NONE,GAP,"",admin/Hr_payroll/department_payslip_chart
Hr_payroll,hr_payroll,payslip_template_checked,ACTION,NONE,GAP,"",admin/Hr_payroll/payslip_template_checked
Hr_payroll,hr_payroll,payslip_checked,ACTION,NONE,GAP,"",admin/Hr_payroll/payslip_checked
Hr_payroll,hr_payroll,create_payslip_file,ACTION,NONE,GAP,"",admin/Hr_payroll/create_payslip_file
Hr_payroll,hr_payroll,employees_copy,ACTION,NONE,GAP,"",admin/Hr_payroll/employees_copy
Hr_payroll,hr_payroll,reset_data,ACTION,NONE,GAP,"",admin/Hr_payroll/reset_data
Hr_payroll,hr_payroll,employee_export_pdf,ACTION,NONE,GAP,"",admin/Hr_payroll/employee_export_pdf
Hr_payroll,hr_payroll,payslip_manage_export_pdf,ACTION,NONE,GAP,"",admin/Hr_payroll/payslip_manage_export_pdf
Hr_payroll,hr_payroll,manage_attendance_timesheet_leaves,ACTION,NONE,GAP,"",admin/Hr_payroll/manage_attendance_timesheet_leaves
Hr_payroll,hr_payroll,add_timesheets_leave,ACTION,NONE,GAP,"",admin/Hr_payroll/add_timesheets_leave
Hr_payroll,hr_payroll,timesheets_leave_filter,ACTION,NONE,GAP,"",admin/Hr_payroll/timesheets_leave_filter
Hr_payroll,hr_payroll,timesheet_leave_calculation,ACTION,NONE,GAP,"",admin/Hr_payroll/timesheet_leave_calculation
Hr_payroll,hr_payroll,payslip_pdf_template,ACTION,NONE,GAP,"",admin/Hr_payroll/payslip_pdf_template
Hr_payroll,hr_payroll,delete_payslip_pdf_template_,DELETE,NONE,GAP,"",admin/Hr_payroll/delete_payslip_pdf_template_
Hr_payroll,hr_payroll,save_pdf_payslip_data,ACTION,NONE,GAP,"",admin/Hr_payroll/save_pdf_payslip_data
Hr_payroll,hr_payroll,get_pdf_payslip_template,VALIDATE,NONE,GAP,"",admin/Hr_payroll/get_pdf_payslip_template
Hr_payroll,hr_payroll,edit_payslip,ACTION,NONE,GAP,"",admin/Hr_payroll/edit_payslip
Hr_payroll,hr_payroll,new_employee_export_pdf,ACTION,NONE,GAP,"",admin/Hr_payroll/new_employee_export_pdf
Hr_payroll,hr_payroll,currency_rate_table,TAB,NONE,GAP,"",admin/Hr_payroll/currency_rate_table
Hr_payroll,hr_payroll,update_setting_currency_rate,ACTION,NONE,GAP,"",admin/Hr_payroll/update_setting_currency_rate
Hr_payroll,hr_payroll,get_all_currency_rate_online,VALIDATE,NONE,GAP,"",admin/Hr_payroll/get_all_currency_rate_online
Hr_payroll,hr_payroll,update_currency_rate,ACTION,NONE,GAP,"",admin/Hr_payroll/update_currency_rate
Hr_payroll,hr_payroll,get_currency_rate_online,VALIDATE,NONE,GAP,"",admin/Hr_payroll/get_currency_rate_online
Hr_payroll,hr_payroll,delete_currency_rate,DELETE,NONE,GAP,"",admin/Hr_payroll/delete_currency_rate
Hr_payroll,hr_payroll,currency_rate_modal,ACTION,NONE,GAP,"",admin/Hr_payroll/currency_rate_modal
Hr_payroll,hr_payroll,currency_rate_logs_table,TAB,NONE,GAP,"",admin/Hr_payroll/currency_rate_logs_table
Hr_payroll,hr_payroll,get_currency_rate,VALIDATE,NONE,GAP,"",admin/Hr_payroll/get_currency_rate
Hr_payroll,hr_payroll,import,IMPORT,NONE,GAP,"",admin/Hr_payroll/import
Gtsverify,gtsverify,index,LIST,NONE,GAP,"",admin/Gtsverify/index
Gtsverify,gtsverify,activate,ACTION,NONE,GAP,"",admin/Gtsverify/activate
Hr_profile,hr_profile,dashboard,ACTION,NONE,GAP,"",admin/Hr_profile/dashboard
Hr_profile,hr_profile,organizational_chart,ACTION,NONE,GAP,"",admin/Hr_profile/organizational_chart
Hr_profile,hr_profile,get_data_department,VALIDATE,NONE,GAP,"",admin/Hr_profile/get_data_department
Hr_profile,hr_profile,delete,DELETE,NONE,GAP,"",admin/Hr_profile/delete
Hr_profile,hr_profile,department,ACTION,NONE,GAP,"",admin/Hr_profile/department
Hr_profile,hr_profile,email_exists,ACTION,NONE,GAP,"",admin/Hr_profile/email_exists
Hr_profile,hr_profile,test_imap_connection,ACTION,NONE,GAP,"",admin/Hr_profile/test_imap_connection
Hr_profile,hr_profile,reception_staff,ACTION,NONE,GAP,"",admin/Hr_profile/reception_staff
Hr_profile,hr_profile,table_reception_staff,TAB,NONE,GAP,"",admin/Hr_profile/table_reception_staff
Hr_profile,hr_profile,setting,ACTION,NONE,GAP,"",admin/Hr_profile/setting
Hr_profile,hr_profile,contract_type,ACTION,NONE,GAP,"",admin/Hr_profile/contract_type
Hr_profile,hr_profile,delete_contract_type,DELETE,NONE,GAP,"",admin/Hr_profile/delete_contract_type
Hr_profile,hr_profile,allowance_type,ACTION,NONE,GAP,"",admin/Hr_profile/allowance_type
Hr_profile,hr_profile,delete_allowance_type,DELETE,NONE,GAP,"",admin/Hr_profile/delete_allowance_type
Hr_profile,hr_profile,insurance_type,ACTION,NONE,GAP,"",admin/Hr_profile/insurance_type
Hr_profile,hr_profile,delete_insurance_type,DELETE,NONE,GAP,"",admin/Hr_profile/delete_insurance_type
Hr_profile,hr_profile,insurance_conditions_setting,ACTION,NONE,GAP,"",admin/Hr_profile/insurance_conditions_setting
Hr_profile,hr_profile,salary_form,ACTION,NONE,GAP,"",admin/Hr_profile/salary_form
Hr_profile,hr_profile,delete_salary_form,DELETE,NONE,GAP,"",admin/Hr_profile/delete_salary_form
Hr_profile,hr_profile,table_procedure_retire,TAB,NONE,GAP,"",admin/Hr_profile/table_procedure_retire
Hr_profile,hr_profile,add_procedure_form_manage,ACTION,NONE,GAP,"",admin/Hr_profile/add_procedure_form_manage
Hr_profile,hr_profile,delete_procedure_form_manage,DELETE,NONE,GAP,"",admin/Hr_profile/delete_procedure_form_manage
Hr_profile,hr_profile,procedure_procedure_retire_details,ACTION,NONE,GAP,"",admin/Hr_profile/procedure_procedure_retire_details
Hr_profile,hr_profile,procedure_form,ACTION,NONE,GAP,"",admin/Hr_profile/procedure_form
Hr_profile,hr_profile,delete_procedure_retire,DELETE,NONE,GAP,"",admin/Hr_profile/delete_procedure_retire
Hr_profile,hr_profile,edit_procedure_retire,ACTION,NONE,GAP,"",admin/Hr_profile/edit_procedure_retire
Hr_profile,hr_profile,edit_procedure_form,ACTION,NONE,GAP,"",admin/Hr_profile/edit_procedure_form
Hr_profile,hr_profile,training,ACTION,NONE,GAP,"",admin/Hr_profile/training
Hr_profile,hr_profile,position_training,ACTION,NONE,GAP,"",admin/Hr_profile/position_training
Hr_profile,hr_profile,add_training_question,ACTION,NONE,GAP,"",admin/Hr_profile/add_training_question
Hr_profile,hr_profile,update_training_question,ACTION,NONE,GAP,"",admin/Hr_profile/update_training_question
Hr_profile,hr_profile,update_training_questions_orders,ACTION,NONE,GAP,"",admin/Hr_profile/update_training_questions_orders
Hr_profile,hr_profile,remove_question,ACTION,NONE,GAP,"",admin/Hr_profile/remove_question
Hr_profile,hr_profile,remove_box_description,ACTION,NONE,GAP,"",admin/Hr_profile/remove_box_description
Hr_profile,hr_profile,add_box_description,ACTION,NONE,GAP,"",admin/Hr_profile/add_box_description
Hr_profile,hr_profile,update_training_question_answer,ACTION,NONE,GAP,"",admin/Hr_profile/update_training_question_answer
Hr_profile,hr_profile,get_training_type_child,VALIDATE,NONE,GAP,"",admin/Hr_profile/get_training_type_child
Hr_profile,hr_profile,job_position_training_add_edit,ACTION,NONE,GAP,"",admin/Hr_profile/job_position_training_add_edit
Hr_profile,hr_profile,get_jobposition_fill_data,VALIDATE,NONE,GAP,"",admin/Hr_profile/get_jobposition_fill_data
Hr_profile,hr_profile,job_position_manage,ACTION,NONE,GAP,"",admin/Hr_profile/job_position_manage
Hr_profile,hr_profile,table_job,TAB,NONE,GAP,"",admin/Hr_profile/table_job
Hr_profile,hr_profile,job_p,ACTION,NONE,GAP,"",admin/Hr_profile/job_p
Hr_profile,hr_profile,get_job_p_edit,VALIDATE,NONE,GAP,"",admin/Hr_profile/get_job_p_edit
Hr_profile,hr_profile,delete_job_p,DELETE,NONE,GAP,"",admin/Hr_profile/delete_job_p
Hr_profile,hr_profile,import_job_p,ACTION,NONE,GAP,"",admin/Hr_profile/import_job_p
Hr_profile,hr_profile,import_job_p_excel,ACTION,NONE,GAP,"",admin/Hr_profile/import_job_p_excel
Hr_profile,hr_profile,job_positions,ACTION,NONE,GAP,"",admin/Hr_profile/job_positions
Hr_profile,hr_profile,job_position,ACTION,NONE,GAP,"",admin/Hr_profile/job_position
Hr_profile,hr_profile,table_job_position,TAB,NONE,GAP,"",admin/Hr_profile/table_job_position
Hr_profile,hr_profile,job_position_delete_tag_item,ACTION,NONE,GAP,"",admin/Hr_profile/job_position_delete_tag_item
Hr_profile,hr_profile,preview_job_position_file,ACTION,NONE,GAP,"",admin/Hr_profile/preview_job_position_file
Hr_profile,hr_profile,delete_hr_profile_job_position_attachment_file,DELETE,NONE,GAP,"",admin/Hr_profile/delete_hr_profile_job_position_attachment_file
Hr_profile,hr_profile,job_position_view_edit,ACTION,NONE,GAP,"",admin/Hr_profile/job_position_view_edit
Hr_profile,hr_profile,get_list_job_position_tags_file,VALIDATE,NONE,GAP,"",admin/Hr_profile/get_list_job_position_tags_file
Hr_profile,hr_profile,get_position_by_department,VALIDATE,NONE,GAP,"",admin/Hr_profile/get_position_by_department
Hr_profile,hr_profile,delete_job_position,DELETE,NONE,GAP,"",admin/Hr_profile/delete_job_position
Hr_profile,hr_profile,get_staff_salary_form,VALIDATE,NONE,GAP,"",admin/Hr_profile/get_staff_salary_form
Hr_profile,hr_profile,get_staff_allowance_type,VALIDATE,NONE,GAP,"",admin/Hr_profile/get_staff_allowance_type
Hr_profile,hr_profile,job_position_salary_add_edit,ACTION,NONE,GAP,"",admin/Hr_profile/job_position_salary_add_edit
Hr_profile,hr_profile,save_setting_reception_staff,ACTION,NONE,GAP,"",admin/Hr_profile/save_setting_reception_staff
Hr_profile,hr_profile,add_new_reception,ACTION,NONE,GAP,"",admin/Hr_profile/add_new_reception
Hr_profile,hr_profile,send_training_staff,ACTION,NONE,GAP,"",admin/Hr_profile/send_training_staff
Hr_profile,hr_profile,get_percent_complete,VALIDATE,NONE,GAP,"",admin/Hr_profile/get_percent_complete
Hr_profile,hr_profile,get_mark_staff,VALIDATE,NONE,GAP,"",admin/Hr_profile/get_mark_staff
Hr_profile,hr_profile,delete_reception,DELETE,NONE,GAP,"",admin/Hr_profile/delete_reception
Hr_profile,hr_profile,get_reception,VALIDATE,NONE,GAP,"",admin/Hr_profile/get_reception
Hr_profile,hr_profile,change_status_checklist,ACTION,NONE,GAP,"",admin/Hr_profile/change_status_checklist
Hr_profile,hr_profile,add_new_asset,ACTION,NONE,GAP,"",admin/Hr_profile/add_new_asset
Hr_profile,hr_profile,change_status_allocation_asset,ACTION,NONE,GAP,"",admin/Hr_profile/change_status_allocation_asset
Hr_profile,hr_profile,delete_asset,DELETE,NONE,GAP,"",admin/Hr_profile/delete_asset
Hr_profile,hr_profile,staff_infor,ACTION,NONE,GAP,"",admin/Hr_profile/staff_infor
Hr_profile,hr_profile,table,LIST,NONE,GAP,"",admin/Hr_profile/table
Hr_profile,hr_profile,importxlsx,ACTION,NONE,GAP,"",admin/Hr_profile/importxlsx
Hr_profile,hr_profile,import_employees_excel,ACTION,NONE,GAP,"",admin/Hr_profile/import_employees_excel
Hr_profile,hr_profile,importxlsx2,ACTION,NONE,GAP,"",admin/Hr_profile/importxlsx2
Hr_profile,hr_profile,delete_staff,DELETE,NONE,GAP,"",admin/Hr_profile/delete_staff
Hr_profile,hr_profile,member,ACTION,NONE,GAP,"",admin/Hr_profile/member
Hr_profile,hr_profile,table_education_position,TAB,NONE,GAP,"",admin/Hr_profile/table_education_position
Hr_profile,hr_profile,table_education,TAB,NONE,GAP,"",admin/Hr_profile/table_education
Hr_profile,hr_profile,save_update_education,ACTION,NONE,GAP,"",admin/Hr_profile/save_update_education
Hr_profile,hr_profile,delete_education,DELETE,NONE,GAP,"",admin/Hr_profile/delete_education
Hr_profile,hr_profile,table_reception,TAB,NONE,GAP,"",admin/Hr_profile/table_reception
Hr_profile,hr_profile,general_bonus,ACTION,NONE,GAP,"",admin/Hr_profile/general_bonus
Hr_profile,hr_profile,general_discipline,ACTION,NONE,GAP,"",admin/Hr_profile/general_discipline
Hr_profile,hr_profile,records_received,ACTION,NONE,GAP,"",admin/Hr_profile/records_received
Hr_profile,hr_profile,upload_file,UPLOAD,NONE,GAP,"",admin/Hr_profile/upload_file
Hr_profile,hr_profile,hr_profile_file,ACTION,NONE,GAP,"",admin/Hr_profile/hr_profile_file
Hr_profile,hr_profile,delete_hr_profile_staff_attachment,DELETE,NONE,GAP,"",admin/Hr_profile/delete_hr_profile_staff_attachment
Hr_profile,hr_profile,update_staff_permission,ACTION,NONE,GAP,"",admin/Hr_profile/update_staff_permission
Hr_profile,hr_profile,update_staff_profile,ACTION,NONE,GAP,"",admin/Hr_profile/update_staff_profile
Hr_profile,hr_profile,add_update_staff_bonus_discipline,ACTION,NONE,GAP,"",admin/Hr_profile/add_update_staff_bonus_discipline
Hr_profile,hr_profile,file_view_bonus_discipline,ACTION,NONE,GAP,"",admin/Hr_profile/file_view_bonus_discipline
Hr_profile,hr_profile,workplace,ACTION,NONE,GAP,"",admin/Hr_profile/workplace
Hr_profile,hr_profile,delete_workplace,DELETE,NONE,GAP,"",admin/Hr_profile/delete_workplace
Hr_profile,hr_profile,hr_profile_permission_table,TAB,NONE,GAP,"",admin/Hr_profile/hr_profile_permission_table
Hr_profile,hr_profile,permission_modal,ACTION,NONE,GAP,"",admin/Hr_profile/permission_modal
Hr_profile,hr_profile,hr_profile_update_permissions,ACTION,NONE,GAP,"",admin/Hr_profile/hr_profile_update_permissions
Hr_profile,hr_profile,staff_id_changed,ACTION,NONE,GAP,"",admin/Hr_profile/staff_id_changed
Hr_profile,hr_profile,delete_hr_profile_permission,DELETE,NONE,GAP,"",admin/Hr_profile/delete_hr_profile_permission
Hr_profile,hr_profile,zen_unit_chart,ACTION,NONE,GAP,"",admin/Hr_profile/zen_unit_chart
Hr_profile,hr_profile,get_list_job_position_training,VALIDATE,NONE,GAP,"",admin/Hr_profile/get_list_job_position_training
Hr_profile,hr_profile,delete_job_position_training_process,DELETE,NONE,GAP,"",admin/Hr_profile/delete_job_position_training_process
Hr_profile,hr_profile,delete_position_training,DELETE,NONE,GAP,"",admin/Hr_profile/delete_position_training
Hr_profile,hr_profile,table_contract,TAB,NONE,GAP,"",admin/Hr_profile/table_contract
Hr_profile,hr_profile,contracts,ACTION,NONE,GAP,"",admin/Hr_profile/contracts
Hr_profile,hr_profile,contract,ACTION,NONE,GAP,"",admin/Hr_profile/contract
Hr_profile,hr_profile,delete_contract,DELETE,NONE,GAP,"",admin/Hr_profile/delete_contract
Hr_profile,hr_profile,contract_code_exists,ACTION,NONE,GAP,"",admin/Hr_profile/contract_code_exists
Hr_profile,hr_profile,get_hrm_contract_data_ajax,VALIDATE,NONE,GAP,"",admin/Hr_profile/get_hrm_contract_data_ajax
Hr_profile,hr_profile,get_staff_role,VALIDATE,NONE,GAP,"",admin/Hr_profile/get_staff_role
Hr_profile,hr_profile,get_contract_type,VALIDATE,NONE,GAP,"",admin/Hr_profile/get_contract_type
Hr_profile,hr_profile,prefix_number,ACTION,NONE,GAP,"",admin/Hr_profile/prefix_number
Hr_profile,hr_profile,get_code,VALIDATE,NONE,GAP,"",admin/Hr_profile/get_code
Hr_profile,hr_profile,import_job_position,ACTION,NONE,GAP,"",admin/Hr_profile/import_job_position
Hr_profile,hr_profile,dependent_person,ACTION,NONE,GAP,"",admin/Hr_profile/dependent_person
Hr_profile,hr_profile,delete_dependent_person,DELETE,NONE,GAP,"",admin/Hr_profile/delete_dependent_person
Hr_profile,hr_profile,dependent_persons,ACTION,NONE,GAP,"",admin/Hr_profile/dependent_persons
Hr_profile,hr_profile,approval_status,ACTION,NONE,GAP,"",admin/Hr_profile/approval_status
Hr_profile,hr_profile,table_dependent_person,TAB,NONE,GAP,"",admin/Hr_profile/table_dependent_person
Hr_profile,hr_profile,import_xlsx_dependent_person,ACTION,NONE,GAP,"",admin/Hr_profile/import_xlsx_dependent_person
Hr_profile,hr_profile,import_file_xlsx_dependent_person,ACTION,NONE,GAP,"",admin/Hr_profile/import_file_xlsx_dependent_person
Hr_profile,hr_profile,admin_delete_dependent_person,ACTION,NONE,GAP,"",admin/Hr_profile/admin_delete_dependent_person
Hr_profile,hr_profile,delete_error_file_day_before,DELETE,NONE,GAP,"",admin/Hr_profile/delete_error_file_day_before
Hr_profile,hr_profile,dependent_person_modal,ACTION,NONE,GAP,"",admin/Hr_profile/dependent_person_modal
Hr_profile,hr_profile,resignation_procedures,ACTION,NONE,GAP,"",admin/Hr_profile/resignation_procedures
Hr_profile,hr_profile,add_resignation_procedure,ACTION,NONE,GAP,"",admin/Hr_profile/add_resignation_procedure
Hr_profile,hr_profile,delete_resignation_procedure,DELETE,NONE,GAP,"",admin/Hr_profile/delete_resignation_procedure
Hr_profile,hr_profile,table_resignation_procedures,TAB,NONE,GAP,"",admin/Hr_profile/table_resignation_procedures
Hr_profile,hr_profile,get_staff_info_of_resignation_procedures,VALIDATE,NONE,GAP,"",admin/Hr_profile/get_staff_info_of_resignation_procedures
Hr_profile,hr_profile,delete_procedures_for_quitting_work,DELETE,NONE,GAP,"",admin/Hr_profile/delete_procedures_for_quitting_work
Hr_profile,hr_profile,set_data_detail_staff_checklist_quit_work,ACTION,NONE,GAP,"",admin/Hr_profile/set_data_detail_staff_checklist_quit_work
Hr_profile,hr_profile,update_status_quit_work,ACTION,NONE,GAP,"",admin/Hr_profile/update_status_quit_work
Hr_profile,hr_profile,update_status_option_name,ACTION,NONE,GAP,"",admin/Hr_profile/update_status_option_name
Hr_profile,hr_profile,preview_q_a_file,ACTION,NONE,GAP,"",admin/Hr_profile/preview_q_a_file
Hr_profile,hr_profile,delete_hr_profile_q_a_attachment_file,DELETE,NONE,GAP,"",admin/Hr_profile/delete_hr_profile_q_a_attachment_file
Hr_profile,hr_profile,get_salary_allowance_value,VALIDATE,NONE,GAP,"",admin/Hr_profile/get_salary_allowance_value
Hr_profile,hr_profile,hrm_file_contract,ACTION,NONE,GAP,"",admin/Hr_profile/hrm_file_contract
Hr_profile,hr_profile,delete_hrm_contract_attachment_file,DELETE,NONE,GAP,"",admin/Hr_profile/delete_hrm_contract_attachment_file
Hr_profile,hr_profile,member_modal,ACTION,NONE,GAP,"",admin/Hr_profile/member_modal
Hr_profile,hr_profile,new_member,ACTION,NONE,GAP,"",admin/Hr_profile/new_member
Hr_profile,hr_profile,add_edit_member,ACTION,NONE,GAP,"",admin/Hr_profile/add_edit_member
Hr_profile,hr_profile,change_staff_status,ACTION,NONE,GAP,"",admin/Hr_profile/change_staff_status
Hr_profile,hr_profile,hr_code_exists,ACTION,NONE,GAP,"",admin/Hr_profile/hr_code_exists
Hr_profile,hr_profile,view_contract_modal,ACTION,NONE,GAP,"",admin/Hr_profile/view_contract_modal
Hr_profile,hr_profile,reports,ACTION,NONE,GAP,"",admin/Hr_profile/reports
Hr_profile,hr_profile,report_by_leave_statistics,ACTION,NONE,GAP,"",admin/Hr_profile/report_by_leave_statistics
Hr_profile,hr_profile,report_by_working_hours,ACTION,NONE,GAP,"",admin/Hr_profile/report_by_working_hours
Hr_profile,hr_profile,report_the_employee_quitting,ACTION,NONE,GAP,"",admin/Hr_profile/report_the_employee_quitting
Hr_profile,hr_profile,list_of_employees_with_salary_change,ACTION,NONE,GAP,"",admin/Hr_profile/list_of_employees_with_salary_change
Hr_profile,hr_profile,get_base_currency_name,VALIDATE,NONE,GAP,"",admin/Hr_profile/get_base_currency_name
Hr_profile,hr_profile,get_chart_senior_staff,VALIDATE,NONE,GAP,"",admin/Hr_profile/get_chart_senior_staff
Hr_profile,hr_profile,HR_is_working,ACTION,NONE,GAP,"",admin/Hr_profile/HR_is_working
Hr_profile,hr_profile,qualification_department,ACTION,NONE,GAP,"",admin/Hr_profile/qualification_department
Hr_profile,hr_profile,report_by_staffs,ACTION,NONE,GAP,"",admin/Hr_profile/report_by_staffs
Hr_profile,hr_profile,import_job_position_excel,ACTION,NONE,GAP,"",admin/Hr_profile/import_job_position_excel
Hr_profile,hr_profile,hrm_delete_bulk_action,BULK,NONE,GAP,"",admin/Hr_profile/hrm_delete_bulk_action
Hr_profile,hr_profile,hrm_delete_bulk_action_v2,BULK,NONE,GAP,"",admin/Hr_profile/hrm_delete_bulk_action_v2
Hr_profile,hr_profile,import_dependent_person_excel,ACTION,NONE,GAP,"",admin/Hr_profile/import_dependent_person_excel
Hr_profile,hr_profile,reset_data,ACTION,NONE,GAP,"",admin/Hr_profile/reset_data
Hr_profile,hr_profile,table_training_program,TAB,NONE,GAP,"",admin/Hr_profile/table_training_program
Hr_profile,hr_profile,table_training_result,TAB,NONE,GAP,"",admin/Hr_profile/table_training_result
Hr_profile,hr_profile,training_libraries_table,TAB,NONE,GAP,"",admin/Hr_profile/training_libraries_table
Hr_profile,hr_profile,type_of_training,ACTION,NONE,GAP,"",admin/Hr_profile/type_of_training
Hr_profile,hr_profile,delete_type_of_training,DELETE,NONE,GAP,"",admin/Hr_profile/delete_type_of_training
Hr_profile,hr_profile,get_training_program_by_type,VALIDATE,NONE,GAP,"",admin/Hr_profile/get_training_program_by_type
Hr_profile,hr_profile,view_training_program,ACTION,NONE,GAP,"",admin/Hr_profile/view_training_program
Hr_profile,hr_profile,hr_role_changed,ACTION,NONE,GAP,"",admin/Hr_profile/hr_role_changed
Hr_profile,hr_profile,create_staff_sample_file,ACTION,NONE,GAP,"",admin/Hr_profile/create_staff_sample_file
Hr_profile,hr_profile,view_pdf,ACTION,NONE,GAP,"",admin/Hr_profile/view_pdf
Hr_profile,hr_profile,save_hr_contract_data,ACTION,NONE,GAP,"",admin/Hr_profile/save_hr_contract_data
Hr_profile,hr_profile,hr_clear_signature,ACTION,NONE,GAP,"",admin/Hr_profile/hr_clear_signature
Hr_profile,hr_profile,contract_pdf,ACTION,NONE,GAP,"",admin/Hr_profile/contract_pdf
Hr_profile,hr_profile,contract_sign,ACTION,NONE,GAP,"",admin/Hr_profile/contract_sign
Hr_profile,hr_profile,contract_template,ACTION,NONE,GAP,"",admin/Hr_profile/contract_template
Hr_profile,hr_profile,delete_contract_template_,DELETE,NONE,GAP,"",admin/Hr_profile/delete_contract_template_
Hr_profile,hr_profile,preview_training_program_file,ACTION,NONE,GAP,"",admin/Hr_profile/preview_training_program_file
Hr_profile,hr_profile,delete_training_program_attachment_file,DELETE,NONE,GAP,"",admin/Hr_profile/delete_training_program_attachment_file
Knowledge_base_q_a,knowledge_base_q_a,index,LIST,NONE,GAP,"",admin/Knowledge_base_q_a/index
Knowledge_base_q_a,knowledge_base_q_a,article,ACTION,NONE,GAP,"",admin/Knowledge_base_q_a/article
Knowledge_base_q_a,knowledge_base_q_a,view,DETAIL,NONE,GAP,"",admin/Knowledge_base_q_a/view
Knowledge_base_q_a,knowledge_base_q_a,add_kb_answer,ACTION,NONE,GAP,"",admin/Knowledge_base_q_a/add_kb_answer
Knowledge_base_q_a,knowledge_base_q_a,change_article_status,ACTION,NONE,GAP,"",admin/Knowledge_base_q_a/change_article_status
Knowledge_base_q_a,knowledge_base_q_a,update_kan_ban,ACTION,NONE,GAP,"",admin/Knowledge_base_q_a/update_kan_ban
Knowledge_base_q_a,knowledge_base_q_a,change_group_color,ACTION,NONE,GAP,"",admin/Knowledge_base_q_a/change_group_color
Knowledge_base_q_a,knowledge_base_q_a,delete_article,DELETE,NONE,GAP,"",admin/Knowledge_base_q_a/delete_article
Knowledge_base_q_a,knowledge_base_q_a,manage_groups,ACTION,NONE,GAP,"",admin/Knowledge_base_q_a/manage_groups
Knowledge_base_q_a,knowledge_base_q_a,group,ACTION,NONE,GAP,"",admin/Knowledge_base_q_a/group
Knowledge_base_q_a,knowledge_base_q_a,change_group_status,ACTION,NONE,GAP,"",admin/Knowledge_base_q_a/change_group_status
Knowledge_base_q_a,knowledge_base_q_a,update_groups_order,ACTION,NONE,GAP,"",admin/Knowledge_base_q_a/update_groups_order
Knowledge_base_q_a,knowledge_base_q_a,delete_group,DELETE,NONE,GAP,"",admin/Knowledge_base_q_a/delete_group
Knowledge_base_q_a,knowledge_base_q_a,get_article_by_id_ajax,VALIDATE,NONE,GAP,"",admin/Knowledge_base_q_a/get_article_by_id_ajax
Knowledge_base_q_a,knowledge_base_q_a,send_mail_support,ACTION,NONE,GAP,"",admin/Knowledge_base_q_a/send_mail_support
Participate,participate,index,LIST,NONE,GAP,"",admin/Participate/index
Participate,participate,view_staff_training_result,ACTION,NONE,GAP,"",admin/Participate/view_staff_training_result
Ideal,ideal,make_payment,ACTION,NONE,GAP,"",admin/Ideal/make_payment
Ideal,ideal,callback,ACTION,NONE,GAP,"",admin/Ideal/callback
Ideal,ideal,create_webhook,ACTION,NONE,GAP,"",admin/Ideal/create_webhook
Ideal,ideal,enable_webhook,ACTION,NONE,GAP,"",admin/Ideal/enable_webhook
Ideal,ideal,webhook,ACTION,NONE,GAP,"",admin/Ideal/webhook
Api,api,activity_time,ACTION,NONE,GAP,"",admin/Api/activity_time
Api,api,diagnostics,ACTION,NONE,GAP,"",admin/Api/diagnostics
Beacon,beacon,activity_time,ACTION,NONE,GAP,"",admin/Beacon/activity_time
Beacon,beacon,session_start,ACTION,NONE,GAP,"",admin/Beacon/session_start
Beacon,beacon,session_event,ACTION,NONE,GAP,"",admin/Beacon/session_event
Beacon,beacon,session_end,ACTION,NONE,GAP,"",admin/Beacon/session_end
Beacon,beacon,session_heartbeat,ACTION,NONE,GAP,"",admin/Beacon/session_heartbeat
Beacon,beacon,replay_ingest,ACTION,NONE,GAP,"",admin/Beacon/replay_ingest
Kbi,kbi,index,LIST,NONE,GAP,"",admin/Kbi/index
Kbi,kbi,module,ACTION,NONE,GAP,"",admin/Kbi/module
Kbi,kbi,role,ACTION,NONE,GAP,"",admin/Kbi/role
Kbi,kbi,page_activity,ACTION,NONE,GAP,"",admin/Kbi/page_activity
Kbi,kbi,user,ACTION,NONE,GAP,"",admin/Kbi/user
Kbi,kbi,employee,ACTION,NONE,GAP,"",admin/Kbi/employee
Kbi,kbi,get_employee_logs_ajax,VALIDATE,NONE,GAP,"",admin/Kbi/get_employee_logs_ajax
Kbi,kbi,get_employee_activity_pattern,VALIDATE,NONE,GAP,"",admin/Kbi/get_employee_activity_pattern
Kbi,kbi,settings,ACTION,NONE,GAP,"",admin/Kbi/settings
Kbi,kbi,truncate_debug_log,ACTION,NONE,GAP,"",admin/Kbi/truncate_debug_log
Kbi,kbi,work_insights,ACTION,NONE,GAP,"",admin/Kbi/work_insights
Kbi,kbi,dashboard_data,ACTION,NONE,GAP,"",admin/Kbi/dashboard_data
Kbi,kbi,lane_rules,ACTION,NONE,GAP,"",admin/Kbi/lane_rules
Kbi,kbi,save_lane_rule,ACTION,NONE,GAP,"",admin/Kbi/save_lane_rule
Kbi,kbi,delete_lane_rule,DELETE,NONE,GAP,"",admin/Kbi/delete_lane_rule
Kbi,kbi,reclassify_lanes,ACTION,NONE,GAP,"",admin/Kbi/reclassify_lanes
Kbi,kbi,analyze_lanes,ACTION,NONE,GAP,"",admin/Kbi/analyze_lanes
Kbi,kbi,run_attribution,ACTION,NONE,GAP,"",admin/Kbi/run_attribution
Kbi,kbi,admin,ACTION,NONE,GAP,"",admin/Kbi/admin
Kbi,kbi,ajax_get_source,ACTION,NONE,GAP,"",admin/Kbi/ajax_get_source
Kbi,kbi,ajax_get_table_columns,TAB,NONE,GAP,"",admin/Kbi/ajax_get_table_columns
Kbi,kbi,ajax_update_mapping,ACTION,NONE,GAP,"",admin/Kbi/ajax_update_mapping
Kbi,kbi,run_reingest_job,ACTION,NONE,GAP,"",admin/Kbi/run_reingest_job
Kbi,kbi,ajax_reingest_status,ACTION,NONE,GAP,"",admin/Kbi/ajax_reingest_status
Kbi,kbi,ajax_reingest_chunk,ACTION,NONE,GAP,"",admin/Kbi/ajax_reingest_chunk
Kbi,kbi,ajax_master_log,ACTION,NONE,GAP,"",admin/Kbi/ajax_master_log
Kbi,kbi,ajax_preview_mapping,ACTION,NONE,GAP,"",admin/Kbi/ajax_preview_mapping
Kbi,kbi,master_log,ACTION,NONE,GAP,"",admin/Kbi/master_log
Kbi,kbi,api,ACTION,NONE,GAP,"",admin/Kbi/api
Kbi,kbi,api_summary,ACTION,NONE,GAP,"",admin/Kbi/api_summary
Kbi,kbi,api_engagement,ACTION,NONE,GAP,"",admin/Kbi/api_engagement
Kbi,kbi,api_heatmap,ACTION,NONE,GAP,"",admin/Kbi/api_heatmap
Kbi,kbi,api_productivity,ACTION,NONE,GAP,"",admin/Kbi/api_productivity
Kbi,kbi,api_timeline,ACTION,NONE,GAP,"",admin/Kbi/api_timeline
Kbi,kbi,api_leaderboard,ACTION,NONE,GAP,"",admin/Kbi/api_leaderboard
Kbi,kbi,api_completion,ACTION,NONE,GAP,"",admin/Kbi/api_completion
Kbi,kbi,api_modules,ACTION,NONE,GAP,"",admin/Kbi/api_modules
Kbi,kbi,api_responsiveness,ACTION,NONE,GAP,"",admin/Kbi/api_responsiveness
Kbi,kbi,api_hygiene,ACTION,NONE,GAP,"",admin/Kbi/api_hygiene
Kbi,kbi,api_efficiency,ACTION,NONE,GAP,"",admin/Kbi/api_efficiency
Kbi,kbi,api_needs_attention,ACTION,NONE,GAP,"",admin/Kbi/api_needs_attention
Kbi,kbi,api_preview_alerts,ACTION,NONE,GAP,"",admin/Kbi/api_preview_alerts
Kbi,kbi,api_activity_time,ACTION,NONE,GAP,"",admin/Kbi/api_activity_time
Kbi,kbi,api_activity_time_series,ACTION,NONE,GAP,"",admin/Kbi/api_activity_time_series
Kbi,kbi,api_behavior_series,ACTION,NONE,GAP,"",admin/Kbi/api_behavior_series
Kbi,kbi,api_raw_states,ACTION,NONE,GAP,"",admin/Kbi/api_raw_states
Kbi,kbi,api_corporate_daily,ACTION,NONE,GAP,"",admin/Kbi/api_corporate_daily
Kbi,kbi,api_filter_options,ACTION,NONE,GAP,"",admin/Kbi/api_filter_options
Kbi,kbi,api_activity_curve,ACTION,NONE,GAP,"",admin/Kbi/api_activity_curve
Kbi,kbi,sessions,ACTION,NONE,GAP,"",admin/Kbi/sessions
Kbi,kbi,session_playback,ACTION,NONE,GAP,"",admin/Kbi/session_playback
Kbi,kbi,deprecated_endpoint,ACTION,NONE,GAP,"",admin/Kbi/deprecated_endpoint
Kbi,kbi,api_session_start,ACTION,NONE,GAP,"",admin/Kbi/api_session_start
Kbi,kbi,api_session_event,ACTION,NONE,GAP,"",admin/Kbi/api_session_event
Kbi,kbi,api_session_end,ACTION,NONE,GAP,"",admin/Kbi/api_session_end
Kbi,kbi,api_session_heartbeat,ACTION,NONE,GAP,"",admin/Kbi/api_session_heartbeat
Kbi,kbi,api_recover_session,ACTION,NONE,GAP,"",admin/Kbi/api_recover_session
Kbi,kbi,api_cleanup_sessions,ACTION,NONE,GAP,"",admin/Kbi/api_cleanup_sessions
Kbi,kbi,api_sessions_list,ACTION,NONE,GAP,"",admin/Kbi/api_sessions_list
Kbi,kbi,api_user_child_sessions,ACTION,NONE,GAP,"",admin/Kbi/api_user_child_sessions
Kbi,kbi,api_session_events,ACTION,NONE,GAP,"",admin/Kbi/api_session_events
Kbi,kbi,api_session_star,ACTION,NONE,GAP,"",admin/Kbi/api_session_star
Kbi,kbi,api_session_notes,ACTION,NONE,GAP,"",admin/Kbi/api_session_notes
Kbi,kbi,api_session_delete,ACTION,NONE,GAP,"",admin/Kbi/api_session_delete
Kbi,kbi,api_session_segment_save,ACTION,NONE,GAP,"",admin/Kbi/api_session_segment_save
Kbi,kbi,api_sessions_stats,ACTION,NONE,GAP,"",admin/Kbi/api_sessions_stats
Kbi,kbi,api_toggle_session_star,ACTION,NONE,GAP,"",admin/Kbi/api_toggle_session_star
Kbi,kbi,api_update_session_notes,ACTION,NONE,GAP,"",admin/Kbi/api_update_session_notes
Kbi,kbi,replay_events,ACTION,NONE,GAP,"",admin/Kbi/replay_events
Kbi,kbi,replay_timeline,ACTION,NONE,GAP,"",admin/Kbi/replay_timeline
Kbi,kbi,api_replay_config,ACTION,NONE,GAP,"",admin/Kbi/api_replay_config
Kbi,kbi,api_replay_ingest,ACTION,NONE,GAP,"",admin/Kbi/api_replay_ingest
Kbi,kbi,api_replay_ingest_segments,ACTION,NONE,GAP,"",admin/Kbi/api_replay_ingest_segments
Kbi_api,kbi_api,summary,ACTION,NONE,GAP,"",admin/Kbi_api/summary
Kbi_api,kbi_api,engagement,ACTION,NONE,GAP,"",admin/Kbi_api/engagement
Kbi_api,kbi_api,heatmap,ACTION,NONE,GAP,"",admin/Kbi_api/heatmap
Kbi_api,kbi_api,productivity,ACTION,NONE,GAP,"",admin/Kbi_api/productivity
Kbi_api,kbi_api,timeline,ACTION,NONE,GAP,"",admin/Kbi_api/timeline
Kbi_api,kbi_api,leaderboard,ACTION,NONE,GAP,"",admin/Kbi_api/leaderboard
Kbi_api,kbi_api,completion,ACTION,NONE,GAP,"",admin/Kbi_api/completion
Kbi_api,kbi_api,modules,ACTION,NONE,GAP,"",admin/Kbi_api/modules
Kbi_api,kbi_api,responsiveness,ACTION,NONE,GAP,"",admin/Kbi_api/responsiveness
Kbi_api,kbi_api,hygiene,ACTION,NONE,GAP,"",admin/Kbi_api/hygiene
Kbi_api,kbi_api,efficiency,ACTION,NONE,GAP,"",admin/Kbi_api/efficiency
Kbi_api,kbi_api,needs_attention,ACTION,NONE,GAP,"",admin/Kbi_api/needs_attention
Kbi_api,kbi_api,preview_alerts,ACTION,NONE,GAP,"",admin/Kbi_api/preview_alerts
Kbi_api,kbi_api,corporate_daily,ACTION,NONE,GAP,"",admin/Kbi_api/corporate_daily
Kbi_api,kbi_api,activities,ACTION,NONE,GAP,"",admin/Kbi_api/activities
Kbi_api,kbi_api,aggregates,ACTION,NONE,GAP,"",admin/Kbi_api/aggregates
Kbi_api,kbi_api,kpis,ACTION,NONE,GAP,"",admin/Kbi_api/kpis
Kbi_api,kbi_api,filter_options,ACTION,NONE,GAP,"",admin/Kbi_api/filter_options
Kbi_api,kbi_api,activity_curve,ACTION,NONE,GAP,"",admin/Kbi_api/activity_curve
Kbi_replay,kbi_replay,ingest,ACTION,NONE,GAP,"",admin/Kbi_replay/ingest
Kbi_replay,kbi_replay,ingest_segments,ACTION,NONE,GAP,"",admin/Kbi_replay/ingest_segments
Kbi_replay,kbi_replay,events,ACTION,NONE,GAP,"",admin/Kbi_replay/events
Kbi_replay,kbi_replay,timeline,ACTION,NONE,GAP,"",admin/Kbi_replay/timeline
Kbi_replay,kbi_replay,session,ACTION,NONE,GAP,"",admin/Kbi_replay/session
Kbi_replay,kbi_replay,sessions,ACTION,NONE,GAP,"",admin/Kbi_replay/sessions
Kbi_replay,kbi_replay,search,ACTION,NONE,GAP,"",admin/Kbi_replay/search
Kbi_replay,kbi_replay,export,EXPORT,NONE,GAP,"",admin/Kbi_replay/export
Kbi_replay,kbi_replay,stats,ACTION,NONE,GAP,"",admin/Kbi_replay/stats
Kbi_replay,kbi_replay,access_log,ACTION,NONE,GAP,"",admin/Kbi_replay/access_log
Kbi_replay,kbi_replay,cleanup,ACTION,NONE,GAP,"",admin/Kbi_replay/cleanup
Kbi_replay,kbi_replay,delete_session,DELETE,NONE,GAP,"",admin/Kbi_replay/delete_session
Kbi_replay,kbi_replay,config,ACTION,NONE,GAP,"",admin/Kbi_replay/config
Api,api,item_review_analyze,ACTION,NONE,GAP,"",admin/Api/item_review_analyze
Api,api,item_review_apply,ACTION,NONE,GAP,"",admin/Api/item_review_apply
Api,api,item_review_reject,ACTION,NONE,GAP,"",admin/Api/item_review_reject
Api,api,run_ai_formatting_items_cron,ACTION,NONE,GAP,"",admin/Api/run_ai_formatting_items_cron
Api,api,run_ai_item_classification_cron,ACTION,NONE,GAP,"",admin/Api/run_ai_item_classification_cron
Api,api,run_ai_item_batch_classification_cron,ACTION,NONE,GAP,"",admin/Api/run_ai_item_batch_classification_cron
Api,api,run_ai_item_bilingual_migration_cron,ACTION,NONE,GAP,"",admin/Api/run_ai_item_bilingual_migration_cron
Api,api,ajax_process_ai_item_bilingual,ACTION,NONE,GAP,"",admin/Api/ajax_process_ai_item_bilingual
Api,api,run_ai_commodity_spec_order_batch_cron,ACTION,NONE,GAP,"",admin/Api/run_ai_commodity_spec_order_batch_cron
Api,api,run_ai_commodity_naming_policy_batch_discovery_cron,ACTION,NONE,GAP,"",admin/Api/run_ai_commodity_naming_policy_batch_discovery_cron
Api,api,run_ai_commodity_naming_policy_batch_recovery_cron,ACTION,NONE,GAP,"",admin/Api/run_ai_commodity_naming_policy_batch_recovery_cron
Api,api,run_commodity_naming_policy_apply_cron,ACTION,NONE,GAP,"",admin/Api/run_commodity_naming_policy_apply_cron
Api,api,save_commodity_naming_policy_review,ACTION,NONE,GAP,"",admin/Api/save_commodity_naming_policy_review
Api,api,resend_commodity_naming_policy_proposal,ACTION,NONE,GAP,"",admin/Api/resend_commodity_naming_policy_proposal
Api,api,approve_commodity_naming_policy_proposal,ACTION,NONE,GAP,"",admin/Api/approve_commodity_naming_policy_proposal
Api,api,activate_commodity_naming_policy_version,ACTION,NONE,GAP,"",admin/Api/activate_commodity_naming_policy_version
Api,api,list_ai_item_batches,ACTION,NONE,GAP,"",admin/Api/list_ai_item_batches
Api,api,get_ai_item_batch_status,VALIDATE,NONE,GAP,"",admin/Api/get_ai_item_batch_status
Api,api,run_ai_materials_formatting_cron,ACTION,NONE,GAP,"",admin/Api/run_ai_materials_formatting_cron
Api,api,rebuild_classification_indexes_cron,ACTION,NONE,GAP,"",admin/Api/rebuild_classification_indexes_cron
Api,api,enqueue_manual_items_for_review_cron,ACTION,NONE,GAP,"",admin/Api/enqueue_manual_items_for_review_cron
Api,api,process_ai_formatting_in_batches,ACTION,NONE,GAP,"",admin/Api/process_ai_formatting_in_batches
Api,api,ajax_process_ai_item,ACTION,NONE,GAP,"",admin/Api/ajax_process_ai_item
Api,api,ajax_process_ai_item_classification,ACTION,NONE,GAP,"",admin/Api/ajax_process_ai_item_classification
Api,api,process_ai_item_classification_in_batches,ACTION,NONE,GAP,"",admin/Api/process_ai_item_classification_in_batches
Api,api,process_ai_item_classification_in_batches_batch_api,ACTION,NONE,GAP,"",admin/Api/process_ai_item_classification_in_batches_batch_api
Api,api,get_unit,VALIDATE,NONE,GAP,"",admin/Api/get_unit
Api,api,Add_item_log,ACTION,NONE,GAP,"",admin/Api/Add_item_log
Api,api,test_formatter,ACTION,NONE,GAP,"",admin/Api/test_formatter
Api,api,save_formatter_prompt,ACTION,NONE,GAP,"",admin/Api/save_formatter_prompt
Api,api,test_classifier,ACTION,NONE,GAP,"",admin/Api/test_classifier
Api,api,save_classifier_prompt,ACTION,NONE,GAP,"",admin/Api/save_classifier_prompt
Api,api,process_ai_materials_formatting,ACTION,NONE,GAP,"",admin/Api/process_ai_materials_formatting
Api,api,test_materials_formatter,ACTION,NONE,GAP,"",admin/Api/test_materials_formatter
Api,api,save_materials_formatter_prompt,ACTION,NONE,GAP,"",admin/Api/save_materials_formatter_prompt
Api,api,test_commodity_specs_prompt,ACTION,NONE,GAP,"",admin/Api/test_commodity_specs_prompt
Api,api,save_commodity_specs_prompt,ACTION,NONE,GAP,"",admin/Api/save_commodity_specs_prompt
Api,api,test_reviewer,ACTION,NONE,GAP,"",admin/Api/test_reviewer
Api,api,save_reviewer_prompt,ACTION,NONE,GAP,"",admin/Api/save_reviewer_prompt
Brands,brands,index,LIST,NONE,GAP,"",admin/Brands/index
Brands,brands,brands_table,TAB,NONE,GAP,"",admin/Brands/brands_table
Brands,brands,get_table_data,VALIDATE,NONE,GAP,"",admin/Brands/get_table_data
Brands,brands,manage_brands,ACTION,NONE,GAP,"",admin/Brands/manage_brands
Brands,brands,delete_brand,DELETE,NONE,GAP,"",admin/Brands/delete_brand
Brands,brands,brands_item,ACTION,NONE,GAP,"",admin/Brands/brands_item
Brands,brands,items_table,TAB,NONE,GAP,"",admin/Brands/items_table
Brands,brands,manage,ACTION,NONE,GAP,"",admin/Brands/manage
Brands,brands,get_brand_block_html,VALIDATE,NONE,GAP,"",admin/Brands/get_brand_block_html
Brands,brands,get_items,VALIDATE,NONE,GAP,"",admin/Brands/get_items
Brands,brands,get_suppliers,VALIDATE,NONE,GAP,"",admin/Brands/get_suppliers
Brands,brands,get_brand_form,VALIDATE,NONE,GAP,"",admin/Brands/get_brand_form
Brands,brands,check_brand_exist,ACTION,NONE,GAP,"",admin/Brands/check_brand_exist
Brands,brands,get_OEM_supplier,VALIDATE,NONE,GAP,"",admin/Brands/get_OEM_supplier
Brands,brands,manage_classification,ACTION,NONE,GAP,"",admin/Brands/manage_classification
Brands,brands,get_families,VALIDATE,NONE,GAP,"",admin/Brands/get_families
Brands,brands,get_classes,VALIDATE,NONE,GAP,"",admin/Brands/get_classes
Brands,brands,get_commodities,VALIDATE,NONE,GAP,"",admin/Brands/get_commodities
Brands,brands,save_classification,ACTION,NONE,GAP,"",admin/Brands/save_classification
Classification_dashboard,classification_dashboard,index,LIST,NONE,GAP,"",admin/Classification_dashboard/index
Classification_dashboard,classification_dashboard,ajax_pending_suggestions,ACTION,NONE,GAP,"",admin/Classification_dashboard/ajax_pending_suggestions
Classification_dashboard,classification_dashboard,ajax_classified_clusters,ACTION,NONE,GAP,"",admin/Classification_dashboard/ajax_classified_clusters
Classification_enhancer,classification_enhancer,index,LIST,NONE,GAP,"",admin/Classification_enhancer/index
Classification_enhancer,classification_enhancer,get_items,VALIDATE,NONE,GAP,"",admin/Classification_enhancer/get_items
Classification_enhancer,classification_enhancer,rebuild_indexes,ACTION,NONE,GAP,"",admin/Classification_enhancer/rebuild_indexes
Classification_enhancer,classification_enhancer,rebuild_index_batch,ACTION,NONE,GAP,"",admin/Classification_enhancer/rebuild_index_batch
Classification_enhancer,classification_enhancer,refresh_item_suggestions,ACTION,NONE,GAP,"",admin/Classification_enhancer/refresh_item_suggestions
Classification_enhancer,classification_enhancer,run_clusters,ACTION,NONE,GAP,"",admin/Classification_enhancer/run_clusters
Classification_enhancer,classification_enhancer,ajax_pending_suggestions,ACTION,NONE,GAP,"",admin/Classification_enhancer/ajax_pending_suggestions
Classification_enhancer,classification_enhancer,ajax_classified_clusters,ACTION,NONE,GAP,"",admin/Classification_enhancer/ajax_classified_clusters
Classification_enhancer,classification_enhancer,ajax_merge_cluster,ACTION,NONE,GAP,"",admin/Classification_enhancer/ajax_merge_cluster
Classification_enhancer,classification_enhancer,resolve_conflict_modal,ACTION,NONE,GAP,"",admin/Classification_enhancer/resolve_conflict_modal
Classification_enhancer,classification_enhancer,resolve_cluster,ACTION,NONE,GAP,"",admin/Classification_enhancer/resolve_cluster
Classification_enhancer,classification_enhancer,merge_items,ACTION,NONE,GAP,"",admin/Classification_enhancer/merge_items
Classification_enhancer,classification_enhancer,get_cluster_items,VALIDATE,NONE,GAP,"",admin/Classification_enhancer/get_cluster_items
Classification_Review,classification_review,index,LIST,NONE,GAP,"",admin/Classification_Review/index
Classification_Review,classification_review,table,LIST,NONE,GAP,"",admin/Classification_Review/table
Classification_Review,classification_review,get_table_data,VALIDATE,NONE,GAP,"",admin/Classification_Review/get_table_data
Classification_Review,classification_review,set_review_commodity,ACTION,NONE,GAP,"",admin/Classification_Review/set_review_commodity
Classification_Review,classification_review,approve,ACTION,NONE,GAP,"",admin/Classification_Review/approve
Classification_Review,classification_review,manual_classify_modal,ACTION,NONE,GAP,"",admin/Classification_Review/manual_classify_modal
Classification_Review,classification_review,save_manual_classification,ACTION,NONE,GAP,"",admin/Classification_Review/save_manual_classification
Classification_Review,classification_review,approve_bulk,BULK,NONE,GAP,"",admin/Classification_Review/approve_bulk
Classification_Review,classification_review,search_commodities,ACTION,NONE,GAP,"",admin/Classification_Review/search_commodities
Classification_Review,classification_review,update_commodity,ACTION,NONE,GAP,"",admin/Classification_Review/update_commodity
Classification_Review,classification_review,get_pending_item_specs_ajax,VALIDATE,NONE,GAP,"",admin/Classification_Review/get_pending_item_specs_ajax
Classification_Review,classification_review,get_item_sources_ajax,VALIDATE,NONE,GAP,"",admin/Classification_Review/get_item_sources_ajax
Classification_Review,classification_review,get_item_suggestions_ajax,VALIDATE,NONE,GAP,"",admin/Classification_Review/get_item_suggestions_ajax
Classification_Review,classification_review,approve_clone,ACTION,NONE,GAP,"",admin/Classification_Review/approve_clone
Classification_Review,classification_review,approve_bulk_clones,BULK,NONE,GAP,"",admin/Classification_Review/approve_bulk_clones
ClientItems,clientitems,index,LIST,NONE,GAP,"",admin/ClientItems/index
ClientItems,clientitems,get_table_data,VALIDATE,NONE,GAP,"",admin/ClientItems/get_table_data
CloneReview,clonereview,index,LIST,NONE,GAP,"",admin/CloneReview/index
CloneReview,clonereview,get_table_data,VALIDATE,NONE,GAP,"",admin/CloneReview/get_table_data
CommodityNamingGovernance,commoditynaminggovernance,index,LIST,NONE,GAP,"",admin/CommodityNamingGovernance/index
CronMonitor,cronmonitor,index,LIST,NONE,GAP,"",admin/CronMonitor/index
Global_item_search,global_item_search,search,ACTION,NONE,GAP,"",admin/Global_item_search/search
ItemClassification,itemclassification,index,LIST,NONE,GAP,"",admin/ItemClassification/index
ItemClassification,itemclassification,table,LIST,NONE,GAP,"",admin/ItemClassification/table
ItemClassification,itemclassification,grid_table,TAB,NONE,GAP,"",admin/ItemClassification/grid_table
ItemClassification,itemclassification,manage,ACTION,NONE,GAP,"",admin/ItemClassification/manage
ItemClassification,itemclassification,check_title_exist,ACTION,NONE,GAP,"",admin/ItemClassification/check_title_exist
ItemClassification,itemclassification,check_code_exist,ACTION,NONE,GAP,"",admin/ItemClassification/check_code_exist
ItemClassification,itemclassification,check_segment_title_exist,ACTION,NONE,GAP,"",admin/ItemClassification/check_segment_title_exist
ItemClassification,itemclassification,check_segment_code_exist,ACTION,NONE,GAP,"",admin/ItemClassification/check_segment_code_exist
ItemClassification,itemclassification,add_segment,ACTION,NONE,GAP,"",admin/ItemClassification/add_segment
ItemClassification,itemclassification,get,ACTION,NONE,GAP,"",admin/ItemClassification/get
ItemClassification,itemclassification,delete,DELETE,NONE,GAP,"",admin/ItemClassification/delete
ItemClassification,itemclassification,view_segment,ACTION,NONE,GAP,"",admin/ItemClassification/view_segment
ItemClassification,itemclassification,manage_commodity,ACTION,NONE,GAP,"",admin/ItemClassification/manage_commodity
ItemClassification,itemclassification,save_spec_visibility_settings,ACTION,NONE,GAP,"",admin/ItemClassification/save_spec_visibility_settings
ItemClassification,itemclassification,naming_policy_workspace,ACTION,NONE,GAP,"",admin/ItemClassification/naming_policy_workspace
ItemClassification,itemclassification,apply_canonical_names_to_items,ACTION,NONE,GAP,"",admin/ItemClassification/apply_canonical_names_to_items
ItemClassification,itemclassification,toggle_spec_required,ACTION,NONE,GAP,"",admin/ItemClassification/toggle_spec_required
ItemClassification,itemclassification,save_commodity_specs_order,ACTION,NONE,GAP,"",admin/ItemClassification/save_commodity_specs_order
ItemClassification,itemclassification,add_specs,ACTION,NONE,GAP,"",admin/ItemClassification/add_specs
ItemClassification,itemclassification,get_class,VALIDATE,NONE,GAP,"",admin/ItemClassification/get_class
ItemClassification,itemclassification,search_classes,ACTION,NONE,GAP,"",admin/ItemClassification/search_classes
ItemClassification,itemclassification,ajax_search_classes,ACTION,NONE,GAP,"",admin/ItemClassification/ajax_search_classes
ItemClassification,itemclassification,Add_item_log,ACTION,NONE,GAP,"",admin/ItemClassification/Add_item_log
ItemClassification,itemclassification,manage_commodity_specs,ACTION,NONE,GAP,"",admin/ItemClassification/manage_commodity_specs
ItemClassification,itemclassification,generate_commodity_specs_ai,ACTION,NONE,GAP,"",admin/ItemClassification/generate_commodity_specs_ai
ItemClassification,itemclassification,save_commodity_specs,ACTION,NONE,GAP,"",admin/ItemClassification/save_commodity_specs
ItemClassification,itemclassification,update_spec_values,ACTION,NONE,GAP,"",admin/ItemClassification/update_spec_values
ItemClassification,itemclassification,delete_commodity_spec,DELETE,NONE,GAP,"",admin/ItemClassification/delete_commodity_spec
ItemClassification,itemclassification,merge_commodity_spec,ACTION,NONE,GAP,"",admin/ItemClassification/merge_commodity_spec
ItemClassification,itemclassification,update_commodity_spec_values,ACTION,NONE,GAP,"",admin/ItemClassification/update_commodity_spec_values
ItemClassification,itemclassification,get_commodity_spec_items,VALIDATE,NONE,GAP,"",admin/ItemClassification/get_commodity_spec_items
ItemClassification,itemclassification,add_commodity_spec_option,ACTION,NONE,GAP,"",admin/ItemClassification/add_commodity_spec_option
ItemClassification,itemclassification,toggle_lock_commodity,ACTION,NONE,GAP,"",admin/ItemClassification/toggle_lock_commodity
Items,items,index,LIST,items,YES,"",admin/Items/index
Items,items,items_table,TAB,items,GAP,"",admin/Items/items_table
Items,items,get_table_data,VALIDATE,items,GAP,"",admin/Items/get_table_data
Items,items,check_item_exist,ACTION,items,GAP,"",admin/Items/check_item_exist
Items,items,get_clone_source_item,VALIDATE,items,GAP,"",admin/Items/get_clone_source_item
Items,items,add_new_item,ACTION,items,GAP,"",admin/Items/add_new_item
Items,items,check_new_item,ACTION,items,GAP,"",admin/Items/check_new_item
Items,items,complete_adding_process,ACTION,items,GAP,"",admin/Items/complete_adding_process
Items,items,get_ai_item_specs,VALIDATE,items,GAP,"",admin/Items/get_ai_item_specs
Items,items,get_item_review_data,VALIDATE,items,GAP,"",admin/Items/get_item_review_data
Items,items,set_item_suggestion_status,ACTION,items,GAP,"",admin/Items/set_item_suggestion_status
Items,items,manage_items,ACTION,items,GAP,"",admin/Items/manage_items
Items,items,upload_item_image,UPLOAD,items,GAP,"",admin/Items/upload_item_image
Items,items,delete_item_image,DELETE,items,YES,"",admin/Items/delete_item_image
Items,items,get_item_images,VALIDATE,items,GAP,"",admin/Items/get_item_images
Items,items,search_item_images,ACTION,items,GAP,"",admin/Items/search_item_images
Items,items,fetch_item_image,ACTION,items,GAP,"",admin/Items/fetch_item_image
Items,items,api_classify_item,ACTION,items,GAP,"",admin/Items/api_classify_item
Items,items,classify_item_view,ACTION,items,GAP,"",admin/Items/classify_item_view
Items,items,get_families,VALIDATE,items,GAP,"",admin/Items/get_families
Items,items,get_classes,VALIDATE,items,GAP,"",admin/Items/get_classes
Items,items,get_commodihties,VALIDATE,items,GAP,"",admin/Items/get_commodihties
Items,items,get_expense_category,VALIDATE,items,GAP,"",admin/Items/get_expense_category
Items,items,search_expense_categories,ACTION,items,GAP,"",admin/Items/search_expense_categories
Items,items,get_commodity,VALIDATE,items,GAP,"",admin/Items/get_commodity
Items,items,get_product_family,VALIDATE,items,GAP,"",admin/Items/get_product_family
Items,items,get_product_families_for_assignment,VALIDATE,items,GAP,"",admin/Items/get_product_families_for_assignment
Items,items,search_commodity_items,ACTION,items,GAP,"",admin/Items/search_commodity_items
Items,items,update_commodity_inline,ACTION,items,GAP,"",admin/Items/update_commodity_inline
Items,items,get_item_unit,VALIDATE,items,GAP,"",admin/Items/get_item_unit
Items,items,get_item_business_sectors,VALIDATE,items,GAP,"",admin/Items/get_item_business_sectors
Items,items,search_units,ACTION,items,GAP,"",admin/Items/search_units
Items,items,get_spec_name,VALIDATE,items,GAP,"",admin/Items/get_spec_name
Items,items,search_spec_names,ACTION,items,GAP,"",admin/Items/search_spec_names
Items,items,get_spec_rules,VALIDATE,items,GAP,"",admin/Items/get_spec_rules
Items,items,get_spec_rules_bulk,VALIDATE,items,GAP,"",admin/Items/get_spec_rules_bulk
Items,items,get_units_by_ids,VALIDATE,items,GAP,"",admin/Items/get_units_by_ids
Items,items,ajax_search_units,ACTION,items,GAP,"",admin/Items/ajax_search_units
Items,items,ajax_search_commodities,ACTION,items,GAP,"",admin/Items/ajax_search_commodities
Items,items,ajax_search_specs,ACTION,items,GAP,"",admin/Items/ajax_search_specs
Items,items,get_unit,VALIDATE,items,GAP,"",admin/Items/get_unit
Items,items,view,DETAIL,items,GAP,"",admin/Items/view
Items,items,ajax_get_item_version,ACTION,items,GAP,"",admin/Items/ajax_get_item_version
Items,items,ajax_get_pending_classification,ACTION,items,GAP,"",admin/Items/ajax_get_pending_classification
Items,items,get_item_accounts,VALIDATE,items,GAP,"",admin/Items/get_item_accounts
Items,items,update_accounts,ACTION,items,GAP,"",admin/Items/update_accounts
Items,items,get_accounts_summary,VALIDATE,items,GAP,"",admin/Items/get_accounts_summary
Items,items,search_qb_accounts,ACTION,items,GAP,"",admin/Items/search_qb_accounts
Items,items,search_qb_items,ACTION,items,GAP,"",admin/Items/search_qb_items
Items,items,ajax_get_pending_clone_review,ACTION,items,GAP,"",admin/Items/ajax_get_pending_clone_review
Items,items,save_item_spec,ACTION,items,GAP,"",admin/Items/save_item_spec
Items,items,add_missing_specs_with_values,ACTION,items,GAP,"",admin/Items/add_missing_specs_with_values
Items,items,delete,DELETE,items,YES,"",admin/Items/delete
Items,items,ajax_delete_item,ACTION,items,GAP,"",admin/Items/ajax_delete_item
Items,items,toggle_archive_item,ACTION,items,GAP,"",admin/Items/toggle_archive_item
Items,items,manage_classification,ACTION,items,GAP,"",admin/Items/manage_classification
Items,items,get_children,VALIDATE,items,GAP,"",admin/Items/get_children
Items,items,search_level,ACTION,items,GAP,"",admin/Items/search_level
Items,items,search_classification_global,ACTION,items,GAP,"",admin/Items/search_classification_global
Items,items,get_parents,VALIDATE,items,GAP,"",admin/Items/get_parents
Items,items,get_next_commodity_code_for_class,VALIDATE,items,GAP,"",admin/Items/get_next_commodity_code_for_class
Items,items,create_reclassification_commodity,ACTION,items,GAP,"",admin/Items/create_reclassification_commodity
Items,items,get_classification_details,VALIDATE,items,GAP,"",admin/Items/get_classification_details
Items,items,save_classification,ACTION,items,GAP,"",admin/Items/save_classification
Items,items,update_item_status,ACTION,items,GAP,"",admin/Items/update_item_status
Items,items,Add_item_log,ACTION,items,GAP,"",admin/Items/Add_item_log
Items,items,search_items,ACTION,items,GAP,"",admin/Items/search_items
Items,items,save_item_specs_order,ACTION,items,GAP,"",admin/Items/save_item_specs_order
Items,items,update_item_specs,ACTION,items,GAP,"",admin/Items/update_item_specs
Items,items,update_item_spec_inline,ACTION,items,GAP,"",admin/Items/update_item_spec_inline
Items,items,get_spec_edit_history,VALIDATE,items,GAP,"",admin/Items/get_spec_edit_history
Items,items,check_duplicate_item,ACTION,items,GAP,"",admin/Items/check_duplicate_item
Items,items,ai_classify_existing_item,ACTION,items,GAP,"",admin/Items/ai_classify_existing_item
Items,items,ai_classify_batch,ACTION,items,GAP,"",admin/Items/ai_classify_batch
Items,items,search_partner_item_code,ACTION,items,GAP,"",admin/Items/search_partner_item_code
Items,items,get_unit_categories_with_units,VALIDATE,items,GAP,"",admin/Items/get_unit_categories_with_units
Items,items,search_unit_categories_with_units,ACTION,items,GAP,"",admin/Items/search_unit_categories_with_units
Items,items,reclassify_item,ACTION,items,GAP,"",admin/Items/reclassify_item
Items,items,get_unit_hierarchy,VALIDATE,items,GAP,"",admin/Items/get_unit_hierarchy
Items,items,update_field,ACTION,items,GAP,"",admin/Items/update_field
Items,items,get_qb_item,VALIDATE,items,GAP,"",admin/Items/get_qb_item
Items,items,get_item_modal_commodity_context,VALIDATE,items,GAP,"",admin/Items/get_item_modal_commodity_context
Items,items,get_commodity_specs,VALIDATE,items,GAP,"",admin/Items/get_commodity_specs
Items,items,get_item_specs_ajax,VALIDATE,items,GAP,"",admin/Items/get_item_specs_ajax
Items,items,get_commodity_lock_state,VALIDATE,items,GAP,"",admin/Items/get_commodity_lock_state
Kits,kits,index,LIST,NONE,GAP,"",admin/Kits/index
Kits,kits,get_table_data,VALIDATE,NONE,GAP,"",admin/Kits/get_table_data
Kits,kits,items,ACTION,NONE,GAP,"",admin/Kits/items
Kits,kits,get_items_table_data,VALIDATE,NONE,GAP,"",admin/Kits/get_items_table_data
Kits,kits,add_item,ACTION,NONE,GAP,"",admin/Kits/add_item
Kits,kits,update_item,ACTION,NONE,GAP,"",admin/Kits/update_item
Kits,kits,save_items,ACTION,NONE,GAP,"",admin/Kits/save_items
Kits,kits,delete_item,DELETE,NONE,GAP,"",admin/Kits/delete_item
Kits,kits,get_kit,VALIDATE,NONE,GAP,"",admin/Kits/get_kit
Kits,kits,add_kit,ACTION,NONE,GAP,"",admin/Kits/add_kit
Kits,kits,update_kit,ACTION,NONE,GAP,"",admin/Kits/update_kit
Kits,kits,delete,DELETE,NONE,GAP,"",admin/Kits/delete
Kits,kits,delete_kit,DELETE,NONE,GAP,"",admin/Kits/delete_kit
Materials,materials,extract_dewa_rfx_materials,ACTION,materials_catalog/materials,GAP,"",admin/Materials/extract_dewa_rfx_materials
Materials,materials,extractkeys,ACTION,materials_catalog/materials,GAP,"",admin/Materials/extractkeys
Materials,materials,validMySQL,ACTION,materials_catalog/materials,GAP,"",admin/Materials/validMySQL
Materials,materials,seo_friendly_url,ACTION,materials_catalog/materials,GAP,"",admin/Materials/seo_friendly_url
Materials,materials,index,LIST,materials_catalog/materials,YES,"",admin/Materials/index
Materials,materials,scrapping_dewa_rfx_folder,ACTION,materials_catalog/materials,GAP,"",admin/Materials/scrapping_dewa_rfx_folder
Materials,materials,table,LIST,materials_catalog/materials,YES,"",admin/Materials/table
Materials,materials,get_table_data,VALIDATE,materials_catalog/materials,GAP,"",admin/Materials/get_table_data
Materials,materials,view,DETAIL,materials_catalog/materials,GAP,"",admin/Materials/view
Materials,materials,update_metadata,ACTION,materials_catalog/materials,GAP,"",admin/Materials/update_metadata
Materials,materials,update_metadata,ACTION,materials_catalog/materials,GAP,"",admin/Materials/update_metadata
Materials,materials,related_materials,ACTION,materials_catalog/materials,GAP,"",admin/Materials/related_materials
Materials,materials,edit,EDIT,materials_catalog/materials,YES,"",admin/Materials/edit
Materials,materials,convert,ACTION,materials_catalog/materials,GAP,"",admin/Materials/convert
Material_Categories,material_categories,index,LIST,NONE,GAP,"",admin/Material_Categories/index
Material_Categories,material_categories,table,LIST,NONE,GAP,"",admin/Material_Categories/table
Material_Categories,material_categories,get_table_data,VALIDATE,NONE,GAP,"",admin/Material_Categories/get_table_data
Material_Categories,material_categories,get_subcategories,VALIDATE,NONE,GAP,"",admin/Material_Categories/get_subcategories
Material_Categories,material_categories,get_category,VALIDATE,NONE,GAP,"",admin/Material_Categories/get_category
Material_Categories,material_categories,update_category,ACTION,NONE,GAP,"",admin/Material_Categories/update_category
Material_Categories,material_categories,view,DETAIL,NONE,GAP,"",admin/Material_Categories/view
Material_Categories,material_categories,category_materials,ACTION,NONE,GAP,"",admin/Material_Categories/category_materials
Material_Categories,material_categories,delete,DELETE,NONE,GAP,"",admin/Material_Categories/delete
MergeItems,mergeitems,index,LIST,NONE,GAP,"",admin/MergeItems/index
MergeItems,mergeitems,get_table_data,VALIDATE,NONE,GAP,"",admin/MergeItems/get_table_data
MergeItems,mergeitems,manage,ACTION,NONE,GAP,"",admin/MergeItems/manage
MergeItems,mergeitems,merge_items,ACTION,NONE,GAP,"",admin/MergeItems/merge_items
MergeItems,mergeitems,check_has_children,ACTION,NONE,GAP,"",admin/MergeItems/check_has_children
MergeItems,mergeitems,get_merged_children,VALIDATE,NONE,GAP,"",admin/MergeItems/get_merged_children
MergeItems,mergeitems,quick_merge,ACTION,NONE,GAP,"",admin/MergeItems/quick_merge
MergeSpecs,mergespecs,index,LIST,NONE,GAP,"",admin/MergeSpecs/index
MergeSpecs,mergespecs,get_table_data,VALIDATE,NONE,GAP,"",admin/MergeSpecs/get_table_data
MergeSpecs,mergespecs,manage,ACTION,NONE,GAP,"",admin/MergeSpecs/manage
MergeSpecs,mergespecs,merge_specs,ACTION,NONE,GAP,"",admin/MergeSpecs/merge_specs
MergeSpecs,mergespecs,check_has_children,ACTION,NONE,GAP,"",admin/MergeSpecs/check_has_children
MergeSpecs,mergespecs,get_merged_children,VALIDATE,NONE,GAP,"",admin/MergeSpecs/get_merged_children
MergeSpecs,mergespecs,quick_merge,ACTION,NONE,GAP,"",admin/MergeSpecs/quick_merge
MergeUnits,mergeunits,index,LIST,NONE,GAP,"",admin/MergeUnits/index
MergeUnits,mergeunits,get_table_data,VALIDATE,NONE,GAP,"",admin/MergeUnits/get_table_data
MergeUnits,mergeunits,manage,ACTION,NONE,GAP,"",admin/MergeUnits/manage
MergeUnits,mergeunits,merge_units,ACTION,NONE,GAP,"",admin/MergeUnits/merge_units
MergeUnits,mergeunits,check_has_children,ACTION,NONE,GAP,"",admin/MergeUnits/check_has_children
MergeUnits,mergeunits,get_merged_children,VALIDATE,NONE,GAP,"",admin/MergeUnits/get_merged_children
MergeUnits,mergeunits,quick_merge,ACTION,NONE,GAP,"",admin/MergeUnits/quick_merge
Product_Family,product_family,index,LIST,NONE,GAP,"",admin/Product_Family/index
Product_Family,product_family,get_table_data,VALIDATE,NONE,GAP,"",admin/Product_Family/get_table_data
Product_Family,product_family,logs,ACTION,NONE,GAP,"",admin/Product_Family/logs
Product_Family,product_family,get_logs_table_data,VALIDATE,NONE,GAP,"",admin/Product_Family/get_logs_table_data
Product_Family,product_family,items,ACTION,NONE,GAP,"",admin/Product_Family/items
Product_Family,product_family,get_items_table_data,VALIDATE,NONE,GAP,"",admin/Product_Family/get_items_table_data
Product_Family,product_family,add_item,ACTION,NONE,GAP,"",admin/Product_Family/add_item
Product_Family,product_family,remove_item,ACTION,NONE,GAP,"",admin/Product_Family/remove_item
Product_Family,product_family,get_product_family,VALIDATE,NONE,GAP,"",admin/Product_Family/get_product_family
Product_Family,product_family,add_product_family,ACTION,NONE,GAP,"",admin/Product_Family/add_product_family
Product_Family,product_family,update_product_family,ACTION,NONE,GAP,"",admin/Product_Family/update_product_family
Product_Family,product_family,move_product_family,ACTION,NONE,GAP,"",admin/Product_Family/move_product_family
Product_Family,product_family,delete_product_family,DELETE,NONE,GAP,"",admin/Product_Family/delete_product_family
Settings,settings,index,LIST,NONE,GAP,"",admin/Settings/index
Specifications,specifications,index,LIST,NONE,GAP,"",admin/Specifications/index
Specifications,specifications,get_table_data,VALIDATE,NONE,GAP,"",admin/Specifications/get_table_data
Specifications,specifications,get_spec_usage,VALIDATE,NONE,GAP,"",admin/Specifications/get_spec_usage
Specifications,specifications,search_specs,ACTION,NONE,GAP,"",admin/Specifications/search_specs
Specifications,specifications,manage_specs,ACTION,NONE,GAP,"",admin/Specifications/manage_specs
Specifications,specifications,check_spec_name,ACTION,NONE,GAP,"",admin/Specifications/check_spec_name
Specifications,specifications,resolve_spec_name,ACTION,NONE,GAP,"",admin/Specifications/resolve_spec_name
Specifications,specifications,delete_spec_ajax,DELETE,NONE,GAP,"",admin/Specifications/delete_spec_ajax
SpecValueSets,specvaluesets,index,LIST,NONE,GAP,"",admin/SpecValueSets/index
SpecValueSets,specvaluesets,get_table_data,VALIDATE,NONE,GAP,"",admin/SpecValueSets/get_table_data
SpecValueSets,specvaluesets,list_active,ACTION,NONE,GAP,"",admin/SpecValueSets/list_active
SpecValueSets,specvaluesets,usage_list,ACTION,NONE,GAP,"",admin/SpecValueSets/usage_list
SpecValueSets,specvaluesets,check_code_unique,ACTION,NONE,GAP,"",admin/SpecValueSets/check_code_unique
SpecValueSets,specvaluesets,manage,ACTION,NONE,GAP,"",admin/SpecValueSets/manage
SpecValueSets,specvaluesets,duplicate,ACTION,NONE,GAP,"",admin/SpecValueSets/duplicate
SpecValueSets,specvaluesets,toggle_status,ACTION,NONE,GAP,"",admin/SpecValueSets/toggle_status
SpecValueSets,specvaluesets,delete,DELETE,NONE,GAP,"",admin/SpecValueSets/delete
Units,units,index,LIST,NONE,GAP,"",admin/Units/index
Units,units,get_table_data,VALIDATE,NONE,GAP,"",admin/Units/get_table_data
Units,units,search_units,ACTION,NONE,GAP,"",admin/Units/search_units
Units,units,manage_units,ACTION,NONE,GAP,"",admin/Units/manage_units
Units,units,list_units,ACTION,NONE,GAP,"",admin/Units/list_units
Units,units,manage_categories,ACTION,NONE,GAP,"",admin/Units/manage_categories
Units,units,save_category_ajax,ACTION,NONE,GAP,"",admin/Units/save_category_ajax
Units,units,delete_category,DELETE,NONE,GAP,"",admin/Units/delete_category
Units,units,categories_table_data,TAB,NONE,GAP,"",admin/Units/categories_table_data
Units,units,save_unit_ajax,ACTION,NONE,GAP,"",admin/Units/save_unit_ajax
Units,units,resolve_unit_name,ACTION,NONE,GAP,"",admin/Units/resolve_unit_name
Units,units,get_unit_details,VALIDATE,NONE,GAP,"",admin/Units/get_unit_details
Units,units,get_unit_row,VALIDATE,NONE,GAP,"",admin/Units/get_unit_row
Units,units,check_unit_name,ACTION,NONE,GAP,"",admin/Units/check_unit_name
Units,units,check_category_name,ACTION,NONE,GAP,"",admin/Units/check_category_name
Units,units,delete_unit_ajax,DELETE,NONE,GAP,"",admin/Units/delete_unit_ajax
Mention,mention,index,LIST,NONE,GAP,"",admin/Mention/index
Mention,mention,get_staff_mentions,VALIDATE,NONE,GAP,"",admin/Mention/get_staff_mentions
Mention,mention,get_object_mentions,VALIDATE,NONE,GAP,"",admin/Mention/get_object_mentions
Mention,mention,add_post,ACTION,NONE,GAP,"",admin/Mention/add_post
Mention,mention,load_mention,ACTION,NONE,GAP,"",admin/Mention/load_mention
Mention,mention,get_post_data,VALIDATE,NONE,GAP,"",admin/Mention/get_post_data
Mention,mention,load_mention_ajax,ACTION,NONE,GAP,"",admin/Mention/load_mention_ajax
Mention,mention,add_comment,ACTION,NONE,GAP,"",admin/Mention/add_comment
Mention,mention,init_post_comments,ACTION,NONE,GAP,"",admin/Mention/init_post_comments
Mention,mention,comment_single,ACTION,NONE,GAP,"",admin/Mention/comment_single
Mention,mention,remove_post_comment,ACTION,NONE,GAP,"",admin/Mention/remove_post_comment
Mention,mention,delete_post,DELETE,NONE,GAP,"",admin/Mention/delete_post
Mention_client,mention_client,index,LIST,NONE,GAP,"",admin/Mention_client/index
Mention_client,mention_client,load_mention,ACTION,NONE,GAP,"",admin/Mention_client/load_mention
Mention_client,mention_client,init_post_comments,ACTION,NONE,GAP,"",admin/Mention_client/init_post_comments
Mention_client,mention_client,comment_single,ACTION,NONE,GAP,"",admin/Mention_client/comment_single
Mention_client,mention_client,remove_post_comment,ACTION,NONE,GAP,"",admin/Mention_client/remove_post_comment
Mention_client,mention_client,get_staff_mentions,VALIDATE,NONE,GAP,"",admin/Mention_client/get_staff_mentions
Mention_client,mention_client,get_object_mentions,VALIDATE,NONE,GAP,"",admin/Mention_client/get_object_mentions
Mention_client,mention_client,add_comment,ACTION,NONE,GAP,"",admin/Mention_client/add_comment
Mention_client,mention_client,load_mention_ajax,ACTION,NONE,GAP,"",admin/Mention_client/load_mention_ajax
Mention_client,mention_client,add_post,ACTION,NONE,GAP,"",admin/Mention_client/add_post
Mention_client,mention_client,delete_post,DELETE,NONE,GAP,"",admin/Mention_client/delete_post
Menu_setup,menu_setup,main_menu,ACTION,NONE,GAP,"",admin/Menu_setup/main_menu
Menu_setup,menu_setup,update_aside_menu,ACTION,NONE,GAP,"",admin/Menu_setup/update_aside_menu
Menu_setup,menu_setup,reset_aside_menu,ACTION,NONE,GAP,"",admin/Menu_setup/reset_aside_menu
Menu_setup,menu_setup,setup_menu,ACTION,NONE,GAP,"",admin/Menu_setup/setup_menu
Menu_setup,menu_setup,update_setup_menu,ACTION,NONE,GAP,"",admin/Menu_setup/update_setup_menu
Menu_setup,menu_setup,reset_setup_menu,ACTION,NONE,GAP,"",admin/Menu_setup/reset_setup_menu
Api,api,index,LIST,NONE,GAP,"",admin/Api/index
Entities,entities,index,LIST,NONE,GAP,"",admin/Entities/index
Entities,entities,add_entity,ACTION,NONE,GAP,"",admin/Entities/add_entity
Opportunities,opportunities,test_model_function,ACTION,opportunities_api,GAP,"",admin/Opportunities/test_model_function
Opportunities,opportunities,index,LIST,opportunities_api,YES,"",admin/Opportunities/index
Opportunities,opportunities,table,LIST,opportunities_api,YES,"",admin/Opportunities/table
Opportunities,opportunities,get_dynamic_task_count,VALIDATE,opportunities_api,GAP,"",admin/Opportunities/get_dynamic_task_count
Opportunities,opportunities,update_count,ACTION,opportunities_api,GAP,"",admin/Opportunities/update_count
Opportunities,opportunities,opp_requests,ACTION,opportunities_api,GAP,"",admin/Opportunities/opp_requests
Opportunities,opportunities,opportunity,ACTION,opportunities_api,GAP,"",admin/Opportunities/opportunity
Opportunities,opportunities,delete_opp,DELETE,opportunities_api,YES,"",admin/Opportunities/delete_opp
Opportunities,opportunities,change_assigned_staff,ACTION,opportunities_api,GAP,"",admin/Opportunities/change_assigned_staff
Opportunities,opportunities,change_status,ACTION,opportunities_api,GAP,"",admin/Opportunities/change_status
Opportunities,opportunities,edit_opp,ACTION,opportunities_api,GAP,"",admin/Opportunities/edit_opp
Opportunities,opportunities,add_opp,ACTION,opportunities_api,GAP,"",admin/Opportunities/add_opp
Opportunities,opportunities,get_opp_details,VALIDATE,opportunities_api,GAP,"",admin/Opportunities/get_opp_details
Opportunities,opportunities,setting,ACTION,opportunities_api,GAP,"",admin/Opportunities/setting
Opportunities,opportunities,dashboard,ACTION,opportunities_api,GAP,"",admin/Opportunities/dashboard
Opportunities,opportunities,status,ACTION,opportunities_api,GAP,"",admin/Opportunities/status
Opportunities,opportunities,addopportunitystatus,ACTION,opportunities_api,GAP,"",admin/Opportunities/addopportunitystatus
Opportunities,opportunities,delete_status,DELETE,opportunities_api,YES,"",admin/Opportunities/delete_status
Opportunities,opportunities,stages,ACTION,opportunities_api,GAP,"",admin/Opportunities/stages
Opportunities,opportunities,delete_stage,DELETE,opportunities_api,YES,"",admin/Opportunities/delete_stage
Opportunities,opportunities,approve_request,ACTION,opportunities_api,GAP,"",admin/Opportunities/approve_request
Opportunities,opportunities,reject_request,ACTION,opportunities_api,GAP,"",admin/Opportunities/reject_request
Opportunities,opportunities,fetch_dropdown_data,ACTION,opportunities_api,GAP,"",admin/Opportunities/fetch_dropdown_data
Opportunities,opportunities,saveTemplate,ACTION,opportunities_api,GAP,"",admin/Opportunities/saveTemplate
Opportunities,opportunities,delete_template,DELETE,opportunities_api,YES,"",admin/Opportunities/delete_template
Opportunities,opportunities,getMasterData,ACTION,opportunities_api,GAP,"",admin/Opportunities/getMasterData
Opportunities,opportunities,getDetailsData,ACTION,opportunities_api,GAP,"",admin/Opportunities/getDetailsData
Opportunities,opportunities,get_template_details,VALIDATE,opportunities_api,GAP,"",admin/Opportunities/get_template_details
Opportunities,opportunities,getStagesAndStatuses,ACTION,opportunities_api,GAP,"",admin/Opportunities/getStagesAndStatuses
Opportunities,opportunities,opportunity_details,ACTION,opportunities_api,GAP,"",admin/Opportunities/opportunity_details
Opportunities,opportunities,checkStatusAsWhole,ACTION,opportunities_api,GAP,"",admin/Opportunities/checkStatusAsWhole
Opportunities,opportunities,submitopportunityapproval,ACTION,opportunities_api,YES,"",admin/Opportunities/submitopportunityapproval
Opportunities,opportunities,changestatusoftheopportunity,ACTION,opportunities_api,GAP,"",admin/Opportunities/changestatusoftheopportunity
Opportunities,opportunities,resubmitstatusoftheopportunity,ACTION,opportunities_api,YES,"",admin/Opportunities/resubmitstatusoftheopportunity
Opportunities,opportunities,viewopportunitystatusdetail,ACTION,opportunities_api,GAP,"",admin/Opportunities/viewopportunitystatusdetail
Opportunities,opportunities,gettheopportunitystatusapprover,ACTION,opportunities_api,GAP,"",admin/Opportunities/gettheopportunitystatusapprover
Opportunities,opportunities,gettheopportunitystatusdetail,ACTION,opportunities_api,GAP,"",admin/Opportunities/gettheopportunitystatusdetail
Opportunities,opportunities,getStatusID,ACTION,opportunities_api,GAP,"",admin/Opportunities/getStatusID
Opportunities,opportunities,updateApprovalStatus,ACTION,opportunities_api,GAP,"",admin/Opportunities/updateApprovalStatus
Opportunities,opportunities,changeCurrentStatus,ACTION,opportunities_api,GAP,"",admin/Opportunities/changeCurrentStatus
Opportunities,opportunities,getclientscontact,ACTION,opportunities_api,GAP,"",admin/Opportunities/getclientscontact
Opportunities,opportunities,extractClientInfo,ACTION,opportunities_api,GAP,"",admin/Opportunities/extractClientInfo
Opportunities,opportunities,mergeArrays,ACTION,opportunities_api,GAP,"",admin/Opportunities/mergeArrays
Opportunities,opportunities,extractContactValue,ACTION,opportunities_api,GAP,"",admin/Opportunities/extractContactValue
Opportunities,opportunities,tablefetchedemails,TAB,opportunities_api,GAP,"",admin/Opportunities/tablefetchedemails
Opportunities,opportunities,viewemailreply,ACTION,opportunities_api,GAP,"",admin/Opportunities/viewemailreply
Opportunities,opportunities,view,DETAIL,opportunities_api,GAP,"",admin/Opportunities/view
Opportunities,opportunities,findNextApprover,ACTION,opportunities_api,GAP,"",admin/Opportunities/findNextApprover
Opportunities,opportunities,change_status_active,ACTION,opportunities_api,GAP,"",admin/Opportunities/change_status_active
Opportunities,opportunities,change_stage_active,ACTION,opportunities_api,GAP,"",admin/Opportunities/change_stage_active
Opportunities,opportunities,upload_file,UPLOAD,opportunities_api,GAP,"",admin/Opportunities/upload_file
Opportunities,opportunities,file,ACTION,opportunities_api,GAP,"",admin/Opportunities/file
Opportunities,opportunities,remove_file,ACTION,opportunities_api,GAP,"",admin/Opportunities/remove_file
Opportunities,opportunities,update_file_data,ACTION,opportunities_api,GAP,"",admin/Opportunities/update_file_data
Opportunities,opportunities,init_relation_RFQ,ACTION,opportunities_api,GAP,"",admin/Opportunities/init_relation_RFQ
Opportunities,opportunities,init_relation_emails,ACTION,opportunities_api,GAP,"",admin/Opportunities/init_relation_emails
Opportunities,opportunities,discussions,ACTION,opportunities_api,GAP,"",admin/Opportunities/discussions
Opportunities,opportunities,discussion,ACTION,opportunities_api,GAP,"",admin/Opportunities/discussion
Opportunities,opportunities,get_discussion_comments,VALIDATE,opportunities_api,GAP,"",admin/Opportunities/get_discussion_comments
Opportunities,opportunities,add_discussion_comment,ACTION,opportunities_api,GAP,"",admin/Opportunities/add_discussion_comment
Opportunities,opportunities,update_discussion_comment,ACTION,opportunities_api,GAP,"",admin/Opportunities/update_discussion_comment
Opportunities,opportunities,delete_discussion_comment,DELETE,opportunities_api,YES,"",admin/Opportunities/delete_discussion_comment
Opportunities,opportunities,delete_discussion,DELETE,opportunities_api,YES,"",admin/Opportunities/delete_discussion
Opportunities,opportunities,save_note,ACTION,opportunities_api,GAP,"",admin/Opportunities/save_note
Opportunities,opportunities,timesheets,ACTION,opportunities_api,GAP,"",admin/Opportunities/timesheets
Opportunities,opportunities,technicalinquiries,ACTION,opportunities_api,GAP,"",admin/Opportunities/technicalinquiries
Opportunities,opportunities,estimation,ACTION,opportunities_api,GAP,"",admin/Opportunities/estimation
Opportunities,opportunities,timesheet,ACTION,opportunities_api,GAP,"",admin/Opportunities/timesheet
Opportunities,opportunities,change_stage_responsible_Id,ACTION,opportunities_api,GAP,"",admin/Opportunities/change_stage_responsible_Id
Opportunities,opportunities,add_edit_members,ACTION,opportunities_api,GAP,"",admin/Opportunities/add_edit_members
Opportunities,opportunities,add_edit_members,ACTION,opportunities_api,GAP,"",admin/Opportunities/add_edit_members
Opportunities,opportunities,get_convert_data,VALIDATE,opportunities_api,GAP,"",admin/Opportunities/get_convert_data
Opportunities,opportunities,milestone,ACTION,opportunities_api,GAP,"",admin/Opportunities/milestone
Opportunities,opportunities,delete_milestone,DELETE,opportunities_api,YES,"",admin/Opportunities/delete_milestone
Opportunities,opportunities,milestones_kanban,ACTION,opportunities_api,GAP,"",admin/Opportunities/milestones_kanban
Opportunities,opportunities,milestones_kanban_load_more,ACTION,opportunities_api,GAP,"",admin/Opportunities/milestones_kanban_load_more
Opportunities,opportunities,milestones,ACTION,opportunities_api,GAP,"",admin/Opportunities/milestones
Opportunities,opportunities,update_task_milestone,ACTION,opportunities_api,GAP,"",admin/Opportunities/update_task_milestone
Opportunities,opportunities,boq,ACTION,opportunities_api,GAP,"",admin/Opportunities/boq
Opportunities,opportunities,boq,ACTION,opportunities_api,GAP,"",admin/Opportunities/boq
Opportunities,opportunities,add_update_boq,ACTION,opportunities_api,GAP,"",admin/Opportunities/add_update_boq
Opportunities,opportunities,delete_boq,DELETE,opportunities_api,YES,"",admin/Opportunities/delete_boq
Opportunities,opportunities,dashboard_table,TAB,opportunities_api,GAP,"",admin/Opportunities/dashboard_table
Opportunities,opportunities,tasks_stages,ACTION,opportunities_api,GAP,"",admin/Opportunities/tasks_stages
Opportunities,opportunities,dismiss,ACTION,opportunities_api,GAP,"",admin/Opportunities/dismiss
Opportunities,opportunities,pin_action,ACTION,opportunities_api,GAP,"",admin/Opportunities/pin_action
Opportunities,opportunities,convert_to_project,ACTION,opportunities_api,GAP,"",admin/Opportunities/convert_to_project
Opportunities,opportunities,fetchbyopportunityid,ACTION,opportunities_api,GAP,"",admin/Opportunities/fetchbyopportunityid
Opportunities,opportunities,remove_team_member,ACTION,opportunities_api,GAP,"",admin/Opportunities/remove_team_member
Opportunities,opportunities,remove_team_member,ACTION,opportunities_api,GAP,"",admin/Opportunities/remove_team_member
Opportunities,opportunities,partial_delegate_team_member,ACTION,opportunities_api,GAP,"",admin/Opportunities/partial_delegate_team_member
Opportunities,opportunities,update_estimation_item,ACTION,opportunities_api,GAP,"",admin/Opportunities/update_estimation_item
Opportunities,opportunities,archive,ACTION,opportunities_api,GAP,"",admin/Opportunities/archive
Opportunities,opportunities,count_tasks,ACTION,opportunities_api,GAP,"",admin/Opportunities/count_tasks
Opportunities,opportunities,fetch_files,ACTION,opportunities_api,GAP,"",admin/Opportunities/fetch_files
Opportunities,opportunities,fetch_posts,ACTION,opportunities_api,GAP,"",admin/Opportunities/fetch_posts
Opportunities,opportunities,table_entities,TAB,opportunities_api,GAP,"",admin/Opportunities/table_entities
Opportunities,opportunities,edit_entity_name,ACTION,opportunities_api,GAP,"",admin/Opportunities/edit_entity_name
Opportunities,opportunities,delete_entity,DELETE,opportunities_api,YES,"",admin/Opportunities/delete_entity
Opportunities,opportunities,update_milestone,ACTION,opportunities_api,GAP,"",admin/Opportunities/update_milestone
Opportunities,opportunities,update_milestone_price,ACTION,opportunities_api,GAP,"",admin/Opportunities/update_milestone_price
Opportunities,opportunities,convert_to_proposal,ACTION,opportunities_api,GAP,"",admin/Opportunities/convert_to_proposal
Opportunities,opportunities,role_assignment,ACTION,opportunities_api,GAP,"",admin/Opportunities/role_assignment
Opportunities,opportunities,reset_role,ACTION,opportunities_api,GAP,"",admin/Opportunities/reset_role
Opportunities,opportunities,view_logs,ACTION,opportunities_api,GAP,"",admin/Opportunities/view_logs
Opportunities,opportunities,opportunities_activity_log,ACTION,opportunities_api,GAP,"",admin/Opportunities/opportunities_activity_log
Opportunities,opportunities,clear_activity_log,ACTION,opportunities_api,GAP,"",admin/Opportunities/clear_activity_log
Opportunities,opportunities,suppliers_table,TAB,opportunities_api,GAP,"",admin/Opportunities/suppliers_table
Opportunities,opportunities,createChannel,ACTION,opportunities_api,GAP,"",admin/Opportunities/createChannel
Opportunities,opportunities,get_folder_items_ajax,VALIDATE,opportunities_api,GAP,"",admin/Opportunities/get_folder_items_ajax
Opportunities,opportunities,download_from_graph,ACTION,opportunities_api,GAP,"",admin/Opportunities/download_from_graph
Opportunities,opportunities,fetchMetadataFromGraphAPI,ACTION,opportunities_api,GAP,"",admin/Opportunities/fetchMetadataFromGraphAPI
Opportunities,opportunities,refresh_team_files_table,TAB,opportunities_api,GAP,"",admin/Opportunities/refresh_team_files_table
Opportunities,opportunities,render_items,ACTION,opportunities_api,GAP,"",admin/Opportunities/render_items
Opportunities,opportunities,render_items,ACTION,opportunities_api,GAP,"",admin/Opportunities/render_items
Opportunities,opportunities,check_analysis_status,ACTION,opportunities_api,GAP,"",admin/Opportunities/check_analysis_status
Opportunities,opportunities,sync_opportunity_countries,ACTION,opportunities_api,GAP,"",admin/Opportunities/sync_opportunity_countries
Opportunities,opportunities,sync_active_opportunities_with_tender_documents,ACTION,opportunities_api,GAP,"",admin/Opportunities/sync_active_opportunities_with_tender_documents
Opportunities,opportunities,update_fetch_field,ACTION,opportunities_api,GAP,"",admin/Opportunities/update_fetch_field
Opportunities,opportunities,update_fetch_teams_files,ACTION,opportunities_api,GAP,"",admin/Opportunities/update_fetch_teams_files
Opportunities,opportunities,get_fetch_teams_files,VALIDATE,opportunities_api,GAP,"",admin/Opportunities/get_fetch_teams_files
Opportunities,opportunities,pin,ACTION,opportunities_api,GAP,"",admin/Opportunities/pin
Opportunities,opportunities,unpin,ACTION,opportunities_api,GAP,"",admin/Opportunities/unpin
Api,api,receive,ACTION,NONE,GAP,"",admin/Api/receive
Api,api,monitor_reveal,ACTION,NONE,GAP,"",admin/Api/monitor_reveal
Api,api,heartbeat,ACTION,NONE,GAP,"",admin/Api/heartbeat
Api,api,report_senders,ACTION,NONE,GAP,"",admin/Api/report_senders
Api,api,login,ACTION,NONE,GAP,"",admin/Api/login
Api,api,register_fcm,ACTION,NONE,GAP,"",admin/Api/register_fcm
Api,api,inbox,ACTION,NONE,GAP,"",admin/Api/inbox
Api,api,wake_monitor,ACTION,NONE,GAP,"",admin/Api/wake_monitor
Api,api,reveal,ACTION,NONE,GAP,"",admin/Api/reveal
Api,api,expect_otp,ACTION,NONE,GAP,"",admin/Api/expect_otp
Api,api,prefs,ACTION,NONE,GAP,"",admin/Api/prefs
Api,api,logout,ACTION,NONE,GAP,"",admin/Api/logout
Otpmanager,otpmanager,index,LIST,otpmanager,YES,"",admin/Otpmanager/index
Otpmanager,otpmanager,statistics,ACTION,otpmanager,GAP,"",admin/Otpmanager/statistics
Otpmanager,otpmanager,settings,ACTION,otpmanager,GAP,"",admin/Otpmanager/settings
Otpmanager,otpmanager,save_source,ACTION,otpmanager,GAP,"",admin/Otpmanager/save_source
Otpmanager,otpmanager,save_source_permissions,ACTION,otpmanager,GAP,"",admin/Otpmanager/save_source_permissions
Otpmanager,otpmanager,delete_source,DELETE,otpmanager,YES,"",admin/Otpmanager/delete_source
Otpmanager,otpmanager,otp_sources_table,TAB,otpmanager,GAP,"",admin/Otpmanager/otp_sources_table
Otpmanager,otpmanager,otps_table,TAB,otpmanager,GAP,"",admin/Otpmanager/otps_table
Otpmanager,otpmanager,import_discovered,ACTION,otpmanager,GAP,"",admin/Otpmanager/import_discovered
Otpmanager,otpmanager,ignore_discovered,ACTION,otpmanager,GAP,"",admin/Otpmanager/ignore_discovered
Otpmanager,otpmanager,request_otp,ACTION,otpmanager,GAP,"",admin/Otpmanager/request_otp
Otpmanager,otpmanager,reveal_otp,ACTION,otpmanager,GAP,"",admin/Otpmanager/reveal_otp
Otpmanager,otpmanager,soft_delete_otp,ACTION,otpmanager,GAP,"",admin/Otpmanager/soft_delete_otp
Otpmanager,otpmanager,hard_delete_otp,ACTION,otpmanager,GAP,"",admin/Otpmanager/hard_delete_otp
Otpmanager,otpmanager,save_staff_prefs,ACTION,otpmanager,GAP,"",admin/Otpmanager/save_staff_prefs
Otpmanager,otpmanager,api_receive,ACTION,otpmanager,GAP,"",admin/Otpmanager/api_receive
Otpmanager,otpmanager,api_heartbeat,ACTION,otpmanager,GAP,"",admin/Otpmanager/api_heartbeat
Otpmanager,otpmanager,device_detail,ACTION,otpmanager,GAP,"",admin/Otpmanager/device_detail
Otpmanager,otpmanager,api_report_senders,ACTION,otpmanager,GAP,"",admin/Otpmanager/api_report_senders
Otpmanager,otpmanager,share_link_create,ACTION,otpmanager,GAP,"",admin/Otpmanager/share_link_create
Otpmanager,otpmanager,share,ACTION,otpmanager,GAP,"",admin/Otpmanager/share
Otpmanager,otpmanager,feed_json,ACTION,otpmanager,GAP,"",admin/Otpmanager/feed_json
Otpmanager,otpmanager,api_login,ACTION,otpmanager,GAP,"",admin/Otpmanager/api_login
Otpmanager,otpmanager,api_register_fcm,ACTION,otpmanager,GAP,"",admin/Otpmanager/api_register_fcm
Otpmanager,otpmanager,api_inbox,ACTION,otpmanager,GAP,"",admin/Otpmanager/api_inbox
Otpmanager,otpmanager,api_reveal,ACTION,otpmanager,GAP,"",admin/Otpmanager/api_reveal
Otpmanager,otpmanager,api_logout,ACTION,otpmanager,GAP,"",admin/Otpmanager/api_logout
Outlook365,outlook365,index,LIST,NONE,GAP,"",admin/Outlook365/index
Outlook365,outlook365,connect,ACTION,NONE,GAP,"",admin/Outlook365/connect
Outlook365,outlook365,callback,ACTION,NONE,GAP,"",admin/Outlook365/callback
Outlook365,outlook365,signout,ACTION,NONE,GAP,"",admin/Outlook365/signout
Outlook365_api,outlook365_api,messages,ACTION,NONE,GAP,"",admin/Outlook365_api/messages
Outlook365_api,outlook365_api,message,ACTION,NONE,GAP,"",admin/Outlook365_api/message
Outlook365_api,outlook365_api,folders,ACTION,NONE,GAP,"",admin/Outlook365_api/folders
Outlook365_api,outlook365_api,search,ACTION,NONE,GAP,"",admin/Outlook365_api/search
Outlook365_api,outlook365_api,send,ACTION,NONE,GAP,"",admin/Outlook365_api/send
Outlook365_api,outlook365_api,attachments,UPLOAD,NONE,GAP,"",admin/Outlook365_api/attachments
Outlook365_api,outlook365_api,attachment,UPLOAD,NONE,GAP,"",admin/Outlook365_api/attachment
Outlook365_api,outlook365_api,webhook,ACTION,NONE,GAP,"",admin/Outlook365_api/webhook
Bridge,bridge,ping,ACTION,NONE,GAP,"",admin/Bridge/ping
Bridge,bridge,refdata,ACTION,NONE,GAP,"",admin/Bridge/refdata
Bridge,bridge,search,ACTION,NONE,GAP,"",admin/Bridge/search
Bridge,bridge,lookup,ACTION,NONE,GAP,"",admin/Bridge/lookup
Bridge,bridge,customers,ACTION,NONE,GAP,"",admin/Bridge/customers
Bridge,bridge,contacts,TAB,NONE,GAP,"",admin/Bridge/contacts
Bridge,bridge,company_insights,ACTION,NONE,GAP,"",admin/Bridge/company_insights
Bridge,bridge,customer_secondary_domain,ACTION,NONE,GAP,"",admin/Bridge/customer_secondary_domain
Bridge,bridge,customer_secondary_domains,ACTION,NONE,GAP,"",admin/Bridge/customer_secondary_domains
Bridge,bridge,customer_secondary_domain_delete,ACTION,NONE,GAP,"",admin/Bridge/customer_secondary_domain_delete
Bridge,bridge,contact_mobile,ACTION,NONE,GAP,"",admin/Bridge/contact_mobile
Bridge,bridge,contact_mobiles,ACTION,NONE,GAP,"",admin/Bridge/contact_mobiles
Bridge,bridge,contact_mobile_delete,ACTION,NONE,GAP,"",admin/Bridge/contact_mobile_delete
Bridge,bridge,contact_enrich,ACTION,NONE,GAP,"",admin/Bridge/contact_enrich
Bridge,bridge,tasks,ACTION,NONE,GAP,"",admin/Bridge/tasks
Bridge,bridge,opportunities,ACTION,NONE,GAP,"",admin/Bridge/opportunities
Bridge,bridge,leads,ACTION,NONE,GAP,"",admin/Bridge/leads
Bridge,bridge,tickets,ACTION,NONE,GAP,"",admin/Bridge/tickets
Bridge,bridge,email_status,ACTION,NONE,GAP,"",admin/Bridge/email_status
Bridge,bridge,parse_signature_image,ACTION,NONE,GAP,"",admin/Bridge/parse_signature_image
Bridge,bridge,link,ACTION,NONE,GAP,"",admin/Bridge/link
Emailreadcronjob,emailreadcronjob,index,LIST,NONE,GAP,"",admin/Emailreadcronjob/index
Emailreadcronjob,emailreadcronjob,readtaskemails,ACTION,NONE,GAP,"",admin/Emailreadcronjob/readtaskemails
Emailreadcronjob,emailreadcronjob,reademails_withcronjob,ACTION,NONE,GAP,"",admin/Emailreadcronjob/reademails_withcronjob
Outlookapi,outlookapi,index,LIST,NONE,GAP,"",admin/Outlookapi/index
Outlookapi,outlookapi,keys,ACTION,NONE,GAP,"",admin/Outlookapi/keys
Outlookapi,outlookapi,issue_key,ACTION,NONE,GAP,"",admin/Outlookapi/issue_key
Outlookapi,outlookapi,revoke_key,ACTION,NONE,GAP,"",admin/Outlookapi/revoke_key
Outlookapi,outlookapi,customer_domains,ACTION,NONE,GAP,"",admin/Outlookapi/customer_domains
Outlookapi,outlookapi,customer_domain_add,ACTION,NONE,GAP,"",admin/Outlookapi/customer_domain_add
Outlookapi,outlookapi,customer_domain_delete,ACTION,NONE,GAP,"",admin/Outlookapi/customer_domain_delete
Outlookapi,outlookapi,contact_mobiles,ACTION,NONE,GAP,"",admin/Outlookapi/contact_mobiles
Outlookapi,outlookapi,contact_mobile_add,ACTION,NONE,GAP,"",admin/Outlookapi/contact_mobile_add
Outlookapi,outlookapi,contact_mobile_delete,ACTION,NONE,GAP,"",admin/Outlookapi/contact_mobile_delete
Outlookapi,outlookapi,test_company_insights,ACTION,NONE,GAP,"",admin/Outlookapi/test_company_insights
Outlookapi,outlookapi,clear_insights_cache,ACTION,NONE,GAP,"",admin/Outlookapi/clear_insights_cache
Outlookapi,outlookapi,customer_contact_mobiles,ACTION,NONE,GAP,"",admin/Outlookapi/customer_contact_mobiles
Outlookapi,outlookapi,fetchedtaskcreationemails,ACTION,NONE,GAP,"",admin/Outlookapi/fetchedtaskcreationemails
Outlookapi,outlookapi,tablefetchedemails,TAB,NONE,GAP,"",admin/Outlookapi/tablefetchedemails
Outlookapi,outlookapi,readtaskemails,ACTION,NONE,GAP,"",admin/Outlookapi/readtaskemails
Outlookclientapi,outlookclientapi,index,LIST,NONE,GAP,"",admin/Outlookclientapi/index
Outlookclientapi,outlookclientapi,gettaskuidata,ACTION,NONE,GAP,"",admin/Outlookclientapi/gettaskuidata
Prizmbudget,prizmbudget,index,LIST,NONE,GAP,"",admin/Prizmbudget/index
Prizmbudget,prizmbudget,dashboard,ACTION,NONE,GAP,"",admin/Prizmbudget/dashboard
Prizmbudget,prizmbudget,get_prizm_deployment_stats,VALIDATE,NONE,GAP,"",admin/Prizmbudget/get_prizm_deployment_stats
Prizmbudget,prizmbudget,manage_expense_category,ACTION,NONE,GAP,"",admin/Prizmbudget/manage_expense_category
Prizmbudget,prizmbudget,expensecategories_table,TAB,NONE,GAP,"",admin/Prizmbudget/expensecategories_table
Prizmbudget,prizmbudget,expensecategories_aggrid,ACTION,NONE,GAP,"",admin/Prizmbudget/expensecategories_aggrid
Prizmbudget,prizmbudget,expensecategory,ACTION,NONE,GAP,"",admin/Prizmbudget/expensecategory
Prizmbudget,prizmbudget,manage_items,ACTION,NONE,GAP,"",admin/Prizmbudget/manage_items
Prizmbudget,prizmbudget,manage_resource_requests,ACTION,NONE,GAP,"",admin/Prizmbudget/manage_resource_requests
Prizmbudget,prizmbudget,resourcerequest_aggrid,ACTION,NONE,GAP,"",admin/Prizmbudget/resourcerequest_aggrid
Prizmbudget,prizmbudget,additionalbudget_aggrid,ACTION,NONE,GAP,"",admin/Prizmbudget/additionalbudget_aggrid
Prizmbudget,prizmbudget,resourcerequest_table,TAB,NONE,GAP,"",admin/Prizmbudget/resourcerequest_table
Prizmbudget,prizmbudget,resource_requests_items_table,TAB,NONE,GAP,"",admin/Prizmbudget/resource_requests_items_table
Prizmbudget,prizmbudget,resource_request,ACTION,NONE,GAP,"",admin/Prizmbudget/resource_request
Prizmbudget,prizmbudget,view_resource_request,ACTION,NONE,GAP,"",admin/Prizmbudget/view_resource_request
Prizmbudget,prizmbudget,submit_resreq_for_approval,ACTION,NONE,GAP,"",admin/Prizmbudget/submit_resreq_for_approval
Prizmbudget,prizmbudget,approve_resreqitem,ACTION,NONE,GAP,"",admin/Prizmbudget/approve_resreqitem
Prizmbudget,prizmbudget,reject_resreqindvidualapproval,ACTION,NONE,GAP,"",admin/Prizmbudget/reject_resreqindvidualapproval
Prizmbudget,prizmbudget,resubmit_resreqindvidualapproval,ACTION,NONE,GAP,"",admin/Prizmbudget/resubmit_resreqindvidualapproval
Prizmbudget,prizmbudget,partial_resreqindvidualapproval,ACTION,NONE,GAP,"",admin/Prizmbudget/partial_resreqindvidualapproval
Prizmbudget,prizmbudget,collectiveapprove_resreqitem,ACTION,NONE,GAP,"",admin/Prizmbudget/collectiveapprove_resreqitem
Prizmbudget,prizmbudget,reject_collectiveapprovalresreqitem,ACTION,NONE,GAP,"",admin/Prizmbudget/reject_collectiveapprovalresreqitem
Prizmbudget,prizmbudget,resubmit_collectiveapprovalresreqitem,ACTION,NONE,GAP,"",admin/Prizmbudget/resubmit_collectiveapprovalresreqitem
Prizmbudget,prizmbudget,generateResReqCode,ACTION,NONE,GAP,"",admin/Prizmbudget/generateResReqCode
Prizmbudget,prizmbudget,getBudgetItems,ACTION,NONE,GAP,"",admin/Prizmbudget/getBudgetItems
Prizmbudget,prizmbudget,getExistingBudgetItems,ACTION,NONE,GAP,"",admin/Prizmbudget/getExistingBudgetItems
Prizmbudget,prizmbudget,getRelativeBudgets,ACTION,NONE,GAP,"",admin/Prizmbudget/getRelativeBudgets
Prizmbudget,prizmbudget,getbudgetitemsquantitydetail,ACTION,NONE,GAP,"",admin/Prizmbudget/getbudgetitemsquantitydetail
Prizmbudget,prizmbudget,manage_settings,ACTION,NONE,GAP,"",admin/Prizmbudget/manage_settings
Prizmbudget,prizmbudget,units_aggrid,ACTION,NONE,GAP,"",admin/Prizmbudget/units_aggrid
Prizmbudget,prizmbudget,itemspecification_aggrid,ACTION,NONE,GAP,"",admin/Prizmbudget/itemspecification_aggrid
Prizmbudget,prizmbudget,jobpositions_aggrid,ACTION,NONE,GAP,"",admin/Prizmbudget/jobpositions_aggrid
Prizmbudget,prizmbudget,units_table,TAB,NONE,GAP,"",admin/Prizmbudget/units_table
Prizmbudget,prizmbudget,unit,ACTION,NONE,GAP,"",admin/Prizmbudget/unit
Prizmbudget,prizmbudget,approvalstages_aggrid,ACTION,NONE,GAP,"",admin/Prizmbudget/approvalstages_aggrid
Prizmbudget,prizmbudget,approvalstages_table,TAB,NONE,GAP,"",admin/Prizmbudget/approvalstages_table
Prizmbudget,prizmbudget,job_positions_table,TAB,NONE,GAP,"",admin/Prizmbudget/job_positions_table
Prizmbudget,prizmbudget,approval_stage,ACTION,NONE,GAP,"",admin/Prizmbudget/approval_stage
Prizmbudget,prizmbudget,approvalstatus_aggrid,ACTION,NONE,GAP,"",admin/Prizmbudget/approvalstatus_aggrid
Prizmbudget,prizmbudget,approvalstatus_table,TAB,NONE,GAP,"",admin/Prizmbudget/approvalstatus_table
Prizmbudget,prizmbudget,approval_status,ACTION,NONE,GAP,"",admin/Prizmbudget/approval_status
Prizmbudget,prizmbudget,itemspec_table,TAB,NONE,GAP,"",admin/Prizmbudget/itemspec_table
Prizmbudget,prizmbudget,item_specification,ACTION,NONE,GAP,"",admin/Prizmbudget/item_specification
Prizmbudget,prizmbudget,get_stage_belongsto,VALIDATE,NONE,GAP,"",admin/Prizmbudget/get_stage_belongsto
Prizmbudget,prizmbudget,items_table,TAB,NONE,GAP,"",admin/Prizmbudget/items_table
Prizmbudget,prizmbudget,item,ACTION,NONE,GAP,"",admin/Prizmbudget/item
Prizmbudget,prizmbudget,rapid_add_item,ACTION,NONE,GAP,"",admin/Prizmbudget/rapid_add_item
Prizmbudget,prizmbudget,view_item,ACTION,NONE,GAP,"",admin/Prizmbudget/view_item
Prizmbudget,prizmbudget,items_list,ACTION,NONE,GAP,"",admin/Prizmbudget/items_list
Prizmbudget,prizmbudget,submit_items,ACTION,NONE,GAP,"",admin/Prizmbudget/submit_items
Prizmbudget,prizmbudget,approve_item,ACTION,NONE,GAP,"",admin/Prizmbudget/approve_item
Prizmbudget,prizmbudget,collectiveapprove_item,ACTION,NONE,GAP,"",admin/Prizmbudget/collectiveapprove_item
Prizmbudget,prizmbudget,reject_approval,ACTION,NONE,GAP,"",admin/Prizmbudget/reject_approval
Prizmbudget,prizmbudget,reject_collectiveapproval,ACTION,NONE,GAP,"",admin/Prizmbudget/reject_collectiveapproval
Prizmbudget,prizmbudget,set_current_status,ACTION,NONE,GAP,"",admin/Prizmbudget/set_current_status
Prizmbudget,prizmbudget,resubmit_approval,ACTION,NONE,GAP,"",admin/Prizmbudget/resubmit_approval
Prizmbudget,prizmbudget,resubmit_collectiveapproval,ACTION,NONE,GAP,"",admin/Prizmbudget/resubmit_collectiveapproval
Prizmbudget,prizmbudget,rejection_logs,ACTION,NONE,GAP,"",admin/Prizmbudget/rejection_logs
Prizmbudget,prizmbudget,revision_logs,ACTION,NONE,GAP,"",admin/Prizmbudget/revision_logs
Prizmbudget,prizmbudget,revoke_logs,ACTION,NONE,GAP,"",admin/Prizmbudget/revoke_logs
Prizmbudget,prizmbudget,item_logs,ACTION,NONE,GAP,"",admin/Prizmbudget/item_logs
Prizmbudget,prizmbudget,add_specification,ACTION,NONE,GAP,"",admin/Prizmbudget/add_specification
Prizmbudget,prizmbudget,upload_file,UPLOAD,NONE,GAP,"",admin/Prizmbudget/upload_file
Prizmbudget,prizmbudget,file,ACTION,NONE,GAP,"",admin/Prizmbudget/file
Prizmbudget,prizmbudget,get_staff_names_for_mentions,VALIDATE,NONE,GAP,"",admin/Prizmbudget/get_staff_names_for_mentions
Prizmbudget,prizmbudget,get_discussion_comments,VALIDATE,NONE,GAP,"",admin/Prizmbudget/get_discussion_comments
Prizmbudget,prizmbudget,add_discussion_comment,ACTION,NONE,GAP,"",admin/Prizmbudget/add_discussion_comment
Prizmbudget,prizmbudget,update_discussion_comment,ACTION,NONE,GAP,"",admin/Prizmbudget/update_discussion_comment
Prizmbudget,prizmbudget,delete_discussion_comment,DELETE,NONE,GAP,"",admin/Prizmbudget/delete_discussion_comment
Prizmbudget,prizmbudget,discussions,ACTION,NONE,GAP,"",admin/Prizmbudget/discussions
Prizmbudget,prizmbudget,discussion,ACTION,NONE,GAP,"",admin/Prizmbudget/discussion
Prizmbudget,prizmbudget,download_all_files,ACTION,NONE,GAP,"",admin/Prizmbudget/download_all_files
Prizmbudget,prizmbudget,manage_budget,ACTION,NONE,GAP,"",admin/Prizmbudget/manage_budget
Prizmbudget,prizmbudget,budget_table,TAB,NONE,GAP,"",admin/Prizmbudget/budget_table
Prizmbudget,prizmbudget,budget_aggrid,ACTION,NONE,GAP,"",admin/Prizmbudget/budget_aggrid
Prizmbudget,prizmbudget,pettycash_table,TAB,NONE,GAP,"",admin/Prizmbudget/pettycash_table
Prizmbudget,prizmbudget,advancecash_table,TAB,NONE,GAP,"",admin/Prizmbudget/advancecash_table
Prizmbudget,prizmbudget,additional_budget_table,TAB,NONE,GAP,"",admin/Prizmbudget/additional_budget_table
Prizmbudget,prizmbudget,projecttab_budget_table,TAB,NONE,GAP,"",admin/Prizmbudget/projecttab_budget_table
Prizmbudget,prizmbudget,budget,ACTION,NONE,GAP,"",admin/Prizmbudget/budget
Prizmbudget,prizmbudget,budget_from_estimation,ACTION,NONE,GAP,"",admin/Prizmbudget/budget_from_estimation
Prizmbudget,prizmbudget,ajax_check_project_estimation,ACTION,NONE,GAP,"",admin/Prizmbudget/ajax_check_project_estimation
Prizmbudget,prizmbudget,ajax_budgetitems,ACTION,NONE,GAP,"",admin/Prizmbudget/ajax_budgetitems
Prizmbudget,prizmbudget,getItemForAjax,ACTION,NONE,GAP,"",admin/Prizmbudget/getItemForAjax
Prizmbudget,prizmbudget,viewbudget,ACTION,NONE,GAP,"",admin/Prizmbudget/viewbudget
Prizmbudget,prizmbudget,view_budget,ACTION,NONE,GAP,"",admin/Prizmbudget/view_budget
Prizmbudget,prizmbudget,revise_budgetitem,ACTION,NONE,GAP,"",admin/Prizmbudget/revise_budgetitem
Prizmbudget,prizmbudget,addReviseBudgetItem_History,ACTION,NONE,GAP,"",admin/Prizmbudget/addReviseBudgetItem_History
Prizmbudget,prizmbudget,submit_budget_for_approval,ACTION,NONE,GAP,"",admin/Prizmbudget/submit_budget_for_approval
Prizmbudget,prizmbudget,approve_budgetitem,ACTION,NONE,GAP,"",admin/Prizmbudget/approve_budgetitem
Prizmbudget,prizmbudget,reject_budgetindvidualapproval,ACTION,NONE,GAP,"",admin/Prizmbudget/reject_budgetindvidualapproval
Prizmbudget,prizmbudget,resubmit_budgetindvidualapproval,ACTION,NONE,GAP,"",admin/Prizmbudget/resubmit_budgetindvidualapproval
Prizmbudget,prizmbudget,partial_budgetindvidualapproval,ACTION,NONE,GAP,"",admin/Prizmbudget/partial_budgetindvidualapproval
Prizmbudget,prizmbudget,collectiveapprove_budgetitem,ACTION,NONE,GAP,"",admin/Prizmbudget/collectiveapprove_budgetitem
Prizmbudget,prizmbudget,reject_collectiveapprovalbudgetitem,ACTION,NONE,GAP,"",admin/Prizmbudget/reject_collectiveapprovalbudgetitem
Prizmbudget,prizmbudget,resubmit_collectiveapprovalbudgetitem,ACTION,NONE,GAP,"",admin/Prizmbudget/resubmit_collectiveapprovalbudgetitem
Prizmbudget,prizmbudget,getTotalRequestedBudget,ACTION,NONE,GAP,"",admin/Prizmbudget/getTotalRequestedBudget
Prizmbudget,prizmbudget,getTotalRevokedBudgetUsed,ACTION,NONE,GAP,"",admin/Prizmbudget/getTotalRevokedBudgetUsed
Prizmbudget,prizmbudget,getTotalApprovedBudget,ACTION,NONE,GAP,"",admin/Prizmbudget/getTotalApprovedBudget
Prizmbudget,prizmbudget,getTotalApprovedRevokedBudgetUsed,ACTION,NONE,GAP,"",admin/Prizmbudget/getTotalApprovedRevokedBudgetUsed
Prizmbudget,prizmbudget,getTotalRevokedBudget,ACTION,NONE,GAP,"",admin/Prizmbudget/getTotalRevokedBudget
Prizmbudget,prizmbudget,getWithDrawnBudget,ACTION,NONE,GAP,"",admin/Prizmbudget/getWithDrawnBudget
Prizmbudget,prizmbudget,countItems,ACTION,NONE,GAP,"",admin/Prizmbudget/countItems
Prizmbudget,prizmbudget,getTotalRequestedResreqBudget,ACTION,NONE,GAP,"",admin/Prizmbudget/getTotalRequestedResreqBudget
Prizmbudget,prizmbudget,getTotalApprovedResreqBudget,ACTION,NONE,GAP,"",admin/Prizmbudget/getTotalApprovedResreqBudget
Prizmbudget,prizmbudget,notifyNextApprover,ACTION,NONE,GAP,"",admin/Prizmbudget/notifyNextApprover
Prizmbudget,prizmbudget,revoke_budgetitem,ACTION,NONE,GAP,"",admin/Prizmbudget/revoke_budgetitem
Prizmbudget,prizmbudget,is_unique_value,ACTION,NONE,GAP,"",admin/Prizmbudget/is_unique_value
Prizmbudget,prizmbudget,ajax_check_record_existence,ACTION,NONE,GAP,"",admin/Prizmbudget/ajax_check_record_existence
Prizmbudget,prizmbudget,soft_delete,ACTION,NONE,GAP,"",admin/Prizmbudget/soft_delete
Prizmbudget,prizmbudget,soft_delete_rr_detail,ACTION,NONE,GAP,"",admin/Prizmbudget/soft_delete_rr_detail
Prizmbudget,prizmbudget,soft_delete_addbudget,ACTION,NONE,GAP,"",admin/Prizmbudget/soft_delete_addbudget
Prizmbudget,prizmbudget,ajaxsoft_delete,ACTION,NONE,GAP,"",admin/Prizmbudget/ajaxsoft_delete
Prizmbudget,prizmbudget,refresh_item_version,ACTION,NONE,GAP,"",admin/Prizmbudget/refresh_item_version
Prizmbudget,prizmbudget,refresh_resource_item_version,ACTION,NONE,GAP,"",admin/Prizmbudget/refresh_resource_item_version
Prizmbudget,prizmbudget,revoke_unused_item_qty,ACTION,NONE,GAP,"",admin/Prizmbudget/revoke_unused_item_qty
Prizmbudget,prizmbudget,ajaxsoft_rrdelete,ACTION,NONE,GAP,"",admin/Prizmbudget/ajaxsoft_rrdelete
Prizmbudget,prizmbudget,getBudgetRecordCount,ACTION,NONE,GAP,"",admin/Prizmbudget/getBudgetRecordCount
Prizmbudget,prizmbudget,getRRRecordCount,ACTION,NONE,GAP,"",admin/Prizmbudget/getRRRecordCount
Prizmbudget,prizmbudget,getBudgetRecordCountprojecttab,TAB,NONE,GAP,"",admin/Prizmbudget/getBudgetRecordCountprojecttab
Prizmbudget,prizmbudget,manage_deployment_plan,ACTION,NONE,GAP,"",admin/Prizmbudget/manage_deployment_plan
Prizmbudget,prizmbudget,deployments_on_calendar,ACTION,NONE,GAP,"",admin/Prizmbudget/deployments_on_calendar
Prizmbudget,prizmbudget,deployment,ACTION,NONE,GAP,"",admin/Prizmbudget/deployment
Prizmbudget,prizmbudget,deployment,ACTION,NONE,GAP,"",admin/Prizmbudget/deployment
Prizmbudget,prizmbudget,check_staff_leave,ACTION,NONE,GAP,"",admin/Prizmbudget/check_staff_leave
Prizmbudget,prizmbudget,project_of_external_staff,ACTION,NONE,GAP,"",admin/Prizmbudget/project_of_external_staff
Prizmbudget,prizmbudget,get_supplier_company,VALIDATE,NONE,GAP,"",admin/Prizmbudget/get_supplier_company
Prizmbudget,prizmbudget,view_deployment,ACTION,NONE,GAP,"",admin/Prizmbudget/view_deployment
Prizmbudget,prizmbudget,update_deployment_note,ACTION,NONE,GAP,"",admin/Prizmbudget/update_deployment_note
Prizmbudget,prizmbudget,delete_deployment,DELETE,NONE,GAP,"",admin/Prizmbudget/delete_deployment
Prizmbudget,prizmbudget,push_deployment_to_qb,ACTION,NONE,GAP,"",admin/Prizmbudget/push_deployment_to_qb
Prizmbudget,prizmbudget,manage_deployment_reports,ACTION,NONE,GAP,"",admin/Prizmbudget/manage_deployment_reports
Prizmbudget,prizmbudget,generate_deployment_report,ACTION,NONE,GAP,"",admin/Prizmbudget/generate_deployment_report
Prizmbudget,prizmbudget,deployed_items_report,ACTION,NONE,GAP,"",admin/Prizmbudget/deployed_items_report
Prizmbudget,prizmbudget,project_wise_deployment_report,ACTION,NONE,GAP,"",admin/Prizmbudget/project_wise_deployment_report
Prizmbudget,prizmbudget,generate_project_wise_deployment_report,ACTION,NONE,GAP,"",admin/Prizmbudget/generate_project_wise_deployment_report
Prizmbudget,prizmbudget,generate_deployed_items_report,ACTION,NONE,GAP,"",admin/Prizmbudget/generate_deployed_items_report
Prizmbudget,prizmbudget,get_deployments_by_resource,VALIDATE,NONE,GAP,"",admin/Prizmbudget/get_deployments_by_resource
Prizmbudget,prizmbudget,deploymenttable_table,TAB,NONE,GAP,"",admin/Prizmbudget/deploymenttable_table
Prizmbudget,prizmbudget,deployment_aggrid,ACTION,NONE,GAP,"",admin/Prizmbudget/deployment_aggrid
Prizmbudget,prizmbudget,getBudgetItemsForDeployment,ACTION,NONE,GAP,"",admin/Prizmbudget/getBudgetItemsForDeployment
Prizmbudget,prizmbudget,getBudgetItemsForDeploymentpostreq,ACTION,NONE,GAP,"",admin/Prizmbudget/getBudgetItemsForDeploymentpostreq
Prizmbudget,prizmbudget,getBudgetItemsForDeploymentpostreq,ACTION,NONE,GAP,"",admin/Prizmbudget/getBudgetItemsForDeploymentpostreq
Prizmbudget,prizmbudget,handle_po_item_deployment,ACTION,NONE,GAP,"",admin/Prizmbudget/handle_po_item_deployment
Prizmbudget,prizmbudget,filter_po_by_expense_categories,ACTION,NONE,GAP,"",admin/Prizmbudget/filter_po_by_expense_categories
Prizmbudget,prizmbudget,find_item_by_name_or_nearest_rate,ACTION,NONE,GAP,"",admin/Prizmbudget/find_item_by_name_or_nearest_rate
Prizmbudget,prizmbudget,check_deployment_date,ACTION,NONE,GAP,"",admin/Prizmbudget/check_deployment_date
Prizmbudget,prizmbudget,getBudgetItemsForDeploymentWithSelector,ACTION,NONE,GAP,"",admin/Prizmbudget/getBudgetItemsForDeploymentWithSelector
Prizmbudget,prizmbudget,getExpensecategoriesByResReq,ACTION,NONE,GAP,"",admin/Prizmbudget/getExpensecategoriesByResReq
Prizmbudget,prizmbudget,job_position,ACTION,NONE,GAP,"",admin/Prizmbudget/job_position
Prizmbudget,prizmbudget,manpower,ACTION,NONE,GAP,"",admin/Prizmbudget/manpower
Prizmbudget,prizmbudget,check_staff_page,ACTION,NONE,GAP,"",admin/Prizmbudget/check_staff_page
Prizmbudget,prizmbudget,manage_advance_cash,ACTION,NONE,GAP,"",admin/Prizmbudget/manage_advance_cash
Prizmbudget,prizmbudget,advance_cash_reports,ACTION,NONE,GAP,"",admin/Prizmbudget/advance_cash_reports
Prizmbudget,prizmbudget,load_advance_cash_report,ACTION,NONE,GAP,"",admin/Prizmbudget/load_advance_cash_report
Prizmbudget,prizmbudget,get_custody_data_aggrid,VALIDATE,NONE,GAP,"",admin/Prizmbudget/get_custody_data_aggrid
Prizmbudget,prizmbudget,get_custody_summary,VALIDATE,NONE,GAP,"",admin/Prizmbudget/get_custody_summary
Prizmbudget,prizmbudget,get_custody_data,VALIDATE,NONE,GAP,"",admin/Prizmbudget/get_custody_data
Prizmbudget,prizmbudget,get_custody_details,VALIDATE,NONE,GAP,"",admin/Prizmbudget/get_custody_details
Prizmbudget,prizmbudget,advancecash_aggrid,ACTION,NONE,GAP,"",admin/Prizmbudget/advancecash_aggrid
Prizmbudget,prizmbudget,request_advance_cash,ACTION,NONE,GAP,"",admin/Prizmbudget/request_advance_cash
Prizmbudget,prizmbudget,submit_advance_cash_for_approval,ACTION,NONE,GAP,"",admin/Prizmbudget/submit_advance_cash_for_approval
Prizmbudget,prizmbudget,collectiveapprove_advancecashreq,ACTION,NONE,GAP,"",admin/Prizmbudget/collectiveapprove_advancecashreq
Prizmbudget,prizmbudget,reject_collectiveadvcashreq,ACTION,NONE,GAP,"",admin/Prizmbudget/reject_collectiveadvcashreq
Prizmbudget,prizmbudget,resubmit_collectiveadvcashreq,ACTION,NONE,GAP,"",admin/Prizmbudget/resubmit_collectiveadvcashreq
Prizmbudget,prizmbudget,track_advance_cash,ACTION,NONE,GAP,"",admin/Prizmbudget/track_advance_cash
Prizmbudget,prizmbudget,manage_petty_cash,ACTION,NONE,GAP,"",admin/Prizmbudget/manage_petty_cash
Prizmbudget,prizmbudget,track_petty_cash,ACTION,NONE,GAP,"",admin/Prizmbudget/track_petty_cash
Prizmbudget,prizmbudget,pettycash_grand_total_sum,ACTION,NONE,GAP,"",admin/Prizmbudget/pettycash_grand_total_sum
Prizmbudget,prizmbudget,advancecash_grand_total_sum,ACTION,NONE,GAP,"",admin/Prizmbudget/advancecash_grand_total_sum
Prizmbudget,prizmbudget,request_advancecash_grand_total_sum,ACTION,NONE,GAP,"",admin/Prizmbudget/request_advancecash_grand_total_sum
Prizmbudget,prizmbudget,project_petty_cash_for_advance,ACTION,NONE,GAP,"",admin/Prizmbudget/project_petty_cash_for_advance
Prizmbudget,prizmbudget,project_petty_cash_for_advance_req,ACTION,NONE,GAP,"",admin/Prizmbudget/project_petty_cash_for_advance_req
Prizmbudget,prizmbudget,project_petty_cash,ACTION,NONE,GAP,"",admin/Prizmbudget/project_petty_cash
Prizmbudget,prizmbudget,budget_petty_cash,ACTION,NONE,GAP,"",admin/Prizmbudget/budget_petty_cash
Prizmbudget,prizmbudget,budget_request_advance_cash,ACTION,NONE,GAP,"",admin/Prizmbudget/budget_request_advance_cash
Prizmbudget,prizmbudget,deleteDeploymentPlan,ACTION,NONE,GAP,"",admin/Prizmbudget/deleteDeploymentPlan
Prizmbudget,prizmbudget,delete_selected_DeploymentPlan,DELETE,NONE,GAP,"",admin/Prizmbudget/delete_selected_DeploymentPlan
Prizmbudget,prizmbudget,ajax_delete_selected_deployment_plan,ACTION,NONE,GAP,"",admin/Prizmbudget/ajax_delete_selected_deployment_plan
Prizmbudget,prizmbudget,delete_selected_deployment_po_item_detail,DELETE,NONE,GAP,"",admin/Prizmbudget/delete_selected_deployment_po_item_detail
Prizmbudget,prizmbudget,update_qty_deployment_po_item_detail,ACTION,NONE,GAP,"",admin/Prizmbudget/update_qty_deployment_po_item_detail
Prizmbudget,prizmbudget,deployment_stage1,ACTION,NONE,GAP,"",admin/Prizmbudget/deployment_stage1
Prizmbudget,prizmbudget,save_dep_stage_1,ACTION,NONE,GAP,"",admin/Prizmbudget/save_dep_stage_1
Prizmbudget,prizmbudget,deployment_stage2,ACTION,NONE,GAP,"",admin/Prizmbudget/deployment_stage2
Prizmbudget,prizmbudget,save_dep_stage_2,ACTION,NONE,GAP,"",admin/Prizmbudget/save_dep_stage_2
Prizmbudget,prizmbudget,deployment_stage3,ACTION,NONE,GAP,"",admin/Prizmbudget/deployment_stage3
Prizmbudget,prizmbudget,save_deployment,ACTION,NONE,GAP,"",admin/Prizmbudget/save_deployment
Prizmbudget,prizmbudget,is_staff_already_deployed,ACTION,NONE,GAP,"",admin/Prizmbudget/is_staff_already_deployed
Prizmbudget,prizmbudget,discard_deployment,ACTION,NONE,GAP,"",admin/Prizmbudget/discard_deployment
Prizmbudget,prizmbudget,request_staff_relocation,ACTION,NONE,GAP,"",admin/Prizmbudget/request_staff_relocation
Prizmbudget,prizmbudget,manage_relocation_requests,ACTION,NONE,GAP,"",admin/Prizmbudget/manage_relocation_requests
Prizmbudget,prizmbudget,approve_relocation_request,ACTION,NONE,GAP,"",admin/Prizmbudget/approve_relocation_request
Prizmbudget,prizmbudget,reject_relocation_request,ACTION,NONE,GAP,"",admin/Prizmbudget/reject_relocation_request
Prizmbudget,prizmbudget,get_or_create_deployment_id,VALIDATE,NONE,GAP,"",admin/Prizmbudget/get_or_create_deployment_id
Prizmbudget,prizmbudget,dr_deployment_stage1,ACTION,NONE,GAP,"",admin/Prizmbudget/dr_deployment_stage1
Prizmbudget,prizmbudget,dr_save_dep_stage_1,ACTION,NONE,GAP,"",admin/Prizmbudget/dr_save_dep_stage_1
Prizmbudget,prizmbudget,dr_deployment_stage2,ACTION,NONE,GAP,"",admin/Prizmbudget/dr_deployment_stage2
Prizmbudget,prizmbudget,dr_save_dep_stage_2,ACTION,NONE,GAP,"",admin/Prizmbudget/dr_save_dep_stage_2
Prizmbudget,prizmbudget,deployment_stage3,ACTION,NONE,GAP,"",admin/Prizmbudget/deployment_stage3
Prizmbudget,prizmbudget,dr_deployment_stage3,ACTION,NONE,GAP,"",admin/Prizmbudget/dr_deployment_stage3
Prizmbudget,prizmbudget,dr_save_deployment,ACTION,NONE,GAP,"",admin/Prizmbudget/dr_save_deployment
Prizmbudget,prizmbudget,dr_discard_deployment,ACTION,NONE,GAP,"",admin/Prizmbudget/dr_discard_deployment
Prizmbudget,prizmbudget,mark_advance_cash_paid,ACTION,NONE,GAP,"",admin/Prizmbudget/mark_advance_cash_paid
Prizmbudget,prizmbudget,mark_advance_cash_unpaid,ACTION,NONE,GAP,"",admin/Prizmbudget/mark_advance_cash_unpaid
Prizmbudget,prizmbudget,get_advance_cash_counts,VALIDATE,NONE,GAP,"",admin/Prizmbudget/get_advance_cash_counts
t,t,index,LIST,NONE,GAP,"",admin/t/index
t,t,dashboard,ACTION,NONE,GAP,"",admin/t/dashboard
t,t,get_prizm_deployment_stats,VALIDATE,NONE,GAP,"",admin/t/get_prizm_deployment_stats
t,t,manage_expense_category,ACTION,NONE,GAP,"",admin/t/manage_expense_category
t,t,expensecategories_table,TAB,NONE,GAP,"",admin/t/expensecategories_table
t,t,expensecategory,ACTION,NONE,GAP,"",admin/t/expensecategory
t,t,manage_items,ACTION,NONE,GAP,"",admin/t/manage_items
t,t,manage_resource_requests,ACTION,NONE,GAP,"",admin/t/manage_resource_requests
t,t,resourcerequest_table,TAB,NONE,GAP,"",admin/t/resourcerequest_table
t,t,resource_request,ACTION,NONE,GAP,"",admin/t/resource_request
t,t,view_resource_request,ACTION,NONE,GAP,"",admin/t/view_resource_request
t,t,submit_resreq_for_approval,ACTION,NONE,GAP,"",admin/t/submit_resreq_for_approval
t,t,approve_resreqitem,ACTION,NONE,GAP,"",admin/t/approve_resreqitem
t,t,reject_resreqindvidualapproval,ACTION,NONE,GAP,"",admin/t/reject_resreqindvidualapproval
t,t,resubmit_resreqindvidualapproval,ACTION,NONE,GAP,"",admin/t/resubmit_resreqindvidualapproval
t,t,partial_resreqindvidualapproval,ACTION,NONE,GAP,"",admin/t/partial_resreqindvidualapproval
t,t,collectiveapprove_resreqitem,ACTION,NONE,GAP,"",admin/t/collectiveapprove_resreqitem
t,t,reject_collectiveapprovalresreqitem,ACTION,NONE,GAP,"",admin/t/reject_collectiveapprovalresreqitem
t,t,resubmit_collectiveapprovalresreqitem,ACTION,NONE,GAP,"",admin/t/resubmit_collectiveapprovalresreqitem
t,t,generateResReqCode,ACTION,NONE,GAP,"",admin/t/generateResReqCode
t,t,getBudgetItems,ACTION,NONE,GAP,"",admin/t/getBudgetItems
t,t,getExistingBudgetItems,ACTION,NONE,GAP,"",admin/t/getExistingBudgetItems
t,t,getRelativeBudgets,ACTION,NONE,GAP,"",admin/t/getRelativeBudgets
t,t,getbudgetitemsquantitydetail,ACTION,NONE,GAP,"",admin/t/getbudgetitemsquantitydetail
t,t,manage_settings,ACTION,NONE,GAP,"",admin/t/manage_settings
t,t,units_table,TAB,NONE,GAP,"",admin/t/units_table
t,t,unit,ACTION,NONE,GAP,"",admin/t/unit
t,t,approvalstages_table,TAB,NONE,GAP,"",admin/t/approvalstages_table
t,t,job_positions_table,TAB,NONE,GAP,"",admin/t/job_positions_table
t,t,approval_stage,ACTION,NONE,GAP,"",admin/t/approval_stage
t,t,approvalstatus_table,TAB,NONE,GAP,"",admin/t/approvalstatus_table
t,t,approval_status,ACTION,NONE,GAP,"",admin/t/approval_status
t,t,itemspec_table,TAB,NONE,GAP,"",admin/t/itemspec_table
t,t,item_specification,ACTION,NONE,GAP,"",admin/t/item_specification
t,t,get_stage_belongsto,VALIDATE,NONE,GAP,"",admin/t/get_stage_belongsto
t,t,items_table,TAB,NONE,GAP,"",admin/t/items_table
t,t,item,ACTION,NONE,GAP,"",admin/t/item
t,t,rapid_add_item,ACTION,NONE,GAP,"",admin/t/rapid_add_item
t,t,view_item,ACTION,NONE,GAP,"",admin/t/view_item
t,t,items_list,ACTION,NONE,GAP,"",admin/t/items_list
t,t,submit_items,ACTION,NONE,GAP,"",admin/t/submit_items
t,t,approve_item,ACTION,NONE,GAP,"",admin/t/approve_item
t,t,collectiveapprove_item,ACTION,NONE,GAP,"",admin/t/collectiveapprove_item
t,t,reject_approval,ACTION,NONE,GAP,"",admin/t/reject_approval
t,t,reject_collectiveapproval,ACTION,NONE,GAP,"",admin/t/reject_collectiveapproval
t,t,set_current_status,ACTION,NONE,GAP,"",admin/t/set_current_status
t,t,resubmit_approval,ACTION,NONE,GAP,"",admin/t/resubmit_approval
t,t,resubmit_collectiveapproval,ACTION,NONE,GAP,"",admin/t/resubmit_collectiveapproval
t,t,rejection_logs,ACTION,NONE,GAP,"",admin/t/rejection_logs
t,t,revision_logs,ACTION,NONE,GAP,"",admin/t/revision_logs
t,t,revoke_logs,ACTION,NONE,GAP,"",admin/t/revoke_logs
t,t,item_logs,ACTION,NONE,GAP,"",admin/t/item_logs
t,t,add_specification,ACTION,NONE,GAP,"",admin/t/add_specification
t,t,upload_file,UPLOAD,NONE,GAP,"",admin/t/upload_file
t,t,file,ACTION,NONE,GAP,"",admin/t/file
t,t,get_staff_names_for_mentions,VALIDATE,NONE,GAP,"",admin/t/get_staff_names_for_mentions
t,t,get_discussion_comments,VALIDATE,NONE,GAP,"",admin/t/get_discussion_comments
t,t,add_discussion_comment,ACTION,NONE,GAP,"",admin/t/add_discussion_comment
t,t,update_discussion_comment,ACTION,NONE,GAP,"",admin/t/update_discussion_comment
t,t,delete_discussion_comment,DELETE,NONE,GAP,"",admin/t/delete_discussion_comment
t,t,discussions,ACTION,NONE,GAP,"",admin/t/discussions
t,t,discussion,ACTION,NONE,GAP,"",admin/t/discussion
t,t,download_all_files,ACTION,NONE,GAP,"",admin/t/download_all_files
t,t,manage_budget,ACTION,NONE,GAP,"",admin/t/manage_budget
t,t,budget_table,TAB,NONE,GAP,"",admin/t/budget_table
t,t,pettycash_table,TAB,NONE,GAP,"",admin/t/pettycash_table
t,t,advancecash_table,TAB,NONE,GAP,"",admin/t/advancecash_table
t,t,additional_budget_table,TAB,NONE,GAP,"",admin/t/additional_budget_table
t,t,projecttab_budget_table,TAB,NONE,GAP,"",admin/t/projecttab_budget_table
t,t,budget,ACTION,NONE,GAP,"",admin/t/budget
t,t,ajax_budgetitems,ACTION,NONE,GAP,"",admin/t/ajax_budgetitems
t,t,getItemForAjax,ACTION,NONE,GAP,"",admin/t/getItemForAjax
t,t,viewbudget,ACTION,NONE,GAP,"",admin/t/viewbudget
t,t,view_budget,ACTION,NONE,GAP,"",admin/t/view_budget
t,t,revise_budgetitem,ACTION,NONE,GAP,"",admin/t/revise_budgetitem
t,t,addReviseBudgetItem_History,ACTION,NONE,GAP,"",admin/t/addReviseBudgetItem_History
t,t,submit_budget_for_approval,ACTION,NONE,GAP,"",admin/t/submit_budget_for_approval
t,t,approve_budgetitem,ACTION,NONE,GAP,"",admin/t/approve_budgetitem
t,t,reject_budgetindvidualapproval,ACTION,NONE,GAP,"",admin/t/reject_budgetindvidualapproval
t,t,resubmit_budgetindvidualapproval,ACTION,NONE,GAP,"",admin/t/resubmit_budgetindvidualapproval
t,t,partial_budgetindvidualapproval,ACTION,NONE,GAP,"",admin/t/partial_budgetindvidualapproval
t,t,collectiveapprove_budgetitem,ACTION,NONE,GAP,"",admin/t/collectiveapprove_budgetitem
t,t,reject_collectiveapprovalbudgetitem,ACTION,NONE,GAP,"",admin/t/reject_collectiveapprovalbudgetitem
t,t,resubmit_collectiveapprovalbudgetitem,ACTION,NONE,GAP,"",admin/t/resubmit_collectiveapprovalbudgetitem
t,t,getTotalRequestedBudget,ACTION,NONE,GAP,"",admin/t/getTotalRequestedBudget
t,t,getTotalRevokedBudgetUsed,ACTION,NONE,GAP,"",admin/t/getTotalRevokedBudgetUsed
t,t,getTotalApprovedBudget,ACTION,NONE,GAP,"",admin/t/getTotalApprovedBudget
t,t,getTotalApprovedRevokedBudgetUsed,ACTION,NONE,GAP,"",admin/t/getTotalApprovedRevokedBudgetUsed
t,t,getTotalRevokedBudget,ACTION,NONE,GAP,"",admin/t/getTotalRevokedBudget
t,t,getWithDrawnBudget,ACTION,NONE,GAP,"",admin/t/getWithDrawnBudget
t,t,countItems,ACTION,NONE,GAP,"",admin/t/countItems
t,t,getTotalRequestedResreqBudget,ACTION,NONE,GAP,"",admin/t/getTotalRequestedResreqBudget
t,t,getTotalApprovedResreqBudget,ACTION,NONE,GAP,"",admin/t/getTotalApprovedResreqBudget
t,t,notifyNextApprover,ACTION,NONE,GAP,"",admin/t/notifyNextApprover
t,t,revoke_budgetitem,ACTION,NONE,GAP,"",admin/t/revoke_budgetitem
t,t,is_unique_value,ACTION,NONE,GAP,"",admin/t/is_unique_value
t,t,ajax_check_record_existence,ACTION,NONE,GAP,"",admin/t/ajax_check_record_existence
t,t,soft_delete,ACTION,NONE,GAP,"",admin/t/soft_delete
t,t,soft_delete_rr_detail,ACTION,NONE,GAP,"",admin/t/soft_delete_rr_detail
t,t,soft_delete_addbudget,ACTION,NONE,GAP,"",admin/t/soft_delete_addbudget
t,t,ajaxsoft_delete,ACTION,NONE,GAP,"",admin/t/ajaxsoft_delete
t,t,revoke_unused_item_qty,ACTION,NONE,GAP,"",admin/t/revoke_unused_item_qty
t,t,ajaxsoft_rrdelete,ACTION,NONE,GAP,"",admin/t/ajaxsoft_rrdelete
t,t,getBudgetRecordCount,ACTION,NONE,GAP,"",admin/t/getBudgetRecordCount
t,t,getRRRecordCount,ACTION,NONE,GAP,"",admin/t/getRRRecordCount
t,t,getBudgetRecordCountprojecttab,TAB,NONE,GAP,"",admin/t/getBudgetRecordCountprojecttab
t,t,manage_deployment_plan,ACTION,NONE,GAP,"",admin/t/manage_deployment_plan
t,t,deployments_on_calendar,ACTION,NONE,GAP,"",admin/t/deployments_on_calendar
t,t,deployment,ACTION,NONE,GAP,"",admin/t/deployment
t,t,deployment,ACTION,NONE,GAP,"",admin/t/deployment
t,t,check_staff_leave,ACTION,NONE,GAP,"",admin/t/check_staff_leave
t,t,project_of_external_staff,ACTION,NONE,GAP,"",admin/t/project_of_external_staff
t,t,get_supplier_company,VALIDATE,NONE,GAP,"",admin/t/get_supplier_company
t,t,view_deployment,ACTION,NONE,GAP,"",admin/t/view_deployment
t,t,delete_deployment,DELETE,NONE,GAP,"",admin/t/delete_deployment
t,t,push_deployment_to_qb,ACTION,NONE,GAP,"",admin/t/push_deployment_to_qb
t,t,manage_deployment_reports,ACTION,NONE,GAP,"",admin/t/manage_deployment_reports
t,t,generate_deployment_report,ACTION,NONE,GAP,"",admin/t/generate_deployment_report
t,t,deployed_items_report,ACTION,NONE,GAP,"",admin/t/deployed_items_report
t,t,generate_deployed_items_report,ACTION,NONE,GAP,"",admin/t/generate_deployed_items_report
t,t,get_deployments_by_resource,VALIDATE,NONE,GAP,"",admin/t/get_deployments_by_resource
t,t,deploymenttable_table,TAB,NONE,GAP,"",admin/t/deploymenttable_table
t,t,getBudgetItemsForDeployment,ACTION,NONE,GAP,"",admin/t/getBudgetItemsForDeployment
t,t,getBudgetItemsForDeploymentpostreq,ACTION,NONE,GAP,"",admin/t/getBudgetItemsForDeploymentpostreq
t,t,getBudgetItemsForDeploymentpostreq,ACTION,NONE,GAP,"",admin/t/getBudgetItemsForDeploymentpostreq
t,t,handle_po_item_deployment,ACTION,NONE,GAP,"",admin/t/handle_po_item_deployment
t,t,filter_po_by_expense_categories,ACTION,NONE,GAP,"",admin/t/filter_po_by_expense_categories
t,t,find_item_by_name_or_nearest_rate,ACTION,NONE,GAP,"",admin/t/find_item_by_name_or_nearest_rate
t,t,check_deployment_date,ACTION,NONE,GAP,"",admin/t/check_deployment_date
t,t,getBudgetItemsForDeploymentWithSelector,ACTION,NONE,GAP,"",admin/t/getBudgetItemsForDeploymentWithSelector
t,t,getExpensecategoriesByResReq,ACTION,NONE,GAP,"",admin/t/getExpensecategoriesByResReq
t,t,job_position,ACTION,NONE,GAP,"",admin/t/job_position
t,t,manpower,ACTION,NONE,GAP,"",admin/t/manpower
t,t,check_staff_page,ACTION,NONE,GAP,"",admin/t/check_staff_page
t,t,manage_advance_cash,ACTION,NONE,GAP,"",admin/t/manage_advance_cash
t,t,request_advance_cash,ACTION,NONE,GAP,"",admin/t/request_advance_cash
t,t,submit_advance_cash_for_approval,ACTION,NONE,GAP,"",admin/t/submit_advance_cash_for_approval
t,t,collectiveapprove_advancecashreq,ACTION,NONE,GAP,"",admin/t/collectiveapprove_advancecashreq
t,t,reject_collectiveadvcashreq,ACTION,NONE,GAP,"",admin/t/reject_collectiveadvcashreq
t,t,resubmit_collectiveadvcashreq,ACTION,NONE,GAP,"",admin/t/resubmit_collectiveadvcashreq
t,t,track_advance_cash,ACTION,NONE,GAP,"",admin/t/track_advance_cash
t,t,manage_petty_cash,ACTION,NONE,GAP,"",admin/t/manage_petty_cash
t,t,track_petty_cash,ACTION,NONE,GAP,"",admin/t/track_petty_cash
t,t,pettycash_grand_total_sum,ACTION,NONE,GAP,"",admin/t/pettycash_grand_total_sum
t,t,advancecash_grand_total_sum,ACTION,NONE,GAP,"",admin/t/advancecash_grand_total_sum
t,t,request_advancecash_grand_total_sum,ACTION,NONE,GAP,"",admin/t/request_advancecash_grand_total_sum
t,t,project_petty_cash_for_advance,ACTION,NONE,GAP,"",admin/t/project_petty_cash_for_advance
t,t,project_petty_cash_for_advance_req,ACTION,NONE,GAP,"",admin/t/project_petty_cash_for_advance_req
t,t,project_petty_cash,ACTION,NONE,GAP,"",admin/t/project_petty_cash
t,t,budget_petty_cash,ACTION,NONE,GAP,"",admin/t/budget_petty_cash
t,t,budget_request_advance_cash,ACTION,NONE,GAP,"",admin/t/budget_request_advance_cash
t,t,deleteDeploymentPlan,ACTION,NONE,GAP,"",admin/t/deleteDeploymentPlan
t,t,delete_selected_DeploymentPlan,DELETE,NONE,GAP,"",admin/t/delete_selected_DeploymentPlan
t,t,ajax_delete_selected_deployment_plan,ACTION,NONE,GAP,"",admin/t/ajax_delete_selected_deployment_plan
t,t,delete_selected_deployment_po_item_detail,DELETE,NONE,GAP,"",admin/t/delete_selected_deployment_po_item_detail
t,t,update_qty_deployment_po_item_detail,ACTION,NONE,GAP,"",admin/t/update_qty_deployment_po_item_detail
t,t,deployment_stage1,ACTION,NONE,GAP,"",admin/t/deployment_stage1
t,t,save_dep_stage_1,ACTION,NONE,GAP,"",admin/t/save_dep_stage_1
t,t,deployment_stage2,ACTION,NONE,GAP,"",admin/t/deployment_stage2
t,t,save_dep_stage_2,ACTION,NONE,GAP,"",admin/t/save_dep_stage_2
t,t,deployment_stage3,ACTION,NONE,GAP,"",admin/t/deployment_stage3
t,t,save_deployment,ACTION,NONE,GAP,"",admin/t/save_deployment
t,t,is_staff_already_deployed,ACTION,NONE,GAP,"",admin/t/is_staff_already_deployed
t,t,discard_deployment,ACTION,NONE,GAP,"",admin/t/discard_deployment
t,t,get_or_create_deployment_id,VALIDATE,NONE,GAP,"",admin/t/get_or_create_deployment_id
t,t,dr_deployment_stage1,ACTION,NONE,GAP,"",admin/t/dr_deployment_stage1
t,t,dr_save_dep_stage_1,ACTION,NONE,GAP,"",admin/t/dr_save_dep_stage_1
t,t,dr_deployment_stage2,ACTION,NONE,GAP,"",admin/t/dr_deployment_stage2
t,t,dr_save_dep_stage_2,ACTION,NONE,GAP,"",admin/t/dr_save_dep_stage_2
t,t,deployment_stage3,ACTION,NONE,GAP,"",admin/t/deployment_stage3
t,t,dr_deployment_stage3,ACTION,NONE,GAP,"",admin/t/dr_deployment_stage3
t,t,dr_save_deployment,ACTION,NONE,GAP,"",admin/t/dr_save_deployment
t,t,dr_discard_deployment,ACTION,NONE,GAP,"",admin/t/dr_discard_deployment
Ai_partner_worker,ai_partner_worker,run_cron,ACTION,NONE,GAP,"",admin/Ai_partner_worker/run_cron
Ai_partner_worker,ai_partner_worker,fetch_company_emails,ACTION,NONE,GAP,"",admin/Ai_partner_worker/fetch_company_emails
Ai_partner_worker,ai_partner_worker,process_email_queue,ACTION,NONE,GAP,"",admin/Ai_partner_worker/process_email_queue
Ai_partner_worker,ai_partner_worker,enrich_partners,ACTION,NONE,GAP,"",admin/Ai_partner_worker/enrich_partners
Ai_partner_worker,ai_partner_worker,logs,ACTION,NONE,GAP,"",admin/Ai_partner_worker/logs
Ai_partner_worker,ai_partner_worker,logs_table,TAB,NONE,GAP,"",admin/Ai_partner_worker/logs_table
Ai_partner_worker,ai_partner_worker,tracking,ACTION,NONE,GAP,"",admin/Ai_partner_worker/tracking
Ai_partner_worker,ai_partner_worker,tracking_table,TAB,NONE,GAP,"",admin/Ai_partner_worker/tracking_table
Ai_partner_worker,ai_partner_worker,update_tracker_status,ACTION,NONE,GAP,"",admin/Ai_partner_worker/update_tracker_status
Ai_partner_worker,ai_partner_worker,sync_partners_from_db,ACTION,NONE,GAP,"",admin/Ai_partner_worker/sync_partners_from_db
Ai_partner_worker,ai_partner_worker,reset_sync_status,ACTION,NONE,GAP,"",admin/Ai_partner_worker/reset_sync_status
Ai_partner_worker,ai_partner_worker,manual_enrichment,ACTION,NONE,GAP,"",admin/Ai_partner_worker/manual_enrichment
Ai_partner_worker,ai_partner_worker,settings,ACTION,NONE,GAP,"",admin/Ai_partner_worker/settings
Ai_partner_worker,ai_partner_worker,test_email_analysis_parser,ACTION,NONE,GAP,"",admin/Ai_partner_worker/test_email_analysis_parser
Ai_partner_worker,ai_partner_worker,save_email_analysis_prompt,ACTION,NONE,GAP,"",admin/Ai_partner_worker/save_email_analysis_prompt
Ai_partner_worker,ai_partner_worker,test_enrichment_parser,ACTION,NONE,GAP,"",admin/Ai_partner_worker/test_enrichment_parser
Ai_partner_worker,ai_partner_worker,save_enrichment_prompt,ACTION,NONE,GAP,"",admin/Ai_partner_worker/save_enrichment_prompt
Diagnostics,diagnostics,check_schema,ACTION,NONE,GAP,"",admin/Diagnostics/check_schema
Filters,filters,create,CREATE,NONE,GAP,"",admin/Filters/create
Filters,filters,update,EDIT,NONE,GAP,"",admin/Filters/update
Filters,filters,delete,DELETE,NONE,GAP,"",admin/Filters/delete
Filters,filters,get,ACTION,NONE,GAP,"",admin/Filters/get
Filters,filters,mark_as_default,ACTION,NONE,GAP,"",admin/Filters/mark_as_default
Filters,filters,unmark_as_default,ACTION,NONE,GAP,"",admin/Filters/unmark_as_default
Filters,filters,validate_dynamic_date,ACTION,NONE,GAP,"",admin/Filters/validate_dynamic_date
Filters,filters,get_columns,VALIDATE,NONE,GAP,"",admin/Filters/get_columns
Filters,filters,column_values,ACTION,NONE,GAP,"",admin/Filters/column_values
Filters,filters,reload_filters,ACTION,NONE,GAP,"",admin/Filters/reload_filters
Prizmbusinesspartners,prizmbusinesspartners,index,LIST,NONE,GAP,"",admin/Prizmbusinesspartners/index
Prizmbusinesspartners,prizmbusinesspartners,bin,ACTION,NONE,GAP,"",admin/Prizmbusinesspartners/bin
Prizmbusinesspartners,prizmbusinesspartners,table_binbusinesspartners,TAB,NONE,GAP,"",admin/Prizmbusinesspartners/table_binbusinesspartners
Prizmbusinesspartners,prizmbusinesspartners,table_businesspartners,TAB,NONE,GAP,"",admin/Prizmbusinesspartners/table_businesspartners
Prizmbusinesspartners,prizmbusinesspartners,view_logs,ACTION,NONE,GAP,"",admin/Prizmbusinesspartners/view_logs
Prizmbusinesspartners,prizmbusinesspartners,clear_table,TAB,NONE,GAP,"",admin/Prizmbusinesspartners/clear_table
Prizmbusinesspartners,prizmbusinesspartners,update,EDIT,NONE,GAP,"",admin/Prizmbusinesspartners/update
Prizmbusinesspartners,prizmbusinesspartners,add_edit,ACTION,NONE,GAP,"",admin/Prizmbusinesspartners/add_edit
Prizmbusinesspartners,prizmbusinesspartners,updatecustomer,ACTION,NONE,GAP,"",admin/Prizmbusinesspartners/updatecustomer
Prizmbusinesspartners,prizmbusinesspartners,updateSupplier,ACTION,NONE,GAP,"",admin/Prizmbusinesspartners/updateSupplier
Prizmbusinesspartners,prizmbusinesspartners,przbusinesspartner,ACTION,NONE,GAP,"",admin/Prizmbusinesspartners/przbusinesspartner
Prizmbusinesspartners,prizmbusinesspartners,deletecompany,ACTION,NONE,GAP,"",admin/Prizmbusinesspartners/deletecompany
Prizmbusinesspartners,prizmbusinesspartners,restorecompany,ACTION,NONE,GAP,"",admin/Prizmbusinesspartners/restorecompany
Prizmbusinesspartners,prizmbusinesspartners,update_metadata,ACTION,NONE,GAP,"",admin/Prizmbusinesspartners/update_metadata
Prizmbusinesspartners,prizmbusinesspartners,group,ACTION,NONE,GAP,"",admin/Prizmbusinesspartners/group
Prizmbusinesspartners,prizmbusinesspartners,group_binrecord,ACTION,NONE,GAP,"",admin/Prizmbusinesspartners/group_binrecord
Prizmbusinesspartners,prizmbusinesspartners,table_bingroup_name,TAB,NONE,GAP,"",admin/Prizmbusinesspartners/table_bingroup_name
Prizmbusinesspartners,prizmbusinesspartners,table_group_name,TAB,NONE,GAP,"",admin/Prizmbusinesspartners/table_group_name
Prizmbusinesspartners,prizmbusinesspartners,add_update,ACTION,NONE,GAP,"",admin/Prizmbusinesspartners/add_update
Prizmbusinesspartners,prizmbusinesspartners,showcompany,ACTION,NONE,GAP,"",admin/Prizmbusinesspartners/showcompany
Prizmbusinesspartners,prizmbusinesspartners,deletecat,ACTION,NONE,GAP,"",admin/Prizmbusinesspartners/deletecat
Prizmbusinesspartners,prizmbusinesspartners,restore,ACTION,NONE,GAP,"",admin/Prizmbusinesspartners/restore
Api,api,notify_expiring_subscriptions,ACTION,NONE,GAP,"",admin/Api/notify_expiring_subscriptions
Category,category,index,LIST,NONE,GAP,"",admin/Category/index
Category,category,get_table_data,VALIDATE,NONE,GAP,"",admin/Category/get_table_data
Category,category,ag_delete,ACTION,NONE,GAP,"",admin/Category/ag_delete
Category,category,table,LIST,NONE,GAP,"",admin/Category/table
Category,category,get_parent_categories,VALIDATE,NONE,GAP,"",admin/Category/get_parent_categories
Category,category,add_category,ACTION,NONE,GAP,"",admin/Category/add_category
Category,category,edit_category,ACTION,NONE,GAP,"",admin/Category/edit_category
Category,category,update_category,ACTION,NONE,GAP,"",admin/Category/update_category
Category,category,delete_category,DELETE,NONE,GAP,"",admin/Category/delete_category
Folder,folder,index,LIST,NONE,GAP,"",admin/Folder/index
Folder,folder,table,LIST,NONE,GAP,"",admin/Folder/table
Folder,folder,get_parent_categories,VALIDATE,NONE,GAP,"",admin/Folder/get_parent_categories
Folder,folder,index,LIST,NONE,GAP,"",admin/Folder/index
Folder,folder,get_table_data,VALIDATE,NONE,GAP,"",admin/Folder/get_table_data
Folder,folder,ag_delete,ACTION,NONE,GAP,"",admin/Folder/ag_delete
Folder,folder,add_folder,ACTION,NONE,GAP,"",admin/Folder/add_folder
Folder,folder,edit_folder,ACTION,NONE,GAP,"",admin/Folder/edit_folder
Folder,folder,update_folder,ACTION,NONE,GAP,"",admin/Folder/update_folder
Folder,folder,delete_folder,DELETE,NONE,GAP,"",admin/Folder/delete_folder
Group,group,index,LIST,NONE,GAP,"",admin/Group/index
Group,group,table,LIST,NONE,GAP,"",admin/Group/table
Prizmsubscription,prizmsubscription,index,LIST,NONE,GAP,"",admin/Prizmsubscription/index
Prizmsubscription,prizmsubscription,get_table_data,VALIDATE,NONE,GAP,"",admin/Prizmsubscription/get_table_data
Prizmsubscription,prizmsubscription,table,LIST,NONE,GAP,"",admin/Prizmsubscription/table
Prizmsubscription,prizmsubscription,table_document,TAB,NONE,GAP,"",admin/Prizmsubscription/table_document
Prizmsubscription,prizmsubscription,get_related_data,VALIDATE,NONE,GAP,"",admin/Prizmsubscription/get_related_data
Prizmsubscription,prizmsubscription,add_subscription,ACTION,NONE,GAP,"",admin/Prizmsubscription/add_subscription
Prizmsubscription,prizmsubscription,submit_subscription,ACTION,NONE,GAP,"",admin/Prizmsubscription/submit_subscription
Prizmsubscription,prizmsubscription,edit_subscription,ACTION,NONE,GAP,"",admin/Prizmsubscription/edit_subscription
Prizmsubscription,prizmsubscription,update_subscription,ACTION,NONE,GAP,"",admin/Prizmsubscription/update_subscription
Prizmsubscription,prizmsubscription,delete_subscription,DELETE,NONE,GAP,"",admin/Prizmsubscription/delete_subscription
Prizmsubscription,prizmsubscription,upload_files,UPLOAD,NONE,GAP,"",admin/Prizmsubscription/upload_files
Prizmsubscription,prizmsubscription,add_category,ACTION,NONE,GAP,"",admin/Prizmsubscription/add_category
Prizmsubscription,prizmsubscription,tiny_file_manager,ACTION,NONE,GAP,"",admin/Prizmsubscription/tiny_file_manager
Business_Sectors,business_sectors,index,LIST,NONE,GAP,"",admin/Business_Sectors/index
Business_Sectors,business_sectors,table,LIST,NONE,GAP,"",admin/Business_Sectors/table
Business_Sectors,business_sectors,add_business_sector,ACTION,NONE,GAP,"",admin/Business_Sectors/add_business_sector
Business_Sectors,business_sectors,delete_business_sector,DELETE,NONE,GAP,"",admin/Business_Sectors/delete_business_sector
Business_Sectors,business_sectors,Add_business_sector_log,ACTION,NONE,GAP,"",admin/Business_Sectors/Add_business_sector_log
Invoice,invoice,index,LIST,NONE,GAP,"",admin/Invoice/index
Invoices,invoices,index,LIST,invoices,YES,"",admin/Invoices/index
Invoices,invoices,list_invoices,ACTION,invoices,GAP,"",admin/Invoices/list_invoices
Invoices,invoices,recurring,ACTION,invoices,GAP,"",admin/Invoices/recurring
Invoices,invoices,table,LIST,invoices,YES,"",admin/Invoices/table
Invoices,invoices,client_change_data,ACTION,invoices,GAP,"",admin/Invoices/client_change_data
Invoices,invoices,update_number_settings,ACTION,invoices,GAP,"",admin/Invoices/update_number_settings
Invoices,invoices,validate_invoice_number,ACTION,invoices,GAP,"",admin/Invoices/validate_invoice_number
Invoices,invoices,add_note,ACTION,invoices,GAP,"",admin/Invoices/add_note
Invoices,invoices,get_notes,VALIDATE,invoices,GAP,"",admin/Invoices/get_notes
Invoices,invoices,pause_overdue_reminders,ACTION,invoices,GAP,"",admin/Invoices/pause_overdue_reminders
Invoices,invoices,resume_overdue_reminders,ACTION,invoices,GAP,"",admin/Invoices/resume_overdue_reminders
Invoices,invoices,mark_as_cancelled,ACTION,invoices,GAP,"",admin/Invoices/mark_as_cancelled
Invoices,invoices,unmark_as_cancelled,ACTION,invoices,GAP,"",admin/Invoices/unmark_as_cancelled
Invoices,invoices,copy,ACTION,invoices,GAP,"",admin/Invoices/copy
Invoices,invoices,get_merge_data,VALIDATE,invoices,GAP,"",admin/Invoices/get_merge_data
Invoices,invoices,get_bill_expense_data,VALIDATE,invoices,GAP,"",admin/Invoices/get_bill_expense_data
Invoices,invoices,invoice,ACTION,invoices,GAP,"",admin/Invoices/invoice
Invoices,invoices,get_invoice_data_ajax,VALIDATE,invoices,GAP,"",admin/Invoices/get_invoice_data_ajax
Invoices,invoices,apply_credits,ACTION,invoices,GAP,"",admin/Invoices/apply_credits
Invoices,invoices,get_invoices_total,VALIDATE,invoices,GAP,"",admin/Invoices/get_invoices_total
Invoices,invoices,record_invoice_payment_ajax,ACTION,invoices,GAP,"",admin/Invoices/record_invoice_payment_ajax
Invoices,invoices,record_payment,ACTION,invoices,YES,"",admin/Invoices/record_payment
Invoices,invoices,send_to_email,ACTION,invoices,YES,"",admin/Invoices/send_to_email
Invoices,invoices,delete_payment,DELETE,invoices,YES,"",admin/Invoices/delete_payment
Invoices,invoices,delete,DELETE,invoices,YES,"",admin/Invoices/delete
Invoices,invoices,delete_attachment,DELETE,invoices,YES,"",admin/Invoices/delete_attachment
Invoices,invoices,send_overdue_notice,ACTION,invoices,YES,"",admin/Invoices/send_overdue_notice
Invoices,invoices,pdf,ACTION,invoices,GAP,"",admin/Invoices/pdf
Invoices,invoices,mark_as_sent,ACTION,invoices,GAP,"",admin/Invoices/mark_as_sent
Invoices,invoices,get_due_date,VALIDATE,invoices,GAP,"",admin/Invoices/get_due_date
Invoices,invoices,get_project_milestones,VALIDATE,invoices,GAP,"",admin/Invoices/get_project_milestones
Invoices,invoices,get_quickbooks_items,VALIDATE,invoices,GAP,"",admin/Invoices/get_quickbooks_items
Invoices,invoices,test_milestones,ACTION,invoices,GAP,"",admin/Invoices/test_milestones
Invoices,invoices,preview_qb_invoice_data,ACTION,invoices,GAP,"",admin/Invoices/preview_qb_invoice_data
Invoices,invoices,push_invoice_to_qb,ACTION,invoices,GAP,"",admin/Invoices/push_invoice_to_qb
Invoices,invoices,push_invoices_bulk,BULK,invoices,GAP,"",admin/Invoices/push_invoices_bulk
Invoices,invoices,unlink_invoice_from_qb,ACTION,invoices,GAP,"",admin/Invoices/unlink_invoice_from_qb
Completion_certificate,completion_certificate,index,LIST,NONE,GAP,"",admin/Completion_certificate/index
Completion_certificate,completion_certificate,table,LIST,NONE,GAP,"",admin/Completion_certificate/table
Completion_certificate,completion_certificate,add,CREATE,NONE,GAP,"",admin/Completion_certificate/add
Completion_certificate,completion_certificate,edit,EDIT,NONE,GAP,"",admin/Completion_certificate/edit
Completion_certificate,completion_certificate,delete,DELETE,NONE,GAP,"",admin/Completion_certificate/delete
Prizm_reports,prizm_reports,index,LIST,NONE,GAP,"",admin/Prizm_reports/index
Prizm_reports,prizm_reports,table,LIST,NONE,GAP,"",admin/Prizm_reports/table
Prizm_reports,prizm_reports,projects_cashflow,ACTION,NONE,GAP,"",admin/Prizm_reports/projects_cashflow
Prizm_reports,prizm_reports,project_work_cashflow_table,TAB,NONE,GAP,"",admin/Prizm_reports/project_work_cashflow_table
Prizm_reports,prizm_reports,add_report,ACTION,NONE,GAP,"",admin/Prizm_reports/add_report
Prizm_reports,prizm_reports,load_related_data,ACTION,NONE,GAP,"",admin/Prizm_reports/load_related_data
Prizm_reports,prizm_reports,make_pdf,ACTION,NONE,GAP,"",admin/Prizm_reports/make_pdf
Prizm_reports,prizm_reports,delete,DELETE,NONE,GAP,"",admin/Prizm_reports/delete
Prizm_reports,prizm_reports,update_report,ACTION,NONE,GAP,"",admin/Prizm_reports/update_report
Prizm_reports,prizm_reports,load_milestones,ACTION,NONE,GAP,"",admin/Prizm_reports/load_milestones
Prizm_reports,prizm_reports,load_tasks,ACTION,NONE,GAP,"",admin/Prizm_reports/load_tasks
Prizm_reports,prizm_reports,check_report_today,ACTION,NONE,GAP,"",admin/Prizm_reports/check_report_today
przbusinesspartners,przbusinesspartners,index,LIST,NONE,GAP,"",admin/przbusinesspartners/index
przbusinesspartners,przbusinesspartners,bin,ACTION,NONE,GAP,"",admin/przbusinesspartners/bin
przbusinesspartners,przbusinesspartners,table_binbusinesspartners,TAB,NONE,GAP,"",admin/przbusinesspartners/table_binbusinesspartners
przbusinesspartners,przbusinesspartners,table_businesspartners,TAB,NONE,GAP,"",admin/przbusinesspartners/table_businesspartners
przbusinesspartners,przbusinesspartners,view_logs,ACTION,NONE,GAP,"",admin/przbusinesspartners/view_logs
przbusinesspartners,przbusinesspartners,clear_table,TAB,NONE,GAP,"",admin/przbusinesspartners/clear_table
przbusinesspartners,przbusinesspartners,update,EDIT,NONE,GAP,"",admin/przbusinesspartners/update
przbusinesspartners,przbusinesspartners,add_edit,ACTION,NONE,GAP,"",admin/przbusinesspartners/add_edit
przbusinesspartners,przbusinesspartners,updatecustomer,ACTION,NONE,GAP,"",admin/przbusinesspartners/updatecustomer
przbusinesspartners,przbusinesspartners,updateSupplier,ACTION,NONE,GAP,"",admin/przbusinesspartners/updateSupplier
przbusinesspartners,przbusinesspartners,przbusinesspartner,ACTION,NONE,GAP,"",admin/przbusinesspartners/przbusinesspartner
przbusinesspartners,przbusinesspartners,deletecompany,ACTION,NONE,GAP,"",admin/przbusinesspartners/deletecompany
przbusinesspartners,przbusinesspartners,restorecompany,ACTION,NONE,GAP,"",admin/przbusinesspartners/restorecompany
Przentity,przentity,addNewItem,ACTION,NONE,GAP,"",admin/Przentity/addNewItem
Przentity,przentity,deleteitem,ACTION,NONE,GAP,"",admin/Przentity/deleteitem
Przentity,przentity,restoreItem,ACTION,NONE,GAP,"",admin/Przentity/restoreItem
Przentity,przentity,deletePermItem,ACTION,NONE,GAP,"",admin/Przentity/deletePermItem
Przentity,przentity,itemtable,TAB,NONE,GAP,"",admin/Przentity/itemtable
Przentity,przentity,getBinRecord,ACTION,NONE,GAP,"",admin/Przentity/getBinRecord
Przentity,przentity,binItemTable,TAB,NONE,GAP,"",admin/Przentity/binItemTable
microsoftgraph,microsoftgraph,index,LIST,NONE,GAP,"",admin/microsoftgraph/index
microsoftgraph,microsoftgraph,table_messages,TAB,NONE,GAP,"",admin/microsoftgraph/table_messages
microsoftgraph,microsoftgraph,upload_emails_csv,UPLOAD,NONE,GAP,"",admin/microsoftgraph/upload_emails_csv
microsoftgraph,microsoftgraph,clear_project_teams,ACTION,NONE,GAP,"",admin/microsoftgraph/clear_project_teams
Activity_Log,activity_log,ag_index,ACTION,NONE,GAP,"",admin/Activity_Log/ag_index
Activity_Log,activity_log,table,LIST,NONE,GAP,"",admin/Activity_Log/table
Grid_Tasks,grid_tasks,index,LIST,NONE,GAP,"",admin/Grid_Tasks/index
Grid_Tasks,grid_tasks,get_table_data,VALIDATE,NONE,GAP,"",admin/Grid_Tasks/get_table_data
Grid_Tasks,grid_tasks,get_table_data,VALIDATE,NONE,GAP,"",admin/Grid_Tasks/get_table_data
Permissions,permissions,index,LIST,NONE,GAP,"",admin/Permissions/index
Permissions,permissions,table,LIST,NONE,GAP,"",admin/Permissions/table
Permissions,permissions,get_table_data,VALIDATE,NONE,GAP,"",admin/Permissions/get_table_data
Przmisc,przmisc,index,LIST,NONE,GAP,"",admin/Przmisc/index
Przmisc,przmisc,table,LIST,NONE,GAP,"",admin/Przmisc/table
Przmisc,przmisc,status,ACTION,NONE,GAP,"",admin/Przmisc/status
Przmisc,przmisc,get_related_objects,VALIDATE,NONE,GAP,"",admin/Przmisc/get_related_objects
Przmisc,przmisc,task_priorities,ACTION,NONE,GAP,"",admin/Przmisc/task_priorities
Przmisc,przmisc,staff_tasks,ACTION,NONE,GAP,"",admin/Przmisc/staff_tasks
Przmisc,przmisc,get_tasks,VALIDATE,NONE,GAP,"",admin/Przmisc/get_tasks
Przmisc,przmisc,filter_tasks,ACTION,NONE,GAP,"",admin/Przmisc/filter_tasks
Przmisc,przmisc,table_priority,TAB,NONE,GAP,"",admin/Przmisc/table_priority
Przmisc,przmisc,reorder,ACTION,NONE,GAP,"",admin/Przmisc/reorder
Queue_worker,queue_worker,run,ACTION,NONE,GAP,"",admin/Queue_worker/run
Report,report,index,LIST,NONE,GAP,"",admin/Report/index
Report,report,get_tasks_data_by_year,VALIDATE,NONE,GAP,"",admin/Report/get_tasks_data_by_year
Report,report,get_available_years,VALIDATE,NONE,GAP,"",admin/Report/get_available_years
Api,api,run_ai_formatting_items_cron,ACTION,NONE,GAP,"",admin/Api/run_ai_formatting_items_cron
Api,api,run_ai_item_classification_cron,ACTION,NONE,GAP,"",admin/Api/run_ai_item_classification_cron
Api,api,get_unit,VALIDATE,NONE,GAP,"",admin/Api/get_unit
Approvals_logs,approvals_logs,index,LIST,NONE,GAP,"",admin/Approvals_logs/index
Approvals_logs,approvals_logs,pur_req_table,TAB,NONE,GAP,"",admin/Approvals_logs/pur_req_table
Approvals_logs,approvals_logs,pur_order_table,TAB,NONE,GAP,"",admin/Approvals_logs/pur_order_table
Approvals_logs,approvals_logs,pur_rv_table,TAB,NONE,GAP,"",admin/Approvals_logs/pur_rv_table
Approvals_logs,approvals_logs,pur_payment_table,TAB,NONE,GAP,"",admin/Approvals_logs/pur_payment_table
Approvals_logs,approvals_logs,pur_delivery_table,TAB,NONE,GAP,"",admin/Approvals_logs/pur_delivery_table
Approvals_logs,approvals_logs,ag_index,ACTION,NONE,GAP,"",admin/Approvals_logs/ag_index
Approvals_logs,approvals_logs,ag_pur_req_table,TAB,NONE,GAP,"",admin/Approvals_logs/ag_pur_req_table
Approvals_logs,approvals_logs,ag_pur_order_table,TAB,NONE,GAP,"",admin/Approvals_logs/ag_pur_order_table
Approvals_logs,approvals_logs,ag_pur_rv_table,TAB,NONE,GAP,"",admin/Approvals_logs/ag_pur_rv_table
Approvals_logs,approvals_logs,ag_pur_payment_table,TAB,NONE,GAP,"",admin/Approvals_logs/ag_pur_payment_table
Approvals_logs,approvals_logs,ag_pur_delivery_table,TAB,NONE,GAP,"",admin/Approvals_logs/ag_pur_delivery_table
Brands,brands,index,LIST,NONE,GAP,"",admin/Brands/index
Brands,brands,brands_table,TAB,NONE,GAP,"",admin/Brands/brands_table
Brands,brands,manage_brands,ACTION,NONE,GAP,"",admin/Brands/manage_brands
Brands,brands,delete_brand,DELETE,NONE,GAP,"",admin/Brands/delete_brand
Brands,brands,brands_item,ACTION,NONE,GAP,"",admin/Brands/brands_item
Brands,brands,items_table,TAB,NONE,GAP,"",admin/Brands/items_table
Brands,brands,manage,ACTION,NONE,GAP,"",admin/Brands/manage
Brands,brands,get_brand_block_html,VALIDATE,NONE,GAP,"",admin/Brands/get_brand_block_html
Brands,brands,get_items,VALIDATE,NONE,GAP,"",admin/Brands/get_items
Brands,brands,get_suppliers,VALIDATE,NONE,GAP,"",admin/Brands/get_suppliers
Brands,brands,get_brand_form,VALIDATE,NONE,GAP,"",admin/Brands/get_brand_form
Brands,brands,check_brand_exist,ACTION,NONE,GAP,"",admin/Brands/check_brand_exist
Brands,brands,get_OEM_supplier,VALIDATE,NONE,GAP,"",admin/Brands/get_OEM_supplier
Brands,brands,manage_classification,ACTION,NONE,GAP,"",admin/Brands/manage_classification
Brands,brands,get_families,VALIDATE,NONE,GAP,"",admin/Brands/get_families
Brands,brands,get_classes,VALIDATE,NONE,GAP,"",admin/Brands/get_classes
Brands,brands,get_commodities,VALIDATE,NONE,GAP,"",admin/Brands/get_commodities
Brands,brands,save_classification,ACTION,NONE,GAP,"",admin/Brands/save_classification
Clean_Items,clean_items,process_ai_formatting_in_batches,ACTION,NONE,GAP,"",admin/Clean_Items/process_ai_formatting_in_batches
Dashboard,dashboard,index,LIST,NONE,GAP,"",admin/Dashboard/index
Dashboard,dashboard,undelivered_table,TAB,NONE,GAP,"",admin/Dashboard/undelivered_table
Dashboard,dashboard,pending_table,TAB,NONE,GAP,"",admin/Dashboard/pending_table
Dashboard,dashboard,ag_index,ACTION,NONE,GAP,"",admin/Dashboard/ag_index
Dashboard,dashboard,ag_pending_table,TAB,NONE,GAP,"",admin/Dashboard/ag_pending_table
Dashboard,dashboard,ag_undelivered_table,TAB,NONE,GAP,"",admin/Dashboard/ag_undelivered_table
Delivery_Notes,delivery_notes,dt_index,ACTION,NONE,GAP,"",admin/Delivery_Notes/dt_index
Delivery_Notes,delivery_notes,table,LIST,NONE,GAP,"",admin/Delivery_Notes/table
Delivery_Notes,delivery_notes,index,LIST,NONE,GAP,"",admin/Delivery_Notes/index
Delivery_Notes,delivery_notes,get_table_data,VALIDATE,NONE,GAP,"",admin/Delivery_Notes/get_table_data
Delivery_Notes,delivery_notes,get_table_data_items,VALIDATE,NONE,GAP,"",admin/Delivery_Notes/get_table_data_items
Delivery_Notes,delivery_notes,list_bin_records,ACTION,NONE,GAP,"",admin/Delivery_Notes/list_bin_records
Delivery_Notes,delivery_notes,get_bin_records_data,VALIDATE,NONE,GAP,"",admin/Delivery_Notes/get_bin_records_data
Delivery_Notes,delivery_notes,delivery_notes,ACTION,NONE,GAP,"",admin/Delivery_Notes/delivery_notes
Delivery_Notes,delivery_notes,view_delivery_note,ACTION,NONE,GAP,"",admin/Delivery_Notes/view_delivery_note
Delivery_Notes,delivery_notes,delete_delivery_notes,DELETE,NONE,GAP,"",admin/Delivery_Notes/delete_delivery_notes
Delivery_Notes,delivery_notes,delete_dn_permanently,DELETE,NONE,GAP,"",admin/Delivery_Notes/delete_dn_permanently
Delivery_Notes,delivery_notes,bin_records,ACTION,NONE,GAP,"",admin/Delivery_Notes/bin_records
Delivery_Notes,delivery_notes,checkStatusAsWhole,ACTION,NONE,GAP,"",admin/Delivery_Notes/checkStatusAsWhole
Delivery_Notes,delivery_notes,bin_records_table,TAB,NONE,GAP,"",admin/Delivery_Notes/bin_records_table
Delivery_Notes,delivery_notes,delivery_attachment,UPLOAD,NONE,GAP,"",admin/Delivery_Notes/delivery_attachment
Delivery_Notes,delivery_notes,file_delivery,ACTION,NONE,GAP,"",admin/Delivery_Notes/file_delivery
Delivery_Notes,delivery_notes,delete_attachment,DELETE,NONE,GAP,"",admin/Delivery_Notes/delete_attachment
Delivery_Notes,delivery_notes,get_purchase_orders,VALIDATE,NONE,GAP,"",admin/Delivery_Notes/get_purchase_orders
Delivery_Notes,delivery_notes,get_po_items_by_id,VALIDATE,NONE,GAP,"",admin/Delivery_Notes/get_po_items_by_id
Delivery_Notes,delivery_notes,get_budget_item_by_id,VALIDATE,NONE,GAP,"",admin/Delivery_Notes/get_budget_item_by_id
Delivery_Notes,delivery_notes,submit_delivery_approval,ACTION,NONE,GAP,"",admin/Delivery_Notes/submit_delivery_approval
Delivery_Notes,delivery_notes,changeCurrentStatus,ACTION,NONE,GAP,"",admin/Delivery_Notes/changeCurrentStatus
Delivery_Notes,delivery_notes,changestatusofthedn,ACTION,NONE,GAP,"",admin/Delivery_Notes/changestatusofthedn
Delivery_Notes,delivery_notes,findNextApprover,ACTION,NONE,GAP,"",admin/Delivery_Notes/findNextApprover
Delivery_Notes,delivery_notes,GetOverlAllItemsStatusByDNID,ACTION,NONE,GAP,"",admin/Delivery_Notes/GetOverlAllItemsStatusByDNID
Delivery_Notes,delivery_notes,resubmitstatusofDelivery,ACTION,NONE,GAP,"",admin/Delivery_Notes/resubmitstatusofDelivery
Delivery_Notes,delivery_notes,cancel_approval,ACTION,NONE,GAP,"",admin/Delivery_Notes/cancel_approval
Delivery_Notes,delivery_notes,cancel_rejection,ACTION,NONE,GAP,"",admin/Delivery_Notes/cancel_rejection
Delivery_Notes,delivery_notes,delivery_stages,ACTION,NONE,GAP,"",admin/Delivery_Notes/delivery_stages
Delivery_Notes,delivery_notes,Add_delivery_log,ACTION,NONE,GAP,"",admin/Delivery_Notes/Add_delivery_log
Delivery_Notes,delivery_notes,delete_delivery_stage,DELETE,NONE,GAP,"",admin/Delivery_Notes/delete_delivery_stage
Delivery_Notes,delivery_notes,getthestatusdetail,ACTION,NONE,GAP,"",admin/Delivery_Notes/getthestatusdetail
Delivery_Notes,delivery_notes,getthedeliverystatusapprover,ACTION,NONE,GAP,"",admin/Delivery_Notes/getthedeliverystatusapprover
Delivery_Notes,delivery_notes,add_delivery_status,ACTION,NONE,GAP,"",admin/Delivery_Notes/add_delivery_status
Delivery_Notes,delivery_notes,delete_delivery_status,DELETE,NONE,GAP,"",admin/Delivery_Notes/delete_delivery_status
Delivery_Notes,delivery_notes,pdf,ACTION,NONE,GAP,"",admin/Delivery_Notes/pdf
Delivery_Notes,delivery_notes,get_dn_data_ajax,VALIDATE,NONE,GAP,"",admin/Delivery_Notes/get_dn_data_ajax
Delivery_Notes,delivery_notes,get_costcenters_for_po,VALIDATE,NONE,GAP,"",admin/Delivery_Notes/get_costcenters_for_po
Delivery_Notes,delivery_notes,update_status_counters,ACTION,NONE,GAP,"",admin/Delivery_Notes/update_status_counters
Delivery_Notes,delivery_notes,items_table,TAB,NONE,GAP,"",admin/Delivery_Notes/items_table
Delivery_Notes,delivery_notes,refresh_delivery_note_item,ACTION,NONE,GAP,"",admin/Delivery_Notes/refresh_delivery_note_item
Delivery_Notes_Backlog,delivery_notes_backlog,index,LIST,NONE,GAP,"",admin/Delivery_Notes_Backlog/index
Delivery_Notes_Backlog,delivery_notes_backlog,get_table_data,VALIDATE,NONE,GAP,"",admin/Delivery_Notes_Backlog/get_table_data
Delivery_Notes_Backlog,delivery_notes_backlog,create_po,ACTION,NONE,GAP,"",admin/Delivery_Notes_Backlog/create_po
Expense_Request,expense_request,dt_index,ACTION,NONE,GAP,"",admin/Expense_Request/dt_index
Expense_Request,expense_request,list_prz_expense_request,ACTION,NONE,GAP,"",admin/Expense_Request/list_prz_expense_request
Expense_Request,expense_request,table,LIST,NONE,GAP,"",admin/Expense_Request/table
Expense_Request,expense_request,index,LIST,NONE,GAP,"",admin/Expense_Request/index
Expense_Request,expense_request,list_ag_prz_expense_request,ACTION,NONE,GAP,"",admin/Expense_Request/list_ag_prz_expense_request
Expense_Request,expense_request,get_table_data,VALIDATE,NONE,GAP,"",admin/Expense_Request/get_table_data
Expense_Request,expense_request,expense_request,ACTION,NONE,GAP,"",admin/Expense_Request/expense_request
Expense_Request,expense_request,view_expense_request,ACTION,NONE,GAP,"",admin/Expense_Request/view_expense_request
Expense_Request,expense_request,get_table_data_items,VALIDATE,NONE,GAP,"",admin/Expense_Request/get_table_data_items
Expense_Request,expense_request,checkStatusAsWhole,ACTION,NONE,GAP,"",admin/Expense_Request/checkStatusAsWhole
Expense_Request,expense_request,submitExpenseReqApproval,ACTION,NONE,GAP,"",admin/Expense_Request/submitExpenseReqApproval
Expense_Request,expense_request,changeCurrentStatus,ACTION,NONE,GAP,"",admin/Expense_Request/changeCurrentStatus
Expense_Request,expense_request,isStageLevelPresentBeforeMatch,ACTION,NONE,GAP,"",admin/Expense_Request/isStageLevelPresentBeforeMatch
Expense_Request,expense_request,resetCurrentStatusofAll,ACTION,NONE,GAP,"",admin/Expense_Request/resetCurrentStatusofAll
Expense_Request,expense_request,areAllPreviousStagesApproved,ACTION,NONE,GAP,"",admin/Expense_Request/areAllPreviousStagesApproved
Expense_Request,expense_request,getNonOptionalStatusesData,ACTION,NONE,GAP,"",admin/Expense_Request/getNonOptionalStatusesData
Expense_Request,expense_request,get_er_status,VALIDATE,NONE,GAP,"",admin/Expense_Request/get_er_status
Expense_Request,expense_request,Add_er_notification,ACTION,NONE,GAP,"",admin/Expense_Request/Add_er_notification
Expense_Request,expense_request,AddSystemNotification,ACTION,NONE,GAP,"",admin/Expense_Request/AddSystemNotification
Expense_Request,expense_request,items_table,TAB,NONE,GAP,"",admin/Expense_Request/items_table
Expense_Request,expense_request,delete_pur_request,DELETE,NONE,GAP,"",admin/Expense_Request/delete_pur_request
Expense_Request,expense_request,load_related_data,ACTION,NONE,GAP,"",admin/Expense_Request/load_related_data
Expense_Request,expense_request,get_advance_cashes,VALIDATE,NONE,GAP,"",admin/Expense_Request/get_advance_cashes
Expense_Request,expense_request,get_item_by_id,VALIDATE,NONE,GAP,"",admin/Expense_Request/get_item_by_id
Expense_Request,expense_request,refresh_expense_item,ACTION,NONE,GAP,"",admin/Expense_Request/refresh_expense_item
Expense_Request,expense_request,deleteExpenseStage,ACTION,NONE,GAP,"",admin/Expense_Request/deleteExpenseStage
Expense_Request,expense_request,deleteExpenseStatus,ACTION,NONE,GAP,"",admin/Expense_Request/deleteExpenseStatus
Expense_Request,expense_request,expenseStages,ACTION,NONE,GAP,"",admin/Expense_Request/expenseStages
Expense_Request,expense_request,addExpenseStatus,ACTION,NONE,GAP,"",admin/Expense_Request/addExpenseStatus
Expense_Request,expense_request,getthestatusdetail,ACTION,NONE,GAP,"",admin/Expense_Request/getthestatusdetail
Expense_Request,expense_request,getExpensestatusapprover,ACTION,NONE,GAP,"",admin/Expense_Request/getExpensestatusapprover
Expense_Request,expense_request,changestatusofthepurreq,ACTION,NONE,GAP,"",admin/Expense_Request/changestatusofthepurreq
Expense_Request,expense_request,findNextApprover,ACTION,NONE,GAP,"",admin/Expense_Request/findNextApprover
Expense_Request,expense_request,UpdateSystemNotification,ACTION,NONE,GAP,"",admin/Expense_Request/UpdateSystemNotification
Expense_Request,expense_request,GetOverlAllItemsStatusByBudgetID,ACTION,NONE,GAP,"",admin/Expense_Request/GetOverlAllItemsStatusByBudgetID
Expense_Request,expense_request,resubmitStatusOfExpense,ACTION,NONE,GAP,"",admin/Expense_Request/resubmitStatusOfExpense
Expense_Request,expense_request,cancel_approval,ACTION,NONE,GAP,"",admin/Expense_Request/cancel_approval
Expense_Request,expense_request,Add_expense_log,ACTION,NONE,GAP,"",admin/Expense_Request/Add_expense_log
Expense_Request,expense_request,viewapprovallog,ACTION,NONE,GAP,"",admin/Expense_Request/viewapprovallog
Expense_Request,expense_request,bin_records,ACTION,NONE,GAP,"",admin/Expense_Request/bin_records
Expense_Request,expense_request,delete_pr_permanently,DELETE,NONE,GAP,"",admin/Expense_Request/delete_pr_permanently
Expense_Request,expense_request,bin_records_table,TAB,NONE,GAP,"",admin/Expense_Request/bin_records_table
Expense_Request,expense_request,list_bin_records,ACTION,NONE,GAP,"",admin/Expense_Request/list_bin_records
Expense_Request,expense_request,get_bin_records_data,VALIDATE,NONE,GAP,"",admin/Expense_Request/get_bin_records_data
Expense_Request,expense_request,expense_attachment,UPLOAD,NONE,GAP,"",admin/Expense_Request/expense_attachment
Expense_Request,expense_request,delete_attachment,DELETE,NONE,GAP,"",admin/Expense_Request/delete_attachment
Expense_Request,expense_request,file_expense,ACTION,NONE,GAP,"",admin/Expense_Request/file_expense
Expense_Request,expense_request,pdf,ACTION,NONE,GAP,"",admin/Expense_Request/pdf
Expense_Request,expense_request,get_advance_total_funding_available,VALIDATE,NONE,GAP,"",admin/Expense_Request/get_advance_total_funding_available
Grid,grid,index,LIST,NONE,GAP,"",admin/Grid/index
Grid,grid,get_data,VALIDATE,NONE,GAP,"",admin/Grid/get_data
Grid,grid,server_data,ACTION,NONE,GAP,"",admin/Grid/server_data
ItemClassification,itemclassification,index,LIST,NONE,GAP,"",admin/ItemClassification/index
ItemClassification,itemclassification,table,LIST,NONE,GAP,"",admin/ItemClassification/table
ItemClassification,itemclassification,manage,ACTION,NONE,GAP,"",admin/ItemClassification/manage
ItemClassification,itemclassification,check_title_exist,ACTION,NONE,GAP,"",admin/ItemClassification/check_title_exist
ItemClassification,itemclassification,check_code_exist,ACTION,NONE,GAP,"",admin/ItemClassification/check_code_exist
ItemClassification,itemclassification,get,ACTION,NONE,GAP,"",admin/ItemClassification/get
ItemClassification,itemclassification,delete,DELETE,NONE,GAP,"",admin/ItemClassification/delete
ItemClassification,itemclassification,view_segment,ACTION,NONE,GAP,"",admin/ItemClassification/view_segment
Payment_Request,payment_request,index,LIST,NONE,GAP,"",admin/Payment_Request/index
Payment_Request,payment_request,ag_index,ACTION,NONE,GAP,"",admin/Payment_Request/ag_index
Payment_Request,payment_request,get_table_data,VALIDATE,NONE,GAP,"",admin/Payment_Request/get_table_data
Payment_Request,payment_request,ag_payment_request,ACTION,NONE,GAP,"",admin/Payment_Request/ag_payment_request
Payment_Request,payment_request,ag_delete_payment_request,ACTION,NONE,GAP,"",admin/Payment_Request/ag_delete_payment_request
Payment_Request,payment_request,ag_view_payment_request,ACTION,NONE,GAP,"",admin/Payment_Request/ag_view_payment_request
Payment_Request,payment_request,table,LIST,NONE,GAP,"",admin/Payment_Request/table
Payment_Request,payment_request,payment_request,ACTION,NONE,GAP,"",admin/Payment_Request/payment_request
Payment_Request,payment_request,view_payment_request,ACTION,NONE,GAP,"",admin/Payment_Request/view_payment_request
Payment_Request,payment_request,checkStatusAsWhole,ACTION,NONE,GAP,"",admin/Payment_Request/checkStatusAsWhole
Payment_Request,payment_request,submit_paymentreq_approval,ACTION,NONE,GAP,"",admin/Payment_Request/submit_paymentreq_approval
Payment_Request,payment_request,changeCurrentStatus,ACTION,NONE,GAP,"",admin/Payment_Request/changeCurrentStatus
Payment_Request,payment_request,changestatusofthepayment,ACTION,NONE,GAP,"",admin/Payment_Request/changestatusofthepayment
Payment_Request,payment_request,resubmitstatusofPayment,ACTION,NONE,GAP,"",admin/Payment_Request/resubmitstatusofPayment
Payment_Request,payment_request,findNextApprover,ACTION,NONE,GAP,"",admin/Payment_Request/findNextApprover
Payment_Request,payment_request,GetOverlAllItemsStatusByBudgetID,ACTION,NONE,GAP,"",admin/Payment_Request/GetOverlAllItemsStatusByBudgetID
Payment_Request,payment_request,cancel_approval,ACTION,NONE,GAP,"",admin/Payment_Request/cancel_approval
Payment_Request,payment_request,cancel_rejection,ACTION,NONE,GAP,"",admin/Payment_Request/cancel_rejection
Payment_Request,payment_request,payment_attachment,UPLOAD,NONE,GAP,"",admin/Payment_Request/payment_attachment
Payment_Request,payment_request,file_przpayment,ACTION,NONE,GAP,"",admin/Payment_Request/file_przpayment
Payment_Request,payment_request,delete_attachment,DELETE,NONE,GAP,"",admin/Payment_Request/delete_attachment
Payment_Request,payment_request,load_related_data,ACTION,NONE,GAP,"",admin/Payment_Request/load_related_data
Payment_Request,payment_request,get_purchase_orders,VALIDATE,NONE,GAP,"",admin/Payment_Request/get_purchase_orders
Payment_Request,payment_request,get_po_items_by_id,VALIDATE,NONE,GAP,"",admin/Payment_Request/get_po_items_by_id
Payment_Request,payment_request,refresh_payment_request_item,ACTION,NONE,GAP,"",admin/Payment_Request/refresh_payment_request_item
Payment_Request,payment_request,get_item_by_id,VALIDATE,NONE,GAP,"",admin/Payment_Request/get_item_by_id
Payment_Request,payment_request,delete_payment_request,DELETE,NONE,GAP,"",admin/Payment_Request/delete_payment_request
Payment_Request,payment_request,delete_payment_permanently,DELETE,NONE,GAP,"",admin/Payment_Request/delete_payment_permanently
Payment_Request,payment_request,bin_records,ACTION,NONE,GAP,"",admin/Payment_Request/bin_records
Payment_Request,payment_request,bin_records_table,TAB,NONE,GAP,"",admin/Payment_Request/bin_records_table
Payment_Request,payment_request,ag_delete_payment_permanently,ACTION,NONE,GAP,"",admin/Payment_Request/ag_delete_payment_permanently
Payment_Request,payment_request,list_bin_records,ACTION,NONE,GAP,"",admin/Payment_Request/list_bin_records
Payment_Request,payment_request,get_bin_records_data,VALIDATE,NONE,GAP,"",admin/Payment_Request/get_bin_records_data
Payment_Request,payment_request,get_table_data_items,VALIDATE,NONE,GAP,"",admin/Payment_Request/get_table_data_items
Payment_Request,payment_request,Add_payment_log,ACTION,NONE,GAP,"",admin/Payment_Request/Add_payment_log
Payment_Request,payment_request,mark_payment_as_paid,ACTION,NONE,GAP,"",admin/Payment_Request/mark_payment_as_paid
Payment_Request,payment_request,undo_payment_paid_status,ACTION,NONE,GAP,"",admin/Payment_Request/undo_payment_paid_status
Payment_Request,payment_request,payment_stages,ACTION,NONE,GAP,"",admin/Payment_Request/payment_stages
Payment_Request,payment_request,delete_payment_stage,DELETE,NONE,GAP,"",admin/Payment_Request/delete_payment_stage
Payment_Request,payment_request,add_payment_status,ACTION,NONE,GAP,"",admin/Payment_Request/add_payment_status
Payment_Request,payment_request,view_payment_statusdetail,ACTION,NONE,GAP,"",admin/Payment_Request/view_payment_statusdetail
Payment_Request,payment_request,getthestatusdetail,ACTION,NONE,GAP,"",admin/Payment_Request/getthestatusdetail
Payment_Request,payment_request,getthePaymentstatusapprover,ACTION,NONE,GAP,"",admin/Payment_Request/getthePaymentstatusapprover
Payment_Request,payment_request,delete_payment_status,DELETE,NONE,GAP,"",admin/Payment_Request/delete_payment_status
Payment_Request,payment_request,get_pos_by_supplier,VALIDATE,NONE,GAP,"",admin/Payment_Request/get_pos_by_supplier
Payment_Request,payment_request,get_po_details_by_id,VALIDATE,NONE,GAP,"",admin/Payment_Request/get_po_details_by_id
Payment_Request,payment_request,get_expense_requests,VALIDATE,NONE,GAP,"",admin/Payment_Request/get_expense_requests
Payment_Request,payment_request,get_expense_details_by_id,VALIDATE,NONE,GAP,"",admin/Payment_Request/get_expense_details_by_id
Payment_Request,payment_request,get_payment_data_ajax,VALIDATE,NONE,GAP,"",admin/Payment_Request/get_payment_data_ajax
Payment_Request,payment_request,get_related_projects,VALIDATE,NONE,GAP,"",admin/Payment_Request/get_related_projects
Payment_Request,payment_request,pdf,ACTION,NONE,GAP,"",admin/Payment_Request/pdf
Payment_Request,payment_request,get_costcenters_for_po,VALIDATE,NONE,GAP,"",admin/Payment_Request/get_costcenters_for_po
Payment_Request,payment_request,update_status_counters,ACTION,NONE,GAP,"",admin/Payment_Request/update_status_counters
Payment_Request,payment_request,items_table,TAB,NONE,GAP,"",admin/Payment_Request/items_table
Przpurchase,przpurchase,index,LIST,NONE,GAP,"",admin/Przpurchase/index
Przpurchase,przpurchase,list_prz_purchase_request,ACTION,NONE,GAP,"",admin/Przpurchase/list_prz_purchase_request
Przpurchase,przpurchase,table,LIST,NONE,GAP,"",admin/Przpurchase/table
Przpurchase,przpurchase,ag_index,ACTION,NONE,GAP,"",admin/Przpurchase/ag_index
Przpurchase,przpurchase,list_ag_prz_purchase_request,ACTION,NONE,GAP,"",admin/Przpurchase/list_ag_prz_purchase_request
Przpurchase,przpurchase,get_table_data,VALIDATE,NONE,GAP,"",admin/Przpurchase/get_table_data
Przpurchase,przpurchase,list_bin_records,ACTION,NONE,GAP,"",admin/Przpurchase/list_bin_records
Przpurchase,przpurchase,get_bin_records_data,VALIDATE,NONE,GAP,"",admin/Przpurchase/get_bin_records_data
Przpurchase,przpurchase,ag_view_purchase_request,ACTION,NONE,GAP,"",admin/Przpurchase/ag_view_purchase_request
Przpurchase,przpurchase,get_table_data_items,VALIDATE,NONE,GAP,"",admin/Przpurchase/get_table_data_items
Przpurchase,przpurchase,ag_pur_request,ACTION,NONE,GAP,"",admin/Przpurchase/ag_pur_request
Przpurchase,przpurchase,ag_delete_pur_request,ACTION,NONE,GAP,"",admin/Przpurchase/ag_delete_pur_request
Przpurchase,przpurchase,pur_request,ACTION,NONE,GAP,"",admin/Przpurchase/pur_request
Przpurchase,przpurchase,table_project_przpur_request,TAB,NONE,GAP,"",admin/Przpurchase/table_project_przpur_request
Przpurchase,przpurchase,get_item_by_id,VALIDATE,NONE,GAP,"",admin/Przpurchase/get_item_by_id
Przpurchase,przpurchase,refresh_purchase_request_item,ACTION,NONE,GAP,"",admin/Przpurchase/refresh_purchase_request_item
Przpurchase,przpurchase,bin_records,ACTION,NONE,GAP,"",admin/Przpurchase/bin_records
Przpurchase,przpurchase,bin_records_table,TAB,NONE,GAP,"",admin/Przpurchase/bin_records_table
Przpurchase,przpurchase,delete_pr_permanently,DELETE,NONE,GAP,"",admin/Przpurchase/delete_pr_permanently
Przpurchase,przpurchase,delete_permanently,DELETE,NONE,GAP,"",admin/Przpurchase/delete_permanently
Przpurchase,przpurchase,get_budget_item_by_id,VALIDATE,NONE,GAP,"",admin/Przpurchase/get_budget_item_by_id
Przpurchase,przpurchase,ajax_get_budget_items,ACTION,NONE,GAP,"",admin/Przpurchase/ajax_get_budget_items
Przpurchase,przpurchase,delete_pur_request,DELETE,NONE,GAP,"",admin/Przpurchase/delete_pur_request
Przpurchase,przpurchase,revoke_pr_item,ACTION,NONE,GAP,"",admin/Przpurchase/revoke_pr_item
Przpurchase,przpurchase,load_related_data,ACTION,NONE,GAP,"",admin/Przpurchase/load_related_data
Przpurchase,przpurchase,get_resource_requests,VALIDATE,NONE,GAP,"",admin/Przpurchase/get_resource_requests
Przpurchase,przpurchase,get_quotation_items,VALIDATE,NONE,GAP,"",admin/Przpurchase/get_quotation_items
Przpurchase,przpurchase,get_quot_item_by_id,VALIDATE,NONE,GAP,"",admin/Przpurchase/get_quot_item_by_id
Przpurchase,przpurchase,Add_purchase_log,ACTION,NONE,GAP,"",admin/Przpurchase/Add_purchase_log
Przpurchase,przpurchase,przpurchase_attachment,UPLOAD,NONE,GAP,"",admin/Przpurchase/przpurchase_attachment
Przpurchase,przpurchase,file_przpurchase,ACTION,NONE,GAP,"",admin/Przpurchase/file_przpurchase
Przpurchase,przpurchase,delete_attachment,DELETE,NONE,GAP,"",admin/Przpurchase/delete_attachment
Przpurchase,przpurchase,get_purchase_request_row_template,VALIDATE,NONE,GAP,"",admin/Przpurchase/get_purchase_request_row_template
Przpurchase,przpurchase,get_purchase_reguest,VALIDATE,NONE,GAP,"",admin/Przpurchase/get_purchase_reguest
Przpurchase,przpurchase,checkStatusAsWhole,ACTION,NONE,GAP,"",admin/Przpurchase/checkStatusAsWhole
Przpurchase,przpurchase,GetOverlAllItemSttaus,ACTION,NONE,GAP,"",admin/Przpurchase/GetOverlAllItemSttaus
Przpurchase,przpurchase,updatePrzPurchaseitemstatus,ACTION,NONE,GAP,"",admin/Przpurchase/updatePrzPurchaseitemstatus
Przpurchase,przpurchase,submitpurchasereqapproval,ACTION,NONE,GAP,"",admin/Przpurchase/submitpurchasereqapproval
Przpurchase,przpurchase,partialpurchaseitemupdate,ACTION,NONE,GAP,"",admin/Przpurchase/partialpurchaseitemupdate
Przpurchase,przpurchase,resubmitstatusofPurReq,ACTION,NONE,GAP,"",admin/Przpurchase/resubmitstatusofPurReq
Przpurchase,przpurchase,pdf,ACTION,NONE,GAP,"",admin/Przpurchase/pdf
Przpurchase,przpurchase,confirm_order,ACTION,NONE,GAP,"",admin/Przpurchase/confirm_order
Przpurchase,przpurchase,cancel_approval,ACTION,NONE,GAP,"",admin/Przpurchase/cancel_approval
Przpurchase,przpurchase,cancel_rejection,ACTION,NONE,GAP,"",admin/Przpurchase/cancel_rejection
Przpurchase,przpurchase,viewapprovallog,ACTION,NONE,GAP,"",admin/Przpurchase/viewapprovallog
Przpurchase,przpurchase,changeCurrentStatus,ACTION,NONE,GAP,"",admin/Przpurchase/changeCurrentStatus
Przpurchase,przpurchase,findNextApprover,ACTION,NONE,GAP,"",admin/Przpurchase/findNextApprover
Przpurchase,przpurchase,GetOverlAllItemsStatusByBudgetID,ACTION,NONE,GAP,"",admin/Przpurchase/GetOverlAllItemsStatusByBudgetID
Przpurchase,przpurchase,changestatusofthepurreq,ACTION,NONE,GAP,"",admin/Przpurchase/changestatusofthepurreq
Przpurchase,przpurchase,add_update_purchase_request,ACTION,NONE,GAP,"",admin/Przpurchase/add_update_purchase_request
Przpurchase,przpurchase,add_purchase_request,ACTION,NONE,GAP,"",admin/Przpurchase/add_purchase_request
Przpurchase,przpurchase,coppy_resource_request,ACTION,NONE,GAP,"",admin/Przpurchase/coppy_resource_request
Przpurchase,przpurchase,coppy_resource_request,ACTION,NONE,GAP,"",admin/Przpurchase/coppy_resource_request
Przpurchase,przpurchase,setting,ACTION,NONE,GAP,"",admin/Przpurchase/setting
Przpurchase,przpurchase,ag_PR_stages_table,TAB,NONE,GAP,"",admin/Przpurchase/ag_PR_stages_table
Przpurchase,przpurchase,ag_PO_stages_table,TAB,NONE,GAP,"",admin/Przpurchase/ag_PO_stages_table
Przpurchase,przpurchase,ag_voucher_stages_table,TAB,NONE,GAP,"",admin/Przpurchase/ag_voucher_stages_table
Przpurchase,przpurchase,ag_payment_stages_table,TAB,NONE,GAP,"",admin/Przpurchase/ag_payment_stages_table
Przpurchase,przpurchase,ag_DN_stages_table,TAB,NONE,GAP,"",admin/Przpurchase/ag_DN_stages_table
Przpurchase,przpurchase,ag_expense_stages_table,TAB,NONE,GAP,"",admin/Przpurchase/ag_expense_stages_table
Przpurchase,przpurchase,ag_PR_statuses_table,TAB,NONE,GAP,"",admin/Przpurchase/ag_PR_statuses_table
Przpurchase,przpurchase,ag_PO_statuses_table,TAB,NONE,GAP,"",admin/Przpurchase/ag_PO_statuses_table
Przpurchase,przpurchase,ag_voucher_statuses_table,TAB,NONE,GAP,"",admin/Przpurchase/ag_voucher_statuses_table
Przpurchase,przpurchase,ag_payment_statuses_table,TAB,NONE,GAP,"",admin/Przpurchase/ag_payment_statuses_table
Przpurchase,przpurchase,ag_DN_statuses_table,TAB,NONE,GAP,"",admin/Przpurchase/ag_DN_statuses_table
Przpurchase,przpurchase,ag_expense_statuses_table,TAB,NONE,GAP,"",admin/Przpurchase/ag_expense_statuses_table
Przpurchase,przpurchase,addpurchasestatus,ACTION,NONE,GAP,"",admin/Przpurchase/addpurchasestatus
Przpurchase,przpurchase,purchase_stages,ACTION,NONE,GAP,"",admin/Przpurchase/purchase_stages
Przpurchase,przpurchase,viewpurchasestatusdetail,ACTION,NONE,GAP,"",admin/Przpurchase/viewpurchasestatusdetail
Przpurchase,przpurchase,delete_purchase_stage,DELETE,NONE,GAP,"",admin/Przpurchase/delete_purchase_stage
Przpurchase,przpurchase,deletepurchasestatus,ACTION,NONE,GAP,"",admin/Przpurchase/deletepurchasestatus
Przpurchase,przpurchase,getthestatusdetail,ACTION,NONE,GAP,"",admin/Przpurchase/getthestatusdetail
Przpurchase,przpurchase,getthepurchasestatusapprover,ACTION,NONE,GAP,"",admin/Przpurchase/getthepurchasestatusapprover
Przpurchase,przpurchase,addEditApprovers,ACTION,NONE,GAP,"",admin/Przpurchase/addEditApprovers
Przpurchase,przpurchase,deleteApprover,ACTION,NONE,GAP,"",admin/Przpurchase/deleteApprover
Przpurchase,przpurchase,purchase_order,ACTION,NONE,GAP,"",admin/Przpurchase/purchase_order
Przpurchase,przpurchase,coppy_pur_request,ACTION,NONE,GAP,"",admin/Przpurchase/coppy_pur_request
Przpurchase,przpurchase,getItem,ACTION,NONE,GAP,"",admin/Przpurchase/getItem
Przpurchase,przpurchase,submitRequestApproval,ACTION,NONE,GAP,"",admin/Przpurchase/submitRequestApproval
Przpurchase,przpurchase,purchase_request_stages,ACTION,NONE,GAP,"",admin/Przpurchase/purchase_request_stages
Przpurchase,przpurchase,add_purchase_request_status,ACTION,NONE,GAP,"",admin/Przpurchase/add_purchase_request_status
Przpurchase,przpurchase,delete_purchase_request_status,DELETE,NONE,GAP,"",admin/Przpurchase/delete_purchase_request_status
Przpurchase,przpurchase,getPurchaseData,ACTION,NONE,GAP,"",admin/Przpurchase/getPurchaseData
Przpurchase,przpurchase,getPurchaseStatuses,ACTION,NONE,GAP,"",admin/Przpurchase/getPurchaseStatuses
Przpurchase,przpurchase,getPurchaseStatusesByBudgetInfo,ACTION,NONE,GAP,"",admin/Przpurchase/getPurchaseStatusesByBudgetInfo
Przpurchase,przpurchase,get_pr_data_ajax,VALIDATE,NONE,GAP,"",admin/Przpurchase/get_pr_data_ajax
Przpurchase,przpurchase,get_opp_items_by_id,VALIDATE,NONE,GAP,"",admin/Przpurchase/get_opp_items_by_id
Przpurchase,przpurchase,update_status_counters,ACTION,NONE,GAP,"",admin/Przpurchase/update_status_counters
Przpurchase,przpurchase,items_table,TAB,NONE,GAP,"",admin/Przpurchase/items_table
PR_Items_Backlog,pr_items_backlog,index,LIST,NONE,GAP,"",admin/PR_Items_Backlog/index
PR_Items_Backlog,pr_items_backlog,get_table_data,VALIDATE,NONE,GAP,"",admin/PR_Items_Backlog/get_table_data
PR_Items_Backlog,pr_items_backlog,get_table_data,VALIDATE,NONE,GAP,"",admin/PR_Items_Backlog/get_table_data
PR_Items_Backlog,pr_items_backlog,dt_index,ACTION,NONE,GAP,"",admin/PR_Items_Backlog/dt_index
PR_Items_Backlog,pr_items_backlog,table,LIST,NONE,GAP,"",admin/PR_Items_Backlog/table
PR_Items_Backlog,pr_items_backlog,create_po,ACTION,NONE,GAP,"",admin/PR_Items_Backlog/create_po
PR_Orders_Backlog,pr_orders_backlog,index,LIST,NONE,GAP,"",admin/PR_Orders_Backlog/index
PR_Orders_Backlog,pr_orders_backlog,get_table_data,VALIDATE,NONE,GAP,"",admin/PR_Orders_Backlog/get_table_data
PR_Orders_Backlog,pr_orders_backlog,dt_index,ACTION,NONE,GAP,"",admin/PR_Orders_Backlog/dt_index
PR_Orders_Backlog,pr_orders_backlog,table,LIST,NONE,GAP,"",admin/PR_Orders_Backlog/table
PR_Orders_Backlog,pr_orders_backlog,create_payment_redirect,ACTION,NONE,GAP,"",admin/PR_Orders_Backlog/create_payment_redirect
PurOrder,purorder,index,LIST,NONE,GAP,"",admin/PurOrder/index
PurOrder,purorder,ag_index,ACTION,NONE,GAP,"",admin/PurOrder/ag_index
PurOrder,purorder,get_table_purorder_data,VALIDATE,NONE,GAP,"",admin/PurOrder/get_table_purorder_data
PurOrder,purorder,get_bin_records_data,VALIDATE,NONE,GAP,"",admin/PurOrder/get_bin_records_data
PurOrder,purorder,get_pr_resreq_type,VALIDATE,NONE,GAP,"",admin/PurOrder/get_pr_resreq_type
PurOrder,purorder,list_bin_records,ACTION,NONE,GAP,"",admin/PurOrder/list_bin_records
PurOrder,purorder,get_table_data_items,VALIDATE,NONE,GAP,"",admin/PurOrder/get_table_data_items
PurOrder,purorder,ag_view_purchase_order,ACTION,NONE,GAP,"",admin/PurOrder/ag_view_purchase_order
PurOrder,purorder,ag_items_table,TAB,NONE,GAP,"",admin/PurOrder/ag_items_table
PurOrder,purorder,ag_delete_purchase_order,ACTION,NONE,GAP,"",admin/PurOrder/ag_delete_purchase_order
PurOrder,purorder,ag_pur_order,ACTION,NONE,GAP,"",admin/PurOrder/ag_pur_order
PurOrder,purorder,table,LIST,NONE,GAP,"",admin/PurOrder/table
PurOrder,purorder,pur_order,ACTION,NONE,GAP,"",admin/PurOrder/pur_order
PurOrder,purorder,load_related_data,ACTION,NONE,GAP,"",admin/PurOrder/load_related_data
PurOrder,purorder,get_purchase_requests,VALIDATE,NONE,GAP,"",admin/PurOrder/get_purchase_requests
PurOrder,purorder,get_pr_items_by_id,VALIDATE,NONE,GAP,"",admin/PurOrder/get_pr_items_by_id
PurOrder,purorder,get_item_by_id,VALIDATE,NONE,GAP,"",admin/PurOrder/get_item_by_id
PurOrder,purorder,Add_po_log,ACTION,NONE,GAP,"",admin/PurOrder/Add_po_log
PurOrder,purorder,po_attachment,UPLOAD,NONE,GAP,"",admin/PurOrder/po_attachment
PurOrder,purorder,file_przpo,ACTION,NONE,GAP,"",admin/PurOrder/file_przpo
PurOrder,purorder,refresh_purchase_order_item,ACTION,NONE,GAP,"",admin/PurOrder/refresh_purchase_order_item
PurOrder,purorder,refresh_purchase_order_items,ACTION,NONE,GAP,"",admin/PurOrder/refresh_purchase_order_items
PurOrder,purorder,delete_attachment,DELETE,NONE,GAP,"",admin/PurOrder/delete_attachment
PurOrder,purorder,view_purchase_order,ACTION,NONE,GAP,"",admin/PurOrder/view_purchase_order
PurOrder,purorder,bin_records,ACTION,NONE,GAP,"",admin/PurOrder/bin_records
PurOrder,purorder,bin_records_table,TAB,NONE,GAP,"",admin/PurOrder/bin_records_table
PurOrder,purorder,delete_po_permanently,DELETE,NONE,GAP,"",admin/PurOrder/delete_po_permanently
PurOrder,purorder,table_project_po,TAB,NONE,GAP,"",admin/PurOrder/table_project_po
PurOrder,purorder,cancel_approval,ACTION,NONE,GAP,"",admin/PurOrder/cancel_approval
PurOrder,purorder,cancel_rejection,ACTION,NONE,GAP,"",admin/PurOrder/cancel_rejection
PurOrder,purorder,delete_purchase_order,DELETE,NONE,GAP,"",admin/PurOrder/delete_purchase_order
PurOrder,purorder,view_po_statusdetail,ACTION,NONE,GAP,"",admin/PurOrder/view_po_statusdetail
PurOrder,purorder,getthestatusdetail,ACTION,NONE,GAP,"",admin/PurOrder/getthestatusdetail
PurOrder,purorder,gettheOrderstatusapprover,ACTION,NONE,GAP,"",admin/PurOrder/gettheOrderstatusapprover
PurOrder,purorder,po_stages,ACTION,NONE,GAP,"",admin/PurOrder/po_stages
PurOrder,purorder,add_po_status,ACTION,NONE,GAP,"",admin/PurOrder/add_po_status
PurOrder,purorder,delete_po_status,DELETE,NONE,GAP,"",admin/PurOrder/delete_po_status
PurOrder,purorder,delete_po_stage,DELETE,NONE,GAP,"",admin/PurOrder/delete_po_stage
PurOrder,purorder,changeCurrentStatus,ACTION,NONE,GAP,"",admin/PurOrder/changeCurrentStatus
PurOrder,purorder,checkStatusAsWhole,ACTION,NONE,GAP,"",admin/PurOrder/checkStatusAsWhole
PurOrder,purorder,changestatusofthepo,ACTION,NONE,GAP,"",admin/PurOrder/changestatusofthepo
PurOrder,purorder,findNextApprover,ACTION,NONE,GAP,"",admin/PurOrder/findNextApprover
PurOrder,purorder,GetOverlAllItemsStatusByBudgetID,ACTION,NONE,GAP,"",admin/PurOrder/GetOverlAllItemsStatusByBudgetID
PurOrder,purorder,submitpurchasereqapproval,ACTION,NONE,GAP,"",admin/PurOrder/submitpurchasereqapproval
PurOrder,purorder,resubmitstatusofPo,ACTION,NONE,GAP,"",admin/PurOrder/resubmitstatusofPo
PurOrder,purorder,updatePrzPurchaseitemstatus,ACTION,NONE,GAP,"",admin/PurOrder/updatePrzPurchaseitemstatus
PurOrder,purorder,GetOverlAllItemSttaus,ACTION,NONE,GAP,"",admin/PurOrder/GetOverlAllItemSttaus
PurOrder,purorder,change_delivery_status,ACTION,NONE,GAP,"",admin/PurOrder/change_delivery_status
PurOrder,purorder,create_voucher,ACTION,NONE,GAP,"",admin/PurOrder/create_voucher
PurOrder,purorder,get_po_data_ajax,VALIDATE,NONE,GAP,"",admin/PurOrder/get_po_data_ajax
PurOrder,purorder,pdf,ACTION,NONE,GAP,"",admin/PurOrder/pdf
PurOrder,purorder,get_costcenters_for_pr,VALIDATE,NONE,GAP,"",admin/PurOrder/get_costcenters_for_pr
PurOrder,purorder,update_status_counters,ACTION,NONE,GAP,"",admin/PurOrder/update_status_counters
PurOrder,purorder,items_table,TAB,NONE,GAP,"",admin/PurOrder/items_table
PurOrder,purorder,po_settings,ACTION,NONE,GAP,"",admin/PurOrder/po_settings
Quotations,quotations,items,ACTION,NONE,GAP,"",admin/Quotations/items
Quotations,quotations,index,LIST,NONE,GAP,"",admin/Quotations/index
Quotations,quotations,table,LIST,NONE,GAP,"",admin/Quotations/table
Quotations,quotations,ag_index,ACTION,NONE,GAP,"",admin/Quotations/ag_index
Quotations,quotations,get_table_data,VALIDATE,NONE,GAP,"",admin/Quotations/get_table_data
Quotations,quotations,ag_index_items,ACTION,NONE,GAP,"",admin/Quotations/ag_index_items
Quotations,quotations,get_items_table_data,VALIDATE,NONE,GAP,"",admin/Quotations/get_items_table_data
Quotations,quotations,ag_quotation,ACTION,NONE,GAP,"",admin/Quotations/ag_quotation
Quotations,quotations,ag_delete_quotation,ACTION,NONE,GAP,"",admin/Quotations/ag_delete_quotation
Quotations,quotations,ag_items,ACTION,NONE,GAP,"",admin/Quotations/ag_items
Quotations,quotations,get_email_items_data,VALIDATE,NONE,GAP,"",admin/Quotations/get_email_items_data
Quotations,quotations,get_other_items_data,VALIDATE,NONE,GAP,"",admin/Quotations/get_other_items_data
Quotations,quotations,load_related_data,ACTION,NONE,GAP,"",admin/Quotations/load_related_data
Quotations,quotations,load_rfqs,ACTION,NONE,GAP,"",admin/Quotations/load_rfqs
Quotations,quotations,get_purchase_requests,VALIDATE,NONE,GAP,"",admin/Quotations/get_purchase_requests
Quotations,quotations,load_technical_inquiries,ACTION,NONE,GAP,"",admin/Quotations/load_technical_inquiries
Quotations,quotations,supplier_replies,ACTION,NONE,GAP,"",admin/Quotations/supplier_replies
Quotations,quotations,quotation,ACTION,NONE,GAP,"",admin/Quotations/quotation
Quotations,quotations,delete_quotation,DELETE,NONE,GAP,"",admin/Quotations/delete_quotation
Quotations,quotations,get_item_by_id,VALIDATE,NONE,GAP,"",admin/Quotations/get_item_by_id
Quotations,quotations,get_rfq_items_by_id,VALIDATE,NONE,GAP,"",admin/Quotations/get_rfq_items_by_id
Quotations,quotations,get_ta_items_by_id,VALIDATE,NONE,GAP,"",admin/Quotations/get_ta_items_by_id
Quotations,quotations,refresh_quotation_item,ACTION,NONE,GAP,"",admin/Quotations/refresh_quotation_item
Quotations,quotations,add_quot_item_to_table,TAB,NONE,GAP,"",admin/Quotations/add_quot_item_to_table
Quotations,quotations,confirmItemMatch,ACTION,NONE,GAP,"",admin/Quotations/confirmItemMatch
Quotations,quotations,undoConfirmItemMatch,ACTION,NONE,GAP,"",admin/Quotations/undoConfirmItemMatch
Quotations,quotations,quotation_attachment,UPLOAD,NONE,GAP,"",admin/Quotations/quotation_attachment
Quotations,quotations,clear_signature,ACTION,NONE,GAP,"",admin/Quotations/clear_signature
Quotations,quotations,update_number_settings,ACTION,NONE,GAP,"",admin/Quotations/update_number_settings
Quotations,quotations,validate_quotation_number,ACTION,NONE,GAP,"",admin/Quotations/validate_quotation_number
Quotations,quotations,delete_attachment,DELETE,NONE,GAP,"",admin/Quotations/delete_attachment
Quotations,quotations,get_quotation_data_ajax,VALIDATE,NONE,GAP,"",admin/Quotations/get_quotation_data_ajax
Quotations,quotations,ag_get_quotation_data_ajax,ACTION,NONE,GAP,"",admin/Quotations/ag_get_quotation_data_ajax
Quotations,quotations,file_quotation,ACTION,NONE,GAP,"",admin/Quotations/file_quotation
Quotations,quotations,get_quotations_total,VALIDATE,NONE,GAP,"",admin/Quotations/get_quotations_total
Quotations,quotations,add_note,ACTION,NONE,GAP,"",admin/Quotations/add_note
Quotations,quotations,get_notes,VALIDATE,NONE,GAP,"",admin/Quotations/get_notes
Quotations,quotations,mark_action_status,ACTION,NONE,GAP,"",admin/Quotations/mark_action_status
Quotations,quotations,send_expiry_reminder,ACTION,NONE,GAP,"",admin/Quotations/send_expiry_reminder
Quotations,quotations,send_to_email,ACTION,NONE,GAP,"",admin/Quotations/send_to_email
Quotations,quotations,convert_to_invoice,ACTION,NONE,GAP,"",admin/Quotations/convert_to_invoice
Quotations,quotations,copy,ACTION,NONE,GAP,"",admin/Quotations/copy
Quotations,quotations,clear_acceptance_info,ACTION,NONE,GAP,"",admin/Quotations/clear_acceptance_info
Quotations,quotations,pdf,ACTION,NONE,GAP,"",admin/Quotations/pdf
Quotations,quotations,get_pipeline,VALIDATE,NONE,GAP,"",admin/Quotations/get_pipeline
Quotations,quotations,pipeline_open,ACTION,NONE,GAP,"",admin/Quotations/pipeline_open
Quotations,quotations,update_pipeline,ACTION,NONE,GAP,"",admin/Quotations/update_pipeline
Quotations,quotations,pipeline,ACTION,NONE,GAP,"",admin/Quotations/pipeline
Quotations,quotations,pipeline_load_more,ACTION,NONE,GAP,"",admin/Quotations/pipeline_load_more
Quotations,quotations,set_quotation_pipeline_autoload,ACTION,NONE,GAP,"",admin/Quotations/set_quotation_pipeline_autoload
Quotations,quotations,get_due_date,VALIDATE,NONE,GAP,"",admin/Quotations/get_due_date
Quotations,quotations,add_budget_item,ACTION,NONE,GAP,"",admin/Quotations/add_budget_item
Quotations,quotations,items_table,TAB,NONE,GAP,"",admin/Quotations/items_table
Quotations,quotations,get_table_data_items,VALIDATE,NONE,GAP,"",admin/Quotations/get_table_data_items
Quotations,quotations,get_all_items,VALIDATE,NONE,GAP,"",admin/Quotations/get_all_items
Quotations,quotations,procurement_quotation,ACTION,NONE,GAP,"",admin/Quotations/procurement_quotation
Quotations,quotations,ai_inject,ACTION,NONE,GAP,"",admin/Quotations/ai_inject
Quotations,quotations,ai_inject_process,ACTION,NONE,GAP,"",admin/Quotations/ai_inject_process
Quotations,quotations,ai_inject_status,ACTION,NONE,GAP,"",admin/Quotations/ai_inject_status
Quotations,quotations,ai_inject_save,ACTION,NONE,GAP,"",admin/Quotations/ai_inject_save
Quotations,quotations,ai_inject_create_supplier,ACTION,NONE,GAP,"",admin/Quotations/ai_inject_create_supplier
Quotations,quotations,ai_inject_preview_file,ACTION,NONE,GAP,"",admin/Quotations/ai_inject_preview_file
Quotations,quotations,ai_inject_rerun_ocr,ACTION,NONE,GAP,"",admin/Quotations/ai_inject_rerun_ocr
Quotations,quotations,ai_inject_rerun_gemini_ocr,ACTION,NONE,GAP,"",admin/Quotations/ai_inject_rerun_gemini_ocr
Quotations,quotations,ai_inject_rerun_ollama_ocr,ACTION,NONE,GAP,"",admin/Quotations/ai_inject_rerun_ollama_ocr
Quotations,quotations,ai_inject_save_ocr,ACTION,NONE,GAP,"",admin/Quotations/ai_inject_save_ocr
Quotations,quotations,ai_inject_search_rfqs,ACTION,NONE,GAP,"",admin/Quotations/ai_inject_search_rfqs
Quotations,quotations,ai_inject_match_items,ACTION,NONE,GAP,"",admin/Quotations/ai_inject_match_items
Quotations,quotations,ai_inject_rerun_matching,ACTION,NONE,GAP,"",admin/Quotations/ai_inject_rerun_matching
Quotations,quotations,save_ai_settings,ACTION,NONE,GAP,"",admin/Quotations/save_ai_settings
Received_Vouchers,received_vouchers,index,LIST,NONE,GAP,"",admin/Received_Vouchers/index
Received_Vouchers,received_vouchers,ag_index,ACTION,NONE,GAP,"",admin/Received_Vouchers/ag_index
Received_Vouchers,received_vouchers,get_table_data,VALIDATE,NONE,GAP,"",admin/Received_Vouchers/get_table_data
Received_Vouchers,received_vouchers,ag_view_voucher,ACTION,NONE,GAP,"",admin/Received_Vouchers/ag_view_voucher
Received_Vouchers,received_vouchers,get_items_table_data,VALIDATE,NONE,GAP,"",admin/Received_Vouchers/get_items_table_data
Received_Vouchers,received_vouchers,ag_prz_voucher,ACTION,NONE,GAP,"",admin/Received_Vouchers/ag_prz_voucher
Received_Vouchers,received_vouchers,ag_delete_voucher,ACTION,NONE,GAP,"",admin/Received_Vouchers/ag_delete_voucher
Received_Vouchers,received_vouchers,table,LIST,NONE,GAP,"",admin/Received_Vouchers/table
Received_Vouchers,received_vouchers,prz_voucher,ACTION,NONE,GAP,"",admin/Received_Vouchers/prz_voucher
Received_Vouchers,received_vouchers,load_related_data,ACTION,NONE,GAP,"",admin/Received_Vouchers/load_related_data
Received_Vouchers,received_vouchers,get_purchase_orders,VALIDATE,NONE,GAP,"",admin/Received_Vouchers/get_purchase_orders
Received_Vouchers,received_vouchers,get_po_details_by_id,VALIDATE,NONE,GAP,"",admin/Received_Vouchers/get_po_details_by_id
Received_Vouchers,received_vouchers,get_item_by_id,VALIDATE,NONE,GAP,"",admin/Received_Vouchers/get_item_by_id
Received_Vouchers,received_vouchers,change_delivery_status,ACTION,NONE,GAP,"",admin/Received_Vouchers/change_delivery_status
Received_Vouchers,received_vouchers,view_voucher,ACTION,NONE,GAP,"",admin/Received_Vouchers/view_voucher
Received_Vouchers,received_vouchers,rv_attachment,UPLOAD,NONE,GAP,"",admin/Received_Vouchers/rv_attachment
Received_Vouchers,received_vouchers,file_przrv,ACTION,NONE,GAP,"",admin/Received_Vouchers/file_przrv
Received_Vouchers,received_vouchers,delete_attachment,DELETE,NONE,GAP,"",admin/Received_Vouchers/delete_attachment
Received_Vouchers,received_vouchers,voucher_stages,ACTION,NONE,GAP,"",admin/Received_Vouchers/voucher_stages
Received_Vouchers,received_vouchers,delete_voucher_stage,DELETE,NONE,GAP,"",admin/Received_Vouchers/delete_voucher_stage
Received_Vouchers,received_vouchers,view_voucher_statusdetail,ACTION,NONE,GAP,"",admin/Received_Vouchers/view_voucher_statusdetail
Received_Vouchers,received_vouchers,add_voucher_status,ACTION,NONE,GAP,"",admin/Received_Vouchers/add_voucher_status
Received_Vouchers,received_vouchers,getthestatusdetail,ACTION,NONE,GAP,"",admin/Received_Vouchers/getthestatusdetail
Received_Vouchers,received_vouchers,getthevoucherstatusapprover,ACTION,NONE,GAP,"",admin/Received_Vouchers/getthevoucherstatusapprover
Received_Vouchers,received_vouchers,delete_voucher_status,DELETE,NONE,GAP,"",admin/Received_Vouchers/delete_voucher_status
Received_Vouchers,received_vouchers,checkStatusAsWhole,ACTION,NONE,GAP,"",admin/Received_Vouchers/checkStatusAsWhole
Received_Vouchers,received_vouchers,submitpurchasereqapproval,ACTION,NONE,GAP,"",admin/Received_Vouchers/submitpurchasereqapproval
Received_Vouchers,received_vouchers,changeCurrentStatus,ACTION,NONE,GAP,"",admin/Received_Vouchers/changeCurrentStatus
Received_Vouchers,received_vouchers,Add_voucher_log,ACTION,NONE,GAP,"",admin/Received_Vouchers/Add_voucher_log
Received_Vouchers,received_vouchers,changestatusoftherv,ACTION,NONE,GAP,"",admin/Received_Vouchers/changestatusoftherv
Received_Vouchers,received_vouchers,findNextApprover,ACTION,NONE,GAP,"",admin/Received_Vouchers/findNextApprover
Received_Vouchers,received_vouchers,GetOverlAllItemsStatusByBudgetID,ACTION,NONE,GAP,"",admin/Received_Vouchers/GetOverlAllItemsStatusByBudgetID
Received_Vouchers,received_vouchers,updatePrzPurchaseitemstatus,ACTION,NONE,GAP,"",admin/Received_Vouchers/updatePrzPurchaseitemstatus
Received_Vouchers,received_vouchers,resubmitstatusofrv,ACTION,NONE,GAP,"",admin/Received_Vouchers/resubmitstatusofrv
Received_Vouchers,received_vouchers,GetOverlAllItemSttaus,ACTION,NONE,GAP,"",admin/Received_Vouchers/GetOverlAllItemSttaus
Received_Vouchers,received_vouchers,cancel_approval,ACTION,NONE,GAP,"",admin/Received_Vouchers/cancel_approval
Received_Vouchers,received_vouchers,cancel_rejection,ACTION,NONE,GAP,"",admin/Received_Vouchers/cancel_rejection
Received_Vouchers,received_vouchers,delete_voucher,DELETE,NONE,GAP,"",admin/Received_Vouchers/delete_voucher
Received_Vouchers,received_vouchers,get_rv_data_ajax,VALIDATE,NONE,GAP,"",admin/Received_Vouchers/get_rv_data_ajax
Received_Vouchers,received_vouchers,pdf,ACTION,NONE,GAP,"",admin/Received_Vouchers/pdf
Received_Vouchers,received_vouchers,get_costcenters_for_po,VALIDATE,NONE,GAP,"",admin/Received_Vouchers/get_costcenters_for_po
Received_Vouchers,received_vouchers,update_status_counters,ACTION,NONE,GAP,"",admin/Received_Vouchers/update_status_counters
Received_Vouchers,received_vouchers,items_table,TAB,NONE,GAP,"",admin/Received_Vouchers/items_table
Received_Vouchers,received_vouchers,refresh_received_voucher_item,ACTION,NONE,GAP,"",admin/Received_Vouchers/refresh_received_voucher_item
Received_Vouchers_Backlog,received_vouchers_backlog,index,LIST,NONE,GAP,"",admin/Received_Vouchers_Backlog/index
Received_Vouchers_Backlog,received_vouchers_backlog,get_table_data,VALIDATE,NONE,GAP,"",admin/Received_Vouchers_Backlog/get_table_data
Received_Vouchers_Backlog,received_vouchers_backlog,create_received_vouchers_redirect,ACTION,NONE,GAP,"",admin/Received_Vouchers_Backlog/create_received_vouchers_redirect
Summary,summary,index,LIST,NONE,GAP,"",admin/Summary/index
Summary,summary,table,LIST,NONE,GAP,"",admin/Summary/table
Summary,summary,ag_index,ACTION,NONE,GAP,"",admin/Summary/ag_index
Summary,summary,get_table_data,VALIDATE,NONE,GAP,"",admin/Summary/get_table_data
Suppliers,suppliers,index,LIST,NONE,GAP,"",admin/Suppliers/index
Suppliers,suppliers,ag_index,ACTION,NONE,GAP,"",admin/Suppliers/ag_index
Suppliers,suppliers,get_table_data,VALIDATE,NONE,GAP,"",admin/Suppliers/get_table_data
Suppliers,suppliers,ag_index_supplier_groups,ACTION,NONE,GAP,"",admin/Suppliers/ag_index_supplier_groups
Suppliers,suppliers,get_supplier_groups_table_data,VALIDATE,NONE,GAP,"",admin/Suppliers/get_supplier_groups_table_data
Suppliers,suppliers,ag_index_contacts,ACTION,NONE,GAP,"",admin/Suppliers/ag_index_contacts
Suppliers,suppliers,get_contacts_table_data,VALIDATE,NONE,GAP,"",admin/Suppliers/get_contacts_table_data
Suppliers,suppliers,ag_supplier,ACTION,NONE,GAP,"",admin/Suppliers/ag_supplier
Suppliers,suppliers,ag_supplier_group,ACTION,NONE,GAP,"",admin/Suppliers/ag_supplier_group
Suppliers,suppliers,ag_groups,ACTION,NONE,GAP,"",admin/Suppliers/ag_groups
Suppliers,suppliers,get_supplier_contacts_table_data,VALIDATE,NONE,GAP,"",admin/Suppliers/get_supplier_contacts_table_data
Suppliers,suppliers,ag_delete_contact,ACTION,NONE,GAP,"",admin/Suppliers/ag_delete_contact
Suppliers,suppliers,ag_delete_supplier,ACTION,NONE,GAP,"",admin/Suppliers/ag_delete_supplier
Suppliers,suppliers,table,LIST,NONE,GAP,"",admin/Suppliers/table
Suppliers,suppliers,supplier,ACTION,NONE,GAP,"",admin/Suppliers/supplier
Suppliers,suppliers,delete_supplier,DELETE,NONE,GAP,"",admin/Suppliers/delete_supplier
Suppliers,suppliers,contacts,TAB,NONE,GAP,"",admin/Suppliers/contacts
Suppliers,suppliers,all_contacts,LIST,NONE,GAP,"",admin/Suppliers/all_contacts
Suppliers,suppliers,check_email_exist,ACTION,NONE,GAP,"",admin/Suppliers/check_email_exist
Suppliers,suppliers,check_domain_exist,ACTION,NONE,GAP,"",admin/Suppliers/check_domain_exist
Suppliers,suppliers,check_website_exist,ACTION,NONE,GAP,"",admin/Suppliers/check_website_exist
Suppliers,suppliers,check_company_exist,ACTION,NONE,GAP,"",admin/Suppliers/check_company_exist
Suppliers,suppliers,add_note,ACTION,NONE,GAP,"",admin/Suppliers/add_note
Suppliers,suppliers,edit_note,ACTION,NONE,GAP,"",admin/Suppliers/edit_note
Suppliers,suppliers,delete_note,DELETE,NONE,GAP,"",admin/Suppliers/delete_note
Suppliers,suppliers,form_contact,MODAL,NONE,GAP,"",admin/Suppliers/form_contact
Suppliers,suppliers,delete_contact,DELETE,NONE,GAP,"",admin/Suppliers/delete_contact
Suppliers,suppliers,updateStatus,ACTION,NONE,GAP,"",admin/Suppliers/updateStatus
Suppliers,suppliers,change_contact_status,ACTION,NONE,GAP,"",admin/Suppliers/change_contact_status
Suppliers,suppliers,import,IMPORT,NONE,GAP,"",admin/Suppliers/import
Suppliers,suppliers,check_duplicate_company_name,ACTION,NONE,GAP,"",admin/Suppliers/check_duplicate_company_name
Suppliers,suppliers,groups,ACTION,NONE,GAP,"",admin/Suppliers/groups
Suppliers,suppliers,table_suppliers_group,TAB,NONE,GAP,"",admin/Suppliers/table_suppliers_group
Suppliers,suppliers,supplier_group,ACTION,NONE,GAP,"",admin/Suppliers/supplier_group
Suppliers,suppliers,view_parent,ACTION,NONE,GAP,"",admin/Suppliers/view_parent
Suppliers,suppliers,delete_supplier_group,DELETE,NONE,GAP,"",admin/Suppliers/delete_supplier_group
Suppliers,suppliers,update_group,ACTION,NONE,GAP,"",admin/Suppliers/update_group
Suppliers,suppliers,remove_child,ACTION,NONE,GAP,"",admin/Suppliers/remove_child
Suppliers,suppliers,get_supplier_details_by_contact_email,VALIDATE,NONE,GAP,"",admin/Suppliers/get_supplier_details_by_contact_email
Suppliers,suppliers,Add_supplier_log,ACTION,NONE,GAP,"",admin/Suppliers/Add_supplier_log
Suppliers,suppliers,supplier_project_table,TAB,NONE,GAP,"",admin/Suppliers/supplier_project_table
Suppliers,suppliers,supplier_rfqs_table,TAB,NONE,GAP,"",admin/Suppliers/supplier_rfqs_table
Suppliers,suppliers,supplier_quotations_table,TAB,NONE,GAP,"",admin/Suppliers/supplier_quotations_table
Suppliers,suppliers,supplier_quotations_items_table,TAB,NONE,GAP,"",admin/Suppliers/supplier_quotations_items_table
Suppliers,suppliers,get_supplier_rfqs_table_data,VALIDATE,NONE,GAP,"",admin/Suppliers/get_supplier_rfqs_table_data
Suppliers,suppliers,get_supplier_quotations_table_data,VALIDATE,NONE,GAP,"",admin/Suppliers/get_supplier_quotations_table_data
Suppliers,suppliers,get_supplier_quotations_items_table_data,VALIDATE,NONE,GAP,"",admin/Suppliers/get_supplier_quotations_items_table_data
Suppliers,suppliers,supplier_note_table_data,TAB,NONE,GAP,"",admin/Suppliers/supplier_note_table_data
Suppliers,suppliers,edit_note_modal,ACTION,NONE,GAP,"",admin/Suppliers/edit_note_modal
Suppliers,suppliers,update_verification_status,ACTION,NONE,GAP,"",admin/Suppliers/update_verification_status
Supplier_Authentication,supplier_authentication,index,LIST,NONE,GAP,"",admin/Supplier_Authentication/index
Supplier_Authentication,supplier_authentication,admin,ACTION,NONE,GAP,"",admin/Supplier_Authentication/admin
Supplier_Authentication,supplier_authentication,login,ACTION,NONE,GAP,"",admin/Supplier_Authentication/login
Supplier_Authentication,supplier_authentication,data,ACTION,NONE,GAP,"",admin/Supplier_Authentication/data
Supplier_Authentication,supplier_authentication,view,DETAIL,NONE,GAP,"",admin/Supplier_Authentication/view
Supplier_Authentication,supplier_authentication,layout,ACTION,NONE,GAP,"",admin/Supplier_Authentication/layout
Supplier_Authentication,supplier_authentication,register,ACTION,NONE,GAP,"",admin/Supplier_Authentication/register
Supplier_Authentication,supplier_authentication,logout,ACTION,NONE,GAP,"",admin/Supplier_Authentication/logout
Supplier_Authentication,supplier_authentication,forgot_password,ACTION,NONE,GAP,"",admin/Supplier_Authentication/forgot_password
Supplier_Authentication,supplier_authentication,reset_password,ACTION,NONE,GAP,"",admin/Supplier_Authentication/reset_password
Supplier_Portal,supplier_portal,data,ACTION,NONE,GAP,"",admin/Supplier_Portal/data
Supplier_Portal,supplier_portal,view,DETAIL,NONE,GAP,"",admin/Supplier_Portal/view
Supplier_Portal,supplier_portal,layout,ACTION,NONE,GAP,"",admin/Supplier_Portal/layout
Supplier_Portal,supplier_portal,index,LIST,NONE,GAP,"",admin/Supplier_Portal/index
Supplier_Portal,supplier_portal,items,ACTION,NONE,GAP,"",admin/Supplier_Portal/items
Supplier_Portal,supplier_portal,add_update_items,ACTION,NONE,GAP,"",admin/Supplier_Portal/add_update_items
Supplier_Portal,supplier_portal,get_currency,VALIDATE,NONE,GAP,"",admin/Supplier_Portal/get_currency
Supplier_Portal,supplier_portal,create_quotation,ACTION,NONE,GAP,"",admin/Supplier_Portal/create_quotation
Supplier_Portal,supplier_portal,item_details,ACTION,NONE,GAP,"",admin/Supplier_Portal/item_details
Supplier_Portal,supplier_portal,share_item,ACTION,NONE,GAP,"",admin/Supplier_Portal/share_item
Supplier_Portal,supplier_portal,delete_supplier_item,DELETE,NONE,GAP,"",admin/Supplier_Portal/delete_supplier_item
Supplier_Portal,supplier_portal,purchase_request,ACTION,NONE,GAP,"",admin/Supplier_Portal/purchase_request
Supplier_Portal,supplier_portal,view_request,ACTION,NONE,GAP,"",admin/Supplier_Portal/view_request
Supplier_Portal,supplier_portal,przpurchase_attachment,UPLOAD,NONE,GAP,"",admin/Supplier_Portal/przpurchase_attachment
Supplier_Portal,supplier_portal,purchase_order,ACTION,NONE,GAP,"",admin/Supplier_Portal/purchase_order
Supplier_Portal,supplier_portal,view_order,ACTION,NONE,GAP,"",admin/Supplier_Portal/view_order
Supplier_Portal,supplier_portal,po_attachment,UPLOAD,NONE,GAP,"",admin/Supplier_Portal/po_attachment
Supplier_Portal,supplier_portal,delete_po_attachment,DELETE,NONE,GAP,"",admin/Supplier_Portal/delete_po_attachment
Supplier_Portal,supplier_portal,update_delivery_date_on_list,ACTION,NONE,GAP,"",admin/Supplier_Portal/update_delivery_date_on_list
Supplier_Portal,supplier_portal,quotations,ACTION,NONE,GAP,"",admin/Supplier_Portal/quotations
Supplier_Portal,supplier_portal,quotation,ACTION,NONE,GAP,"",admin/Supplier_Portal/quotation
Supplier_Portal,supplier_portal,get_pr_items_by_id,VALIDATE,NONE,GAP,"",admin/Supplier_Portal/get_pr_items_by_id
Supplier_Portal,supplier_portal,view_quotation,ACTION,NONE,GAP,"",admin/Supplier_Portal/view_quotation
Supplier_Portal,supplier_portal,get_taxes_dropdown_template,VALIDATE,NONE,GAP,"",admin/Supplier_Portal/get_taxes_dropdown_template
Supplier_Portal,supplier_portal,get_supplier_item_by_id,VALIDATE,NONE,GAP,"",admin/Supplier_Portal/get_supplier_item_by_id
Supplier_Portal,supplier_portal,delete_quotation,DELETE,NONE,GAP,"",admin/Supplier_Portal/delete_quotation
Supplier_Portal,supplier_portal,profile,DETAIL,NONE,GAP,"",admin/Supplier_Portal/profile
Acounts_chart,acounts_chart,index,LIST,NONE,GAP,"",admin/Acounts_chart/index
Acounts_chart,acounts_chart,buildTree,ACTION,NONE,GAP,"",admin/Acounts_chart/buildTree
Acounts_chart,acounts_chart,index_old,ACTION,NONE,GAP,"",admin/Acounts_chart/index_old
Clients1,clients1,index,LIST,NONE,GAP,"",admin/Clients1/index
Clients1,clients1,table,LIST,NONE,GAP,"",admin/Clients1/table
Clients1,clients1,all_contacts,LIST,NONE,GAP,"",admin/Clients1/all_contacts
Clients1,clients1,client,CREATE,NONE,GAP,"",admin/Clients1/client
Clients1,clients1,export,EXPORT,NONE,GAP,"",admin/Clients1/export
Clients1,clients1,check_duplicate_customer_name,ACTION,NONE,GAP,"",admin/Clients1/check_duplicate_customer_name
Clients1,clients1,save_longitude_and_latitude,ACTION,NONE,GAP,"",admin/Clients1/save_longitude_and_latitude
Clients1,clients1,form_contact,MODAL,NONE,GAP,"",admin/Clients1/form_contact
Clients1,clients1,confirm_registration,ACTION,NONE,GAP,"",admin/Clients1/confirm_registration
Clients1,clients1,update_file_share_visibility,ACTION,NONE,GAP,"",admin/Clients1/update_file_share_visibility
Clients1,clients1,delete_contact_profile_image,DELETE,NONE,GAP,"",admin/Clients1/delete_contact_profile_image
Clients1,clients1,mark_as_active,ACTION,NONE,GAP,"",admin/Clients1/mark_as_active
Clients1,clients1,consents,TAB,NONE,GAP,"",admin/Clients1/consents
Clients1,clients1,update_all_proposal_emails_linked_to_customer,ACTION,NONE,GAP,"",admin/Clients1/update_all_proposal_emails_linked_to_customer
Clients1,clients1,assign_admins,ACTION,NONE,GAP,"",admin/Clients1/assign_admins
Clients1,clients1,delete_customer_admin,DELETE,NONE,GAP,"",admin/Clients1/delete_customer_admin
Clients1,clients1,delete_contact,DELETE,NONE,GAP,"",admin/Clients1/delete_contact
Clients1,clients1,contacts,TAB,NONE,GAP,"",admin/Clients1/contacts
Clients1,clients1,upload_attachment,UPLOAD,NONE,GAP,"",admin/Clients1/upload_attachment
Clients1,clients1,add_external_attachment,UPLOAD,NONE,GAP,"",admin/Clients1/add_external_attachment
Clients1,clients1,delete_attachment,DELETE,NONE,GAP,"",admin/Clients1/delete_attachment
Clients1,clients1,delete,DELETE,NONE,GAP,"",admin/Clients1/delete
Clients1,clients1,login_as_client,ACTION,NONE,GAP,"",admin/Clients1/login_as_client
Clients1,clients1,get_customer_billing_and_shipping_details,VALIDATE,NONE,GAP,"",admin/Clients1/get_customer_billing_and_shipping_details
Clients1,clients1,change_contact_status,ACTION,NONE,GAP,"",admin/Clients1/change_contact_status
Clients1,clients1,change_client_status,ACTION,NONE,GAP,"",admin/Clients1/change_client_status
Clients1,clients1,zip_credit_notes,EXPORT,NONE,GAP,"",admin/Clients1/zip_credit_notes
Clients1,clients1,zip_invoices,EXPORT,NONE,GAP,"",admin/Clients1/zip_invoices
Clients1,clients1,zip_estimates,EXPORT,NONE,GAP,"",admin/Clients1/zip_estimates
Clients1,clients1,zip_payments,EXPORT,NONE,GAP,"",admin/Clients1/zip_payments
Clients1,clients1,import,IMPORT,NONE,GAP,"",admin/Clients1/import
Clients1,clients1,groups,ACTION,NONE,GAP,"",admin/Clients1/groups
Clients1,clients1,group,ACTION,NONE,GAP,"",admin/Clients1/group
Clients1,clients1,delete_group,DELETE,NONE,GAP,"",admin/Clients1/delete_group
Clients1,clients1,bulk_action,BULK,NONE,GAP,"",admin/Clients1/bulk_action
Clients1,clients1,vault_entry_create,ACTION,NONE,GAP,"",admin/Clients1/vault_entry_create
Clients1,clients1,vault_entry_update,ACTION,NONE,GAP,"",admin/Clients1/vault_entry_update
Clients1,clients1,vault_entry_delete,ACTION,NONE,GAP,"",admin/Clients1/vault_entry_delete
Clients1,clients1,vault_encrypt_password,ACTION,NONE,GAP,"",admin/Clients1/vault_encrypt_password
Clients1,clients1,get_vault_entry,VALIDATE,NONE,GAP,"",admin/Clients1/get_vault_entry
Clients1,clients1,statement_pdf,ACTION,NONE,GAP,"",admin/Clients1/statement_pdf
Clients1,clients1,send_statement,ACTION,NONE,GAP,"",admin/Clients1/send_statement
Clients1,clients1,statement,ACTION,NONE,GAP,"",admin/Clients1/statement
Dashboard,dashboard,index,LIST,NONE,GAP,"",admin/Dashboard/index
Expenses,expenses,index,LIST,expenses,YES,"",admin/Expenses/index
Expenses,expenses,index,LIST,expenses,YES,"",admin/Expenses/index
Expenses,expenses,async_expenses,ACTION,expenses,GAP,"",admin/Expenses/async_expenses
Expenses,expenses,list_expenses,ACTION,expenses,GAP,"",admin/Expenses/list_expenses
Expenses,expenses,table,LIST,expenses,YES,"",admin/Expenses/table
Expenses,expenses,expense,ACTION,expenses,GAP,"",admin/Expenses/expense
Expenses,expenses,import,IMPORT,expenses,GAP,"",admin/Expenses/import
Expenses,expenses,bulk_action,BULK,expenses,GAP,"",admin/Expenses/bulk_action
Expenses,expenses,get_expenses_total,VALIDATE,expenses,GAP,"",admin/Expenses/get_expenses_total
Expenses,expenses,pdf,ACTION,expenses,GAP,"",admin/Expenses/pdf
Expenses,expenses,delete,DELETE,expenses,YES,"",admin/Expenses/delete
Expenses,expenses,copy,ACTION,expenses,YES,"",admin/Expenses/copy
Expenses,expenses,convert_to_invoice,ACTION,expenses,GAP,"",admin/Expenses/convert_to_invoice
Expenses,expenses,get_expense_data_ajax,VALIDATE,expenses,GAP,"",admin/Expenses/get_expense_data_ajax
Expenses,expenses,get_customer_change_data,VALIDATE,expenses,GAP,"",admin/Expenses/get_customer_change_data
Expenses,expenses,categories,ACTION,expenses,GAP,"",admin/Expenses/categories
Expenses,expenses,category,ACTION,expenses,GAP,"",admin/Expenses/category
Expenses,expenses,delete_category,DELETE,expenses,YES,"",admin/Expenses/delete_category
Expenses,expenses,add_expense_attachment,UPLOAD,expenses,GAP,"",admin/Expenses/add_expense_attachment
Expenses,expenses,delete_expense_attachment,DELETE,expenses,YES,"",admin/Expenses/delete_expense_attachment
Invoices,invoices,index,LIST,invoices,YES,"",admin/Invoices/index
Invoices,invoices,list_invoices,ACTION,invoices,GAP,"",admin/Invoices/list_invoices
Invoices,invoices,recurring,ACTION,invoices,GAP,"",admin/Invoices/recurring
Invoices,invoices,table,LIST,invoices,YES,"",admin/Invoices/table
Invoices,invoices,client_change_data,ACTION,invoices,GAP,"",admin/Invoices/client_change_data
Invoices,invoices,update_number_settings,ACTION,invoices,GAP,"",admin/Invoices/update_number_settings
Invoices,invoices,validate_invoice_number,ACTION,invoices,GAP,"",admin/Invoices/validate_invoice_number
Invoices,invoices,add_note,ACTION,invoices,GAP,"",admin/Invoices/add_note
Invoices,invoices,get_notes,VALIDATE,invoices,GAP,"",admin/Invoices/get_notes
Invoices,invoices,pause_overdue_reminders,ACTION,invoices,GAP,"",admin/Invoices/pause_overdue_reminders
Invoices,invoices,resume_overdue_reminders,ACTION,invoices,GAP,"",admin/Invoices/resume_overdue_reminders
Invoices,invoices,mark_as_cancelled,ACTION,invoices,GAP,"",admin/Invoices/mark_as_cancelled
Invoices,invoices,unmark_as_cancelled,ACTION,invoices,GAP,"",admin/Invoices/unmark_as_cancelled
Invoices,invoices,copy,ACTION,invoices,GAP,"",admin/Invoices/copy
Invoices,invoices,get_merge_data,VALIDATE,invoices,GAP,"",admin/Invoices/get_merge_data
Invoices,invoices,get_bill_expense_data,VALIDATE,invoices,GAP,"",admin/Invoices/get_bill_expense_data
Invoices,invoices,invoice,ACTION,invoices,GAP,"",admin/Invoices/invoice
Invoices,invoices,get_invoice_data_ajax,VALIDATE,invoices,GAP,"",admin/Invoices/get_invoice_data_ajax
Invoices,invoices,apply_credits,ACTION,invoices,GAP,"",admin/Invoices/apply_credits
Invoices,invoices,get_invoices_total,VALIDATE,invoices,GAP,"",admin/Invoices/get_invoices_total
Invoices,invoices,record_invoice_payment_ajax,ACTION,invoices,GAP,"",admin/Invoices/record_invoice_payment_ajax
Invoices,invoices,record_payment,ACTION,invoices,YES,"",admin/Invoices/record_payment
Invoices,invoices,send_to_email,ACTION,invoices,YES,"",admin/Invoices/send_to_email
Invoices,invoices,delete_payment,DELETE,invoices,YES,"",admin/Invoices/delete_payment
Invoices,invoices,delete,DELETE,invoices,YES,"",admin/Invoices/delete
Invoices,invoices,delete_attachment,DELETE,invoices,YES,"",admin/Invoices/delete_attachment
Invoices,invoices,send_overdue_notice,ACTION,invoices,YES,"",admin/Invoices/send_overdue_notice
Invoices,invoices,pdf,ACTION,invoices,GAP,"",admin/Invoices/pdf
Invoices,invoices,mark_as_sent,ACTION,invoices,GAP,"",admin/Invoices/mark_as_sent
Invoices,invoices,get_due_date,VALIDATE,invoices,GAP,"",admin/Invoices/get_due_date
Invoice_items,items,index,LIST,items,YES,"",admin/Invoice_items/index
Invoice_items,items,table,LIST,items,YES,"",admin/Invoice_items/table
Invoice_items,items,manage,ACTION,items,GAP,"",admin/Invoice_items/manage
Invoice_items,items,import,IMPORT,items,GAP,"",admin/Invoice_items/import
Invoice_items,items,add_group,ACTION,items,GAP,"",admin/Invoice_items/add_group
Invoice_items,items,update_group,ACTION,items,GAP,"",admin/Invoice_items/update_group
Invoice_items,items,delete_group,DELETE,items,YES,"",admin/Invoice_items/delete_group
Invoice_items,items,delete,DELETE,items,YES,"",admin/Invoice_items/delete
Invoice_items,items,bulk_action,BULK,items,GAP,"",admin/Invoice_items/bulk_action
Invoice_items,items,search,ACTION,items,GAP,"",admin/Invoice_items/search
Invoice_items,items,get_item_by_id,VALIDATE,items,GAP,"",admin/Invoice_items/get_item_by_id
Invoice_items,items,copy,ACTION,items,GAP,"",admin/Invoice_items/copy
Paymentmods1,paymentmods1,index,LIST,NONE,GAP,"",admin/Paymentmods1/index
Paymentmods1,paymentmods1,manage,ACTION,NONE,GAP,"",admin/Paymentmods1/manage
Paymentmods1,paymentmods1,delete,DELETE,NONE,GAP,"",admin/Paymentmods1/delete
Paymentmods1,paymentmods1,change_payment_mode_status,ACTION,NONE,GAP,"",admin/Paymentmods1/change_payment_mode_status
Paymentmods1,paymentmods1,change_payment_mode_show_to_client_status,ACTION,NONE,GAP,"",admin/Paymentmods1/change_payment_mode_show_to_client_status
Prz_quickbooks,prz_quickbooks,stats,ACTION,NONE,GAP,"",admin/Prz_quickbooks/stats
Prz_quickbooks,prz_quickbooks,connect,ACTION,NONE,GAP,"",admin/Prz_quickbooks/connect
Prz_quickbooks,prz_quickbooks,disconnect,ACTION,NONE,GAP,"",admin/Prz_quickbooks/disconnect
Prz_quickbooks,prz_quickbooks,test_connection,ACTION,NONE,GAP,"",admin/Prz_quickbooks/test_connection
Prz_quickbooks,prz_quickbooks,settings,ACTION,NONE,GAP,"",admin/Prz_quickbooks/settings
Prz_quickbooks,prz_quickbooks,qb_company,ACTION,NONE,GAP,"",admin/Prz_quickbooks/qb_company
Prz_quickbooks,prz_quickbooks,qb_companies_table,TAB,NONE,GAP,"",admin/Prz_quickbooks/qb_companies_table
Prz_quickbooks,prz_quickbooks,delete_company,DELETE,NONE,GAP,"",admin/Prz_quickbooks/delete_company
Prz_quickbooks,prz_quickbooks,get_qb_companies,VALIDATE,NONE,GAP,"",admin/Prz_quickbooks/get_qb_companies
Prz_quickbooks,prz_quickbooks,accounts,ACTION,NONE,GAP,"",admin/Prz_quickbooks/accounts
Prz_quickbooks,prz_quickbooks,buildTree,ACTION,NONE,GAP,"",admin/Prz_quickbooks/buildTree
Prz_quickbooks,prz_quickbooks,index_old,ACTION,NONE,GAP,"",admin/Prz_quickbooks/index_old
Prz_quickbooks,prz_quickbooks,clients,ACTION,NONE,GAP,"",admin/Prz_quickbooks/clients
Prz_quickbooks,prz_quickbooks,clients_table,TAB,NONE,GAP,"",admin/Prz_quickbooks/clients_table
Prz_quickbooks,prz_quickbooks,client,CREATE,NONE,GAP,"",admin/Prz_quickbooks/client
Prz_quickbooks,prz_quickbooks,get_qb_client,VALIDATE,NONE,GAP,"",admin/Prz_quickbooks/get_qb_client
Prz_quickbooks,prz_quickbooks,push_client_to_qb,ACTION,NONE,GAP,"",admin/Prz_quickbooks/push_client_to_qb
Prz_quickbooks,prz_quickbooks,push_clients_bulk,BULK,NONE,GAP,"",admin/Prz_quickbooks/push_clients_bulk
Prz_quickbooks,prz_quickbooks,unlink_client_from_qb,ACTION,NONE,GAP,"",admin/Prz_quickbooks/unlink_client_from_qb
Prz_quickbooks,prz_quickbooks,unlink_clients_bulk,BULK,NONE,GAP,"",admin/Prz_quickbooks/unlink_clients_bulk
Prz_quickbooks,prz_quickbooks,push_supplier_to_qb,ACTION,NONE,GAP,"",admin/Prz_quickbooks/push_supplier_to_qb
Prz_quickbooks,prz_quickbooks,push_suppliers_bulk,BULK,NONE,GAP,"",admin/Prz_quickbooks/push_suppliers_bulk
Prz_quickbooks,prz_quickbooks,unlink_supplier_from_qb,ACTION,NONE,GAP,"",admin/Prz_quickbooks/unlink_supplier_from_qb
Prz_quickbooks,prz_quickbooks,unlink_suppliers_bulk,BULK,NONE,GAP,"",admin/Prz_quickbooks/unlink_suppliers_bulk
Prz_quickbooks,prz_quickbooks,suppliers,ACTION,NONE,GAP,"",admin/Prz_quickbooks/suppliers
Prz_quickbooks,prz_quickbooks,suppliers_table,TAB,NONE,GAP,"",admin/Prz_quickbooks/suppliers_table
Prz_quickbooks,prz_quickbooks,supplier,ACTION,NONE,GAP,"",admin/Prz_quickbooks/supplier
Prz_quickbooks,prz_quickbooks,get_qb_supplier,VALIDATE,NONE,GAP,"",admin/Prz_quickbooks/get_qb_supplier
Prz_quickbooks,prz_quickbooks,tax_rates,ACTION,NONE,GAP,"",admin/Prz_quickbooks/tax_rates
Prz_quickbooks,prz_quickbooks,tax_rates_table,TAB,NONE,GAP,"",admin/Prz_quickbooks/tax_rates_table
Prz_quickbooks,prz_quickbooks,tax_rate,ACTION,NONE,GAP,"",admin/Prz_quickbooks/tax_rate
Prz_quickbooks,prz_quickbooks,get_qb_tax_rate,VALIDATE,NONE,GAP,"",admin/Prz_quickbooks/get_qb_tax_rate
Prz_quickbooks,prz_quickbooks,link_qb_tax_rate,ACTION,NONE,GAP,"",admin/Prz_quickbooks/link_qb_tax_rate
Prz_quickbooks,prz_quickbooks,push_tax_rate_to_qb,ACTION,NONE,GAP,"",admin/Prz_quickbooks/push_tax_rate_to_qb
Prz_quickbooks,prz_quickbooks,push_tax_rates_bulk,BULK,NONE,GAP,"",admin/Prz_quickbooks/push_tax_rates_bulk
Prz_quickbooks,prz_quickbooks,unlink_tax_rate_from_qb,ACTION,NONE,GAP,"",admin/Prz_quickbooks/unlink_tax_rate_from_qb
Prz_quickbooks,prz_quickbooks,unlink_tax_rates_bulk,BULK,NONE,GAP,"",admin/Prz_quickbooks/unlink_tax_rates_bulk
Prz_quickbooks,prz_quickbooks,currencies,ACTION,NONE,GAP,"",admin/Prz_quickbooks/currencies
Prz_quickbooks,prz_quickbooks,currencies_table,TAB,NONE,GAP,"",admin/Prz_quickbooks/currencies_table
Prz_quickbooks,prz_quickbooks,currency,ACTION,NONE,GAP,"",admin/Prz_quickbooks/currency
Prz_quickbooks,prz_quickbooks,get_qb_currency,VALIDATE,NONE,GAP,"",admin/Prz_quickbooks/get_qb_currency
Prz_quickbooks,prz_quickbooks,link_qb_currency,ACTION,NONE,GAP,"",admin/Prz_quickbooks/link_qb_currency
Prz_quickbooks,prz_quickbooks,push_currency_to_qb,ACTION,NONE,GAP,"",admin/Prz_quickbooks/push_currency_to_qb
Prz_quickbooks,prz_quickbooks,push_currencies_bulk,BULK,NONE,GAP,"",admin/Prz_quickbooks/push_currencies_bulk
Prz_quickbooks,prz_quickbooks,unlink_currency_from_qb,ACTION,NONE,GAP,"",admin/Prz_quickbooks/unlink_currency_from_qb
Prz_quickbooks,prz_quickbooks,unlink_currencies_bulk,BULK,NONE,GAP,"",admin/Prz_quickbooks/unlink_currencies_bulk
Prz_quickbooks,prz_quickbooks,paymentmethods,ACTION,NONE,GAP,"",admin/Prz_quickbooks/paymentmethods
Prz_quickbooks,prz_quickbooks,paymentmethods_table,TAB,NONE,GAP,"",admin/Prz_quickbooks/paymentmethods_table
Prz_quickbooks,prz_quickbooks,paymentmethod,ACTION,NONE,GAP,"",admin/Prz_quickbooks/paymentmethod
Prz_quickbooks,prz_quickbooks,get_qb_paymentmethod,VALIDATE,NONE,GAP,"",admin/Prz_quickbooks/get_qb_paymentmethod
Prz_quickbooks,prz_quickbooks,link_qb_paymentmethod,ACTION,NONE,GAP,"",admin/Prz_quickbooks/link_qb_paymentmethod
Prz_quickbooks,prz_quickbooks,link_qb_project,ACTION,NONE,GAP,"",admin/Prz_quickbooks/link_qb_project
Prz_quickbooks,prz_quickbooks,de_link_qb_project,ACTION,NONE,GAP,"",admin/Prz_quickbooks/de_link_qb_project
Prz_quickbooks,prz_quickbooks,sync_employees,ACTION,NONE,GAP,"",admin/Prz_quickbooks/sync_employees
Prz_quickbooks,prz_quickbooks,check_staff_page,ACTION,NONE,GAP,"",admin/Prz_quickbooks/check_staff_page
Prz_quickbooks,prz_quickbooks,qb_items_table,TAB,NONE,GAP,"",admin/Prz_quickbooks/qb_items_table
Prz_quickbooks,prz_quickbooks,items,ACTION,NONE,GAP,"",admin/Prz_quickbooks/items
Prz_quickbooks,prz_quickbooks,link_qb_item,ACTION,NONE,GAP,"",admin/Prz_quickbooks/link_qb_item
Prz_quickbooks,prz_quickbooks,search_prizm_items,ACTION,NONE,GAP,"",admin/Prz_quickbooks/search_prizm_items
Prz_quickbooks,prz_quickbooks,unmap_qb_item,ACTION,NONE,GAP,"",admin/Prz_quickbooks/unmap_qb_item
Prz_quickbooks,prz_quickbooks,qb_invoices,ACTION,NONE,GAP,"",admin/Prz_quickbooks/qb_invoices
Prz_quickbooks,prz_quickbooks,qb_invoice_table,TAB,NONE,GAP,"",admin/Prz_quickbooks/qb_invoice_table
Prz_quickbooks,prz_quickbooks,qb_invoices_aggrid,ACTION,NONE,GAP,"",admin/Prz_quickbooks/qb_invoices_aggrid
Prz_quickbooks,prz_quickbooks,manage_qb_invoices_line_items,ACTION,NONE,GAP,"",admin/Prz_quickbooks/manage_qb_invoices_line_items
Prz_quickbooks,prz_quickbooks,qb_invoices_line_items,ACTION,NONE,GAP,"",admin/Prz_quickbooks/qb_invoices_line_items
Prz_quickbooks,prz_quickbooks,map_qb_invoices,ACTION,NONE,GAP,"",admin/Prz_quickbooks/map_qb_invoices
Prz_quickbooks,prz_quickbooks,save_invoice_mapping,ACTION,NONE,GAP,"",admin/Prz_quickbooks/save_invoice_mapping
Prz_quickbooks,prz_quickbooks,get_unmapped_invoices,VALIDATE,NONE,GAP,"",admin/Prz_quickbooks/get_unmapped_invoices
Prz_quickbooks,prz_quickbooks,get_invoice_mappings,VALIDATE,NONE,GAP,"",admin/Prz_quickbooks/get_invoice_mappings
Prz_quickbooks,prz_quickbooks,unmap_invoice,ACTION,NONE,GAP,"",admin/Prz_quickbooks/unmap_invoice
Prz_quickbooks,prz_quickbooks,search_items,ACTION,NONE,GAP,"",admin/Prz_quickbooks/search_items
Prz_quickbooks,prz_quickbooks,update_invoice_line_item,ACTION,NONE,GAP,"",admin/Prz_quickbooks/update_invoice_line_item
Prz_quickbooks,prz_quickbooks,purchase_orders,ACTION,NONE,GAP,"",admin/Prz_quickbooks/purchase_orders
Prz_quickbooks,prz_quickbooks,purchase_orders_table,TAB,NONE,GAP,"",admin/Prz_quickbooks/purchase_orders_table
Prz_quickbooks,prz_quickbooks,debug_po,ACTION,NONE,GAP,"",admin/Prz_quickbooks/debug_po
Prz_quickbooks,prz_quickbooks,pull_purchase_orders_from_qb,ACTION,NONE,GAP,"",admin/Prz_quickbooks/pull_purchase_orders_from_qb
Prz_quickbooks,prz_quickbooks,push_perfex_pos_to_qb,ACTION,NONE,GAP,"",admin/Prz_quickbooks/push_perfex_pos_to_qb
Prz_quickbooks,prz_quickbooks,map_purchase_orders,ACTION,NONE,GAP,"",admin/Prz_quickbooks/map_purchase_orders
Prz_quickbooks,prz_quickbooks,save_po_mapping,ACTION,NONE,GAP,"",admin/Prz_quickbooks/save_po_mapping
Prz_quickbooks,prz_quickbooks,get_unmapped_pos,VALIDATE,NONE,GAP,"",admin/Prz_quickbooks/get_unmapped_pos
Prz_quickbooks,prz_quickbooks,get_po_mappings,VALIDATE,NONE,GAP,"",admin/Prz_quickbooks/get_po_mappings
Prz_quickbooks,prz_quickbooks,unmap_po,ACTION,NONE,GAP,"",admin/Prz_quickbooks/unmap_po
Prz_quickbooks,prz_quickbooks,get_pushable_pos,VALIDATE,NONE,GAP,"",admin/Prz_quickbooks/get_pushable_pos
Prz_quickbooks,prz_quickbooks,get_unmapped_qb_invoices_aggrid,VALIDATE,NONE,GAP,"",admin/Prz_quickbooks/get_unmapped_qb_invoices_aggrid
Prz_quickbooks,prz_quickbooks,get_perfex_invoices_aggrid,VALIDATE,NONE,GAP,"",admin/Prz_quickbooks/get_perfex_invoices_aggrid
Prz_quickbook_callback,prz_quickbook_callback,callback,ACTION,NONE,GAP,"",admin/Prz_quickbook_callback/callback
Suppliers1,suppliers1,index,LIST,NONE,GAP,"",admin/Suppliers1/index
Taxes1,taxes1,index,LIST,NONE,GAP,"",admin/Taxes1/index
Authentication_candidate,authentication_candidate,index,LIST,NONE,GAP,"",admin/Authentication_candidate/index
Authentication_candidate,authentication_candidate,admin,ACTION,NONE,GAP,"",admin/Authentication_candidate/admin
Authentication_candidate,authentication_candidate,login,ACTION,NONE,GAP,"",admin/Authentication_candidate/login
Authentication_candidate,authentication_candidate,register,ACTION,NONE,GAP,"",admin/Authentication_candidate/register
Authentication_candidate,authentication_candidate,forgot_password,ACTION,NONE,GAP,"",admin/Authentication_candidate/forgot_password
Authentication_candidate,authentication_candidate,reset_password,ACTION,NONE,GAP,"",admin/Authentication_candidate/reset_password
Authentication_candidate,authentication_candidate,logout,ACTION,NONE,GAP,"",admin/Authentication_candidate/logout
Authentication_candidate,authentication_candidate,contact_email_exists,ACTION,NONE,GAP,"",admin/Authentication_candidate/contact_email_exists
Authentication_candidate,authentication_candidate,recaptcha,ACTION,NONE,GAP,"",admin/Authentication_candidate/recaptcha
Authentication_candidate,authentication_candidate,layout,ACTION,NONE,GAP,"",admin/Authentication_candidate/layout
Authentication_candidate,authentication_candidate,data,ACTION,NONE,GAP,"",admin/Authentication_candidate/data
Authentication_candidate,authentication_candidate,view,DETAIL,NONE,GAP,"",admin/Authentication_candidate/view
Authentication_candidate,authentication_candidate,title,ACTION,NONE,GAP,"",admin/Authentication_candidate/title
Authentication_candidate,authentication_candidate,disableNavigation,ACTION,NONE,GAP,"",admin/Authentication_candidate/disableNavigation
Authentication_candidate,authentication_candidate,disableSubMenu,ACTION,NONE,GAP,"",admin/Authentication_candidate/disableSubMenu
Authentication_candidate,authentication_candidate,disableFooter,ACTION,NONE,GAP,"",admin/Authentication_candidate/disableFooter
Forms,forms,index,LIST,NONE,GAP,"",admin/Forms/index
Forms,forms,wtl,ACTION,NONE,GAP,"",admin/Forms/wtl
Forms,forms,l,ACTION,NONE,GAP,"",admin/Forms/l
Forms,forms,ticket,ACTION,NONE,GAP,"",admin/Forms/ticket
Forms,forms,add_candidate_form_recruitment_channel,ACTION,NONE,GAP,"",admin/Forms/add_candidate_form_recruitment_channel
Gtsverify,gtsverify,index,LIST,NONE,GAP,"",admin/Gtsverify/index
Gtsverify,gtsverify,activate,ACTION,NONE,GAP,"",admin/Gtsverify/activate
Recruitment,recruitment,setting,ACTION,NONE,GAP,"",admin/Recruitment/setting
Recruitment,recruitment,job_position,ACTION,NONE,GAP,"",admin/Recruitment/job_position
Recruitment,recruitment,delete_job_position,DELETE,NONE,GAP,"",admin/Recruitment/delete_job_position
Recruitment,recruitment,recruitment_proposal,ACTION,NONE,GAP,"",admin/Recruitment/recruitment_proposal
Recruitment,recruitment,proposal,ACTION,NONE,GAP,"",admin/Recruitment/proposal
Recruitment,recruitment,delete_recruitment_proposal,DELETE,NONE,GAP,"",admin/Recruitment/delete_recruitment_proposal
Recruitment,recruitment,table_proposal,TAB,NONE,GAP,"",admin/Recruitment/table_proposal
Recruitment,recruitment,table_campaign,TAB,NONE,GAP,"",admin/Recruitment/table_campaign
Recruitment,recruitment,get_proposal_data_ajax,VALIDATE,NONE,GAP,"",admin/Recruitment/get_proposal_data_ajax
Recruitment,recruitment,delete_proposal_attachment,DELETE,NONE,GAP,"",admin/Recruitment/delete_proposal_attachment
Recruitment,recruitment,file,ACTION,NONE,GAP,"",admin/Recruitment/file
Recruitment,recruitment,approve_reject_proposal,ACTION,NONE,GAP,"",admin/Recruitment/approve_reject_proposal
Recruitment,recruitment,recruitment_campaign,ACTION,NONE,GAP,"",admin/Recruitment/recruitment_campaign
Recruitment,recruitment,campaign,ACTION,NONE,GAP,"",admin/Recruitment/campaign
Recruitment,recruitment,delete_recruitment_campaign,DELETE,NONE,GAP,"",admin/Recruitment/delete_recruitment_campaign
Recruitment,recruitment,campaign_code_exists,ACTION,NONE,GAP,"",admin/Recruitment/campaign_code_exists
Recruitment,recruitment,get_campaign_data_ajax,VALIDATE,NONE,GAP,"",admin/Recruitment/get_campaign_data_ajax
Recruitment,recruitment,campaign_file,ACTION,NONE,GAP,"",admin/Recruitment/campaign_file
Recruitment,recruitment,delete_campaign_attachment,DELETE,NONE,GAP,"",admin/Recruitment/delete_campaign_attachment
Recruitment,recruitment,candidate_profile,ACTION,NONE,GAP,"",admin/Recruitment/candidate_profile
Recruitment,recruitment,candidates,ACTION,NONE,GAP,"",admin/Recruitment/candidates
Recruitment,recruitment,add_update_candidate,ACTION,NONE,GAP,"",admin/Recruitment/add_update_candidate
Recruitment,recruitment,table_candidates,TAB,NONE,GAP,"",admin/Recruitment/table_candidates
Recruitment,recruitment,change_status_campaign,ACTION,NONE,GAP,"",admin/Recruitment/change_status_campaign
Recruitment,recruitment,candidate_code_exists,ACTION,NONE,GAP,"",admin/Recruitment/candidate_code_exists
Recruitment,recruitment,candidate_email_exists,ACTION,NONE,GAP,"",admin/Recruitment/candidate_email_exists
Recruitment,recruitment,interview_schedule,ACTION,NONE,GAP,"",admin/Recruitment/interview_schedule
Recruitment,recruitment,get_candidate_infor_change,VALIDATE,NONE,GAP,"",admin/Recruitment/get_candidate_infor_change
Recruitment,recruitment,interview_schedules,ACTION,NONE,GAP,"",admin/Recruitment/interview_schedules
Recruitment,recruitment,delete_candidate,DELETE,NONE,GAP,"",admin/Recruitment/delete_candidate
Recruitment,recruitment,table_interview,TAB,NONE,GAP,"",admin/Recruitment/table_interview
Recruitment,recruitment,candidate,ACTION,NONE,GAP,"",admin/Recruitment/candidate
Recruitment,recruitment,candidate_file,ACTION,NONE,GAP,"",admin/Recruitment/candidate_file
Recruitment,recruitment,delete_candidate_attachment,DELETE,NONE,GAP,"",admin/Recruitment/delete_candidate_attachment
Recruitment,recruitment,care_candidate,ACTION,NONE,GAP,"",admin/Recruitment/care_candidate
Recruitment,recruitment,rating_candidate,ACTION,NONE,GAP,"",admin/Recruitment/rating_candidate
Recruitment,recruitment,send_mail_candidate,ACTION,NONE,GAP,"",admin/Recruitment/send_mail_candidate
Recruitment,recruitment,send_mail_list_candidate,ACTION,NONE,GAP,"",admin/Recruitment/send_mail_list_candidate
Recruitment,recruitment,check_time_interview,ACTION,NONE,GAP,"",admin/Recruitment/check_time_interview
Recruitment,recruitment,get_candidate_edit_interview,VALIDATE,NONE,GAP,"",admin/Recruitment/get_candidate_edit_interview
Recruitment,recruitment,delete_interview_schedule,DELETE,NONE,GAP,"",admin/Recruitment/delete_interview_schedule
Recruitment,recruitment,get_interview_data_ajax,VALIDATE,NONE,GAP,"",admin/Recruitment/get_interview_data_ajax
Recruitment,recruitment,evaluation_criteria,ACTION,NONE,GAP,"",admin/Recruitment/evaluation_criteria
Recruitment,recruitment,delete_evaluation_criteria,DELETE,NONE,GAP,"",admin/Recruitment/delete_evaluation_criteria
Recruitment,recruitment,get_criteria_by_group,VALIDATE,NONE,GAP,"",admin/Recruitment/get_criteria_by_group
Recruitment,recruitment,evaluation_form,ACTION,NONE,GAP,"",admin/Recruitment/evaluation_form
Recruitment,recruitment,delete_evaluation_form,DELETE,NONE,GAP,"",admin/Recruitment/delete_evaluation_form
Recruitment,recruitment,get_list_criteria_edit,VALIDATE,NONE,GAP,"",admin/Recruitment/get_list_criteria_edit
Recruitment,recruitment,change_status_candidate,ACTION,NONE,GAP,"",admin/Recruitment/change_status_candidate
Recruitment,recruitment,change_send_to,ACTION,NONE,GAP,"",admin/Recruitment/change_send_to
Recruitment,recruitment,setting_tranfer,ACTION,NONE,GAP,"",admin/Recruitment/setting_tranfer
Recruitment,recruitment,delete_setting_tranfer,DELETE,NONE,GAP,"",admin/Recruitment/delete_setting_tranfer
Recruitment,recruitment,transfer_to_hr,ACTION,NONE,GAP,"",admin/Recruitment/transfer_to_hr
Recruitment,recruitment,transfer_hr,ACTION,NONE,GAP,"",admin/Recruitment/transfer_hr
Recruitment,recruitment,action_transfer_hr,ACTION,NONE,GAP,"",admin/Recruitment/action_transfer_hr
Recruitment,recruitment,dashboard,ACTION,NONE,GAP,"",admin/Recruitment/dashboard
Recruitment,recruitment,get_recruitment_proposal_edit,VALIDATE,NONE,GAP,"",admin/Recruitment/get_recruitment_proposal_edit
Recruitment,recruitment,get_recruitment_campaign_edit,VALIDATE,NONE,GAP,"",admin/Recruitment/get_recruitment_campaign_edit
Recruitment,recruitment,get_tranfer_personnel_edit,VALIDATE,NONE,GAP,"",admin/Recruitment/get_tranfer_personnel_edit
Recruitment,recruitment,recruitment_channel,ACTION,NONE,GAP,"",admin/Recruitment/recruitment_channel
Recruitment,recruitment,add_edit_recruitment_channel,ACTION,NONE,GAP,"",admin/Recruitment/add_edit_recruitment_channel
Recruitment,recruitment,table_recruitment_channel,TAB,NONE,GAP,"",admin/Recruitment/table_recruitment_channel
Recruitment,recruitment,delete_recruitment_channel,DELETE,NONE,GAP,"",admin/Recruitment/delete_recruitment_channel
Recruitment,recruitment,get_recruitment_channel_data_ajax,VALIDATE,NONE,GAP,"",admin/Recruitment/get_recruitment_channel_data_ajax
Recruitment,recruitment,add_candidate_form_recruitment_channel,ACTION,NONE,GAP,"",admin/Recruitment/add_candidate_form_recruitment_channel
Recruitment,recruitment,calendar_interview_schedule,ACTION,NONE,GAP,"",admin/Recruitment/calendar_interview_schedule
Recruitment,recruitment,get_calendar_interview_schedule_data,VALIDATE,NONE,GAP,"",admin/Recruitment/get_calendar_interview_schedule_data
Recruitment,recruitment,switch_kanban,ACTION,NONE,GAP,"",admin/Recruitment/switch_kanban
Recruitment,recruitment,kanban,ACTION,NONE,GAP,"",admin/Recruitment/kanban
Recruitment,recruitment,recruitment_kanban_load_more,ACTION,NONE,GAP,"",admin/Recruitment/recruitment_kanban_load_more
Recruitment,recruitment,candidate_change_status,ACTION,NONE,GAP,"",admin/Recruitment/candidate_change_status
Recruitment,recruitment,skill,ACTION,NONE,GAP,"",admin/Recruitment/skill
Recruitment,recruitment,delete_skill,DELETE,NONE,GAP,"",admin/Recruitment/delete_skill
Recruitment,recruitment,get_position_fill_data,VALIDATE,NONE,GAP,"",admin/Recruitment/get_position_fill_data
Recruitment,recruitment,recruitment_campaign_setting,ACTION,NONE,GAP,"",admin/Recruitment/recruitment_campaign_setting
Recruitment,recruitment,company_add_edit,ACTION,NONE,GAP,"",admin/Recruitment/company_add_edit
Recruitment,recruitment,add_company_attachment,UPLOAD,NONE,GAP,"",admin/Recruitment/add_company_attachment
Recruitment,recruitment,get_company_file_url,VALIDATE,NONE,GAP,"",admin/Recruitment/get_company_file_url
Recruitment,recruitment,delete_company_file,DELETE,NONE,GAP,"",admin/Recruitment/delete_company_file
Recruitment,recruitment,delete_company,DELETE,NONE,GAP,"",admin/Recruitment/delete_company
Recruitment,recruitment,industry,ACTION,NONE,GAP,"",admin/Recruitment/industry
Recruitment,recruitment,delete_industry,DELETE,NONE,GAP,"",admin/Recruitment/delete_industry
Recruitment,recruitment,delete_transfer_personnal_attachment_file,DELETE,NONE,GAP,"",admin/Recruitment/delete_transfer_personnal_attachment_file
Recruitment,recruitment,re_preview_transfer_personnal_file,ACTION,NONE,GAP,"",admin/Recruitment/re_preview_transfer_personnal_file
Recruitment,recruitment,get_candidate_sample,VALIDATE,NONE,GAP,"",admin/Recruitment/get_candidate_sample
Recruitment,recruitment,item_print_candidate,ACTION,NONE,GAP,"",admin/Recruitment/item_print_candidate
Recruitment,recruitment,get_criteria_group,VALIDATE,NONE,GAP,"",admin/Recruitment/get_criteria_group
Recruitment,recruitment,duplicate_recruitment_channel,ACTION,NONE,GAP,"",admin/Recruitment/duplicate_recruitment_channel
Recruitment,recruitment,re_add_activity,ACTION,NONE,GAP,"",admin/Recruitment/re_add_activity
Recruitment,recruitment,delete_activitylog,DELETE,NONE,GAP,"",admin/Recruitment/delete_activitylog
Recruitment,recruitment,send_interview_schedule,ACTION,NONE,GAP,"",admin/Recruitment/send_interview_schedule
Recruitment,recruitment,get_recruitment_campaign_add,VALIDATE,NONE,GAP,"",admin/Recruitment/get_recruitment_campaign_add
Recruitment,recruitment,get_recruitment_proposal_add,VALIDATE,NONE,GAP,"",admin/Recruitment/get_recruitment_proposal_add
Recruitment,recruitment,prefix_number,ACTION,NONE,GAP,"",admin/Recruitment/prefix_number
Recruitment,recruitment,re_status_mark_as,ACTION,NONE,GAP,"",admin/Recruitment/re_status_mark_as
Recruitment,recruitment,import_candidate,ACTION,NONE,GAP,"",admin/Recruitment/import_candidate
Recruitment,recruitment,import_file_xlsx_candidate,ACTION,NONE,GAP,"",admin/Recruitment/import_file_xlsx_candidate
Recruitment,recruitment,rec_delete_error_file_day_before,ACTION,NONE,GAP,"",admin/Recruitment/rec_delete_error_file_day_before
Recruitment_portal,recruitment_portal,index,LIST,NONE,GAP,"",admin/Recruitment_portal/index
Recruitment_portal,recruitment_portal,job_detail,ACTION,NONE,GAP,"",admin/Recruitment_portal/job_detail
Recruitment_portal,recruitment_portal,search_job,ACTION,NONE,GAP,"",admin/Recruitment_portal/search_job
Recruitment_portal,recruitment_portal,show_more_job,ACTION,NONE,GAP,"",admin/Recruitment_portal/show_more_job
Recruitment_portal,recruitment_portal,job_live_search,ACTION,NONE,GAP,"",admin/Recruitment_portal/job_live_search
Recruitment_portal,recruitment_portal,send_mail_list_candidate,ACTION,NONE,GAP,"",admin/Recruitment_portal/send_mail_list_candidate
Recruitment_portal,recruitment_portal,profile,DETAIL,NONE,GAP,"",admin/Recruitment_portal/profile
Recruitment_portal,recruitment_portal,applied_jobs,ACTION,NONE,GAP,"",admin/Recruitment_portal/applied_jobs
Recruitment_portal,recruitment_portal,applied_now,ACTION,NONE,GAP,"",admin/Recruitment_portal/applied_now
Recruitment_portal,recruitment_portal,interview_schedules,ACTION,NONE,GAP,"",admin/Recruitment_portal/interview_schedules
Recruitment_portal,recruitment_portal,remove_profile_image,ACTION,NONE,GAP,"",admin/Recruitment_portal/remove_profile_image
Recruitment_portal,recruitment_portal,remove_candidate_cv,ACTION,NONE,GAP,"",admin/Recruitment_portal/remove_candidate_cv
Recruitment_portal,recruitment_portal,candidate_file,ACTION,NONE,GAP,"",admin/Recruitment_portal/candidate_file
Recruitment_portal,recruitment_portal,delete_applied_job,DELETE,NONE,GAP,"",admin/Recruitment_portal/delete_applied_job
Recruitment_portal,recruitment_portal,gdpr,ACTION,NONE,GAP,"",admin/Recruitment_portal/gdpr
Recruitment_portal,recruitment_portal,tem_and_conditions,ACTION,NONE,GAP,"",admin/Recruitment_portal/tem_and_conditions
Recruitment_portal,recruitment_portal,candidate_consent,ACTION,NONE,GAP,"",admin/Recruitment_portal/candidate_consent
Recruitment_portal,recruitment_portal,set_notifications_read,ACTION,NONE,GAP,"",admin/Recruitment_portal/set_notifications_read
Recruitment_portal,recruitment_portal,set_notification_read_inline,ACTION,NONE,GAP,"",admin/Recruitment_portal/set_notification_read_inline
Recruitment_portal,recruitment_portal,set_desktop_notification_read,ACTION,NONE,GAP,"",admin/Recruitment_portal/set_desktop_notification_read
Recruitment_portal,recruitment_portal,mark_all_notifications_as_read_inline,ACTION,NONE,GAP,"",admin/Recruitment_portal/mark_all_notifications_as_read_inline
Recruitment_portal,recruitment_portal,notifications_check,ACTION,NONE,GAP,"",admin/Recruitment_portal/notifications_check
Recruitment_portal,recruitment_portal,notifications_detail,ACTION,NONE,GAP,"",admin/Recruitment_portal/notifications_detail
Recruitment_portal,recruitment_portal,notifications,ACTION,NONE,GAP,"",admin/Recruitment_portal/notifications
Recruitment_portal,recruitment_portal,layout,ACTION,NONE,GAP,"",admin/Recruitment_portal/layout
Recruitment_portal,recruitment_portal,data,ACTION,NONE,GAP,"",admin/Recruitment_portal/data
Recruitment_portal,recruitment_portal,view,DETAIL,NONE,GAP,"",admin/Recruitment_portal/view
Recruitment_portal,recruitment_portal,title,ACTION,NONE,GAP,"",admin/Recruitment_portal/title
Recruitment_portal,recruitment_portal,disableNavigation,ACTION,NONE,GAP,"",admin/Recruitment_portal/disableNavigation
Recruitment_portal,recruitment_portal,disableSubMenu,ACTION,NONE,GAP,"",admin/Recruitment_portal/disableSubMenu
Recruitment_portal,recruitment_portal,disableFooter,ACTION,NONE,GAP,"",admin/Recruitment_portal/disableFooter
Report_designer,report_designer,index,LIST,NONE,GAP,"",admin/Report_designer/index
Report_designer,report_designer,designer,ACTION,NONE,GAP,"",admin/Report_designer/designer
Report_designer,report_designer,table,LIST,NONE,GAP,"",admin/Report_designer/table
Report_designer,report_designer,run_query,ACTION,NONE,GAP,"",admin/Report_designer/run_query
Report_designer,report_designer,save_template,ACTION,NONE,GAP,"",admin/Report_designer/save_template
Report_designer,report_designer,delete,DELETE,NONE,GAP,"",admin/Report_designer/delete
Api,api,enqueue_rfq_emails,ACTION,NONE,GAP,"",admin/Api/enqueue_rfq_emails
Api,api,process_rfq_classify_queue,ACTION,NONE,GAP,"",admin/Api/process_rfq_classify_queue
Api,api,run_rfq_ai_master,ACTION,NONE,GAP,"",admin/Api/run_rfq_ai_master
Api,api,enqueue_proc_emails,ACTION,NONE,GAP,"",admin/Api/enqueue_proc_emails
Api,api,process_proc_classify_queue,ACTION,NONE,GAP,"",admin/Api/process_proc_classify_queue
Api,api,run_proc_ai_master,ACTION,NONE,GAP,"",admin/Api/run_proc_ai_master
Api,api,analyze_quotations,ACTION,NONE,GAP,"",admin/Api/analyze_quotations
Api,api,enqueue_quotation_analysis,ACTION,NONE,GAP,"",admin/Api/enqueue_quotation_analysis
Api,api,process_quotation_analysis_queue,ACTION,NONE,GAP,"",admin/Api/process_quotation_analysis_queue
Api,api,analyze_proc_quotations,ACTION,NONE,GAP,"",admin/Api/analyze_proc_quotations
Api,api,enqueue_proc_quotation_analysis,ACTION,NONE,GAP,"",admin/Api/enqueue_proc_quotation_analysis
Api,api,process_proc_quotation_analysis_queue,ACTION,NONE,GAP,"",admin/Api/process_proc_quotation_analysis_queue
Audit_logs,audit_logs,index,LIST,NONE,GAP,"",admin/Audit_logs/index
Audit_logs,audit_logs,get_data,VALIDATE,NONE,GAP,"",admin/Audit_logs/get_data
Audit_logs,audit_logs,get_stats,VALIDATE,NONE,GAP,"",admin/Audit_logs/get_stats
Audit_logs,audit_logs,get_payload,VALIDATE,NONE,GAP,"",admin/Audit_logs/get_payload
Auto_rfq,auto_rfq,supplier,ACTION,NONE,GAP,"",admin/Auto_rfq/supplier
Auto_rfq,auto_rfq,add_supplier,ACTION,NONE,GAP,"",admin/Auto_rfq/add_supplier
Auto_rfq,auto_rfq,sendAutoInquery,ACTION,NONE,GAP,"",admin/Auto_rfq/sendAutoInquery
Auto_rfq,auto_rfq,file,ACTION,NONE,GAP,"",admin/Auto_rfq/file
Component,component,index,LIST,NONE,GAP,"",admin/Component/index
Component,component,create,CREATE,NONE,GAP,"",admin/Component/create
Component,component,edit,EDIT,NONE,GAP,"",admin/Component/edit
Component,component,manage,ACTION,NONE,GAP,"",admin/Component/manage
Component,component,table,LIST,NONE,GAP,"",admin/Component/table
Component,component,view,DETAIL,NONE,GAP,"",admin/Component/view
Dashboard,dashboard,index,LIST,NONE,GAP,"",admin/Dashboard/index
Dashboard,dashboard,dashboard,ACTION,NONE,GAP,"",admin/Dashboard/dashboard
Dashboard,dashboard,suppliers,ACTION,NONE,GAP,"",admin/Dashboard/suppliers
Dashboard,dashboard,supplier,ACTION,NONE,GAP,"",admin/Dashboard/supplier
Dashboard,dashboard,contact,ACTION,NONE,GAP,"",admin/Dashboard/contact
Dashboard,dashboard,users,ACTION,NONE,GAP,"",admin/Dashboard/users
Dashboard,dashboard,rfq_user,ACTION,NONE,GAP,"",admin/Dashboard/rfq_user
Dashboard,dashboard,about,ACTION,NONE,GAP,"",admin/Dashboard/about
Dashboard,dashboard,supplier_table,TAB,NONE,GAP,"",admin/Dashboard/supplier_table
Dashboard,dashboard,suppliers_table,TAB,NONE,GAP,"",admin/Dashboard/suppliers_table
Dashboard,dashboard,usertable,TAB,NONE,GAP,"",admin/Dashboard/usertable
Dashboard,dashboard,usersTable,TAB,NONE,GAP,"",admin/Dashboard/usersTable
Dashboard,dashboard,index,LIST,NONE,GAP,"",admin/Dashboard/index
Dashboard,dashboard,usersTable,TAB,NONE,GAP,"",admin/Dashboard/usersTable
Dashboard,dashboard,get_table_data,VALIDATE,NONE,GAP,"",admin/Dashboard/get_table_data
Dashboard,dashboard,ag_usertable,TAB,NONE,GAP,"",admin/Dashboard/ag_usertable
Dashboard,dashboard,rfq_users_table,TAB,NONE,GAP,"",admin/Dashboard/rfq_users_table
Dashboard,dashboard,rfqView,ACTION,NONE,GAP,"",admin/Dashboard/rfqView
Dashboard,dashboard,get_rfq_data_ajax,VALIDATE,NONE,GAP,"",admin/Dashboard/get_rfq_data_ajax
Dashboard,dashboard,rfq_suppliers_replies,ACTION,NONE,GAP,"",admin/Dashboard/rfq_suppliers_replies
Dashboard,dashboard,fetchMAilsByRfqcode,ACTION,NONE,GAP,"",admin/Dashboard/fetchMAilsByRfqcode
Dashboard,dashboard,active_rfqs_statistics,ACTION,NONE,GAP,"",admin/Dashboard/active_rfqs_statistics
Dashboard,dashboard,rfqs_statistics,ACTION,NONE,GAP,"",admin/Dashboard/rfqs_statistics
Dashboard,dashboard,test,ACTION,NONE,GAP,"",admin/Dashboard/test
Dashboard,dashboard,rfqs_period_statistics,ACTION,NONE,GAP,"",admin/Dashboard/rfqs_period_statistics
Dashboard,dashboard,user_rfqs_period_statistics,ACTION,NONE,GAP,"",admin/Dashboard/user_rfqs_period_statistics
Dashboard,dashboard,rfqs_user_period_statistics,ACTION,NONE,GAP,"",admin/Dashboard/rfqs_user_period_statistics
Estimate_request,estimate_request,convert,ACTION,NONE,GAP,"",admin/Estimate_request/convert
Estimate_request,estimate_request,update_assigned_staff,ACTION,NONE,GAP,"",admin/Estimate_request/update_assigned_staff
Estimate_request,estimate_request,update_tags,ACTION,NONE,GAP,"",admin/Estimate_request/update_tags
Estimate_request,estimate_request,update_request_status,ACTION,NONE,GAP,"",admin/Estimate_request/update_request_status
Estimate_request,estimate_request,view,DETAIL,NONE,GAP,"",admin/Estimate_request/view
Estimate_request,estimate_request,delete,DELETE,NONE,GAP,"",admin/Estimate_request/delete
Estimate_request,estimate_request,table,LIST,NONE,GAP,"",admin/Estimate_request/table
Estimate_request,estimate_request,statuses,ACTION,NONE,GAP,"",admin/Estimate_request/statuses
Estimate_request,estimate_request,status,ACTION,NONE,GAP,"",admin/Estimate_request/status
Estimate_request,estimate_request,delete_status,DELETE,NONE,GAP,"",admin/Estimate_request/delete_status
Estimate_request,estimate_request,index,LIST,NONE,GAP,"",admin/Estimate_request/index
Estimate_request,estimate_request,save_form_data,ACTION,NONE,GAP,"",admin/Estimate_request/save_form_data
Estimate_request,estimate_request,form,ACTION,NONE,GAP,"",admin/Estimate_request/form
Estimate_request,estimate_request,forms,ACTION,NONE,GAP,"",admin/Estimate_request/forms
Estimate_request,estimate_request,delete_form,DELETE,NONE,GAP,"",admin/Estimate_request/delete_form
Items,items,index,LIST,items,YES,"",admin/Items/index
Items,items,index,LIST,items,YES,"",admin/Items/index
Items,items,get_table_data,VALIDATE,items,GAP,"",admin/Items/get_table_data
Items,items,add_rfq,ACTION,items,GAP,"",admin/Items/add_rfq
Items,items,add_copy_rfq,ACTION,items,GAP,"",admin/Items/add_copy_rfq
Items,items,edit_rfq,ACTION,items,GAP,"",admin/Items/edit_rfq
Items,items,create,CREATE,items,YES,"",admin/Items/create
Items,items,update,EDIT,items,YES,"",admin/Items/update
Items,items,update_rfq_acceptance,ACTION,items,GAP,"",admin/Items/update_rfq_acceptance
Items,items,delete,DELETE,items,YES,"",admin/Items/delete
Items,items,rfq_cc_employees,ACTION,items,GAP,"",admin/Items/rfq_cc_employees
Items,items,view,DETAIL,items,GAP,"",admin/Items/view
Items,items,view_rfq,ACTION,items,GAP,"",admin/Items/view_rfq
Items,items,edit,EDIT,items,YES,"",admin/Items/edit
Items,items,reject_rfq,ACTION,items,GAP,"",admin/Items/reject_rfq
Items,items,insert,ACTION,items,GAP,"",admin/Items/insert
Items,items,supplier,ACTION,items,GAP,"",admin/Items/supplier
Items,items,recommend_ai_suppliers,ACTION,items,GAP,"",admin/Items/recommend_ai_suppliers
Items,items,recommend_ai_suppliers_by_item,ACTION,items,GAP,"",admin/Items/recommend_ai_suppliers_by_item
Items,items,add_supplier,ACTION,items,GAP,"",admin/Items/add_supplier
Items,items,create_rfq,ACTION,items,GAP,"",admin/Items/create_rfq
Items,items,create_copy_rfq,ACTION,items,GAP,"",admin/Items/create_copy_rfq
Items,items,copy_rfq,ACTION,items,GAP,"",admin/Items/copy_rfq
Items,items,rfq_suppliers_details,ACTION,items,GAP,"",admin/Items/rfq_suppliers_details
Items,items,view_supplier_replies,ACTION,items,GAP,"",admin/Items/view_supplier_replies
Items,items,review_rfq,ACTION,items,GAP,"",admin/Items/review_rfq
Items,items,add_rfq_employee,ACTION,items,GAP,"",admin/Items/add_rfq_employee
Items,items,delete_employee,DELETE,items,YES,"",admin/Items/delete_employee
Items,items,sendRfq,ACTION,items,GAP,"",admin/Items/sendRfq
Items,items,sendCopyRfq,ACTION,items,GAP,"",admin/Items/sendCopyRfq
Items,items,test,ACTION,items,GAP,"",admin/Items/test
Items,items,get_replies,VALIDATE,items,GAP,"",admin/Items/get_replies
Items,items,rfq_items_details_view,ACTION,items,GAP,"",admin/Items/rfq_items_details_view
Items,items,convert_item_to_archive,ACTION,items,GAP,"",admin/Items/convert_item_to_archive
Items,items,rfq_suppliers_statistics,ACTION,items,GAP,"",admin/Items/rfq_suppliers_statistics
Items,items,compar_items,ACTION,items,GAP,"",admin/Items/compar_items
Items,items,comparison_items,ACTION,items,GAP,"",admin/Items/comparison_items
Items,items,items_table,TAB,items,GAP,"",admin/Items/items_table
Items,items,get_data,VALIDATE,items,GAP,"",admin/Items/get_data
Kpi,kpi,index,LIST,NONE,GAP,"",admin/Kpi/index
Kpi,kpi,table,LIST,NONE,GAP,"",admin/Kpi/table
Kpi,kpi,proc,ACTION,NONE,GAP,"",admin/Kpi/proc
Kpi,kpi,kpi,ACTION,NONE,GAP,"",admin/Kpi/kpi
Kpi,kpi,proc_kpi,ACTION,NONE,GAP,"",admin/Kpi/proc_kpi
Kpi,kpi,staff_kpi,ACTION,NONE,GAP,"",admin/Kpi/staff_kpi
Kpi,kpi,emp_kpi,ACTION,NONE,GAP,"",admin/Kpi/emp_kpi
Kpi,kpi,employee_kpi,ACTION,NONE,GAP,"",admin/Kpi/employee_kpi
Kpi,kpi,staff_kpis_statistics,ACTION,NONE,GAP,"",admin/Kpi/staff_kpis_statistics
Kpi,kpi,staff_proc_kpis_statistics,ACTION,NONE,GAP,"",admin/Kpi/staff_proc_kpis_statistics
Kpi,kpi,get_all_user_kpis,VALIDATE,NONE,GAP,"",admin/Kpi/get_all_user_kpis
Kpi,kpi,get_proc_user_kpis,VALIDATE,NONE,GAP,"",admin/Kpi/get_proc_user_kpis
Kpi,kpi,kpi_report_OLD,ACTION,NONE,GAP,"",admin/Kpi/kpi_report_OLD
Kpi,kpi,user_report,ACTION,NONE,GAP,"",admin/Kpi/user_report
Kpi,kpi,kpi_period_report,ACTION,NONE,GAP,"",admin/Kpi/kpi_period_report
Kpi,kpi,dep_kpi_report,ACTION,NONE,GAP,"",admin/Kpi/dep_kpi_report
Kpi,kpi,dep_kpi_report,ACTION,NONE,GAP,"",admin/Kpi/dep_kpi_report
Kpi,kpi,get_table_data,VALIDATE,NONE,GAP,"",admin/Kpi/get_table_data
Kpi,kpi,ag_user_kpi,ACTION,NONE,GAP,"",admin/Kpi/ag_user_kpi
Kpi,kpi,user_kpi,ACTION,NONE,GAP,"",admin/Kpi/user_kpi
Proc_mails,proc_mails,index,LIST,NONE,GAP,"",admin/Proc_mails/index
Proc_mails,proc_mails,index,LIST,NONE,GAP,"",admin/Proc_mails/index
Proc_mails,proc_mails,get_table_data,VALIDATE,NONE,GAP,"",admin/Proc_mails/get_table_data
Proc_mails,proc_mails,manage,ACTION,NONE,GAP,"",admin/Proc_mails/manage
Proc_mails,proc_mails,get_mails,VALIDATE,NONE,GAP,"",admin/Proc_mails/get_mails
Proc_mails,proc_mails,get_none_rfq_reply_details,VALIDATE,NONE,GAP,"",admin/Proc_mails/get_none_rfq_reply_details
Proc_mails,proc_mails,save_reply,ACTION,NONE,GAP,"",admin/Proc_mails/save_reply
Proc_mails,proc_mails,update_reply,ACTION,NONE,GAP,"",admin/Proc_mails/update_reply
Proc_mails,proc_mails,delete_reply,DELETE,NONE,GAP,"",admin/Proc_mails/delete_reply
Proc_mails,proc_mails,view_reply,ACTION,NONE,GAP,"",admin/Proc_mails/view_reply
Proc_mails,proc_mails,get_reply,VALIDATE,NONE,GAP,"",admin/Proc_mails/get_reply
Proc_mails,proc_mails,fetchProcMAilsByDate,ACTION,NONE,GAP,"",admin/Proc_mails/fetchProcMAilsByDate
Proc_mails,proc_mails,fetch_supplier_mail_attatchment,ACTION,NONE,GAP,"",admin/Proc_mails/fetch_supplier_mail_attatchment
Proc_mails,proc_mails,fetchProcMails,ACTION,NONE,GAP,"",admin/Proc_mails/fetchProcMails
Proc_mails,proc_mails,procReplyAction,ACTION,NONE,GAP,"",admin/Proc_mails/procReplyAction
Proc_mails,proc_mails,fetch_proc_mail_attach,ACTION,NONE,GAP,"",admin/Proc_mails/fetch_proc_mail_attach
Proc_mails,proc_mails,tiny_file_manager,ACTION,NONE,GAP,"",admin/Proc_mails/tiny_file_manager
Proc_mails,proc_mails,file_manager,ACTION,NONE,GAP,"",admin/Proc_mails/file_manager
Proc_mails,proc_mails,fetch_reply_attach,ACTION,NONE,GAP,"",admin/Proc_mails/fetch_reply_attach
Proc_mails,proc_mails,get_proc_quotation,VALIDATE,NONE,GAP,"",admin/Proc_mails/get_proc_quotation
Proc_mails,proc_mails,get_proc_quotation_details,VALIDATE,NONE,GAP,"",admin/Proc_mails/get_proc_quotation_details
Proc_mails,proc_mails,classify_mail,ACTION,NONE,GAP,"",admin/Proc_mails/classify_mail
Proc_mails,proc_mails,approve_mail,ACTION,NONE,GAP,"",admin/Proc_mails/approve_mail
Proc_mails,proc_mails,decline_mail,ACTION,NONE,GAP,"",admin/Proc_mails/decline_mail
Proc_mails,proc_mails,reclassify_mail,ACTION,NONE,GAP,"",admin/Proc_mails/reclassify_mail
Quotation_backlog,quotation_backlog,index,LIST,NONE,GAP,"",admin/Quotation_backlog/index
Quotation_backlog,quotation_backlog,get_counts,VALIDATE,NONE,GAP,"",admin/Quotation_backlog/get_counts
Quotation_backlog,quotation_backlog,get_table_data,VALIDATE,NONE,GAP,"",admin/Quotation_backlog/get_table_data
Quotation_backlog,quotation_backlog,proc_get_table_data,TAB,NONE,GAP,"",admin/Quotation_backlog/proc_get_table_data
Quotation_backlog,quotation_backlog,proc,ACTION,NONE,GAP,"",admin/Quotation_backlog/proc
Quotation_backlog,quotation_backlog,get_proc_counts,VALIDATE,NONE,GAP,"",admin/Quotation_backlog/get_proc_counts
Quotation_backlog,quotation_backlog,proc_table_data,TAB,NONE,GAP,"",admin/Quotation_backlog/proc_table_data
Quotation_backlog,quotation_backlog,get_review_modal,VALIDATE,NONE,GAP,"",admin/Quotation_backlog/get_review_modal
Quotation_backlog,quotation_backlog,ignore_ai_backlog,ACTION,NONE,GAP,"",admin/Quotation_backlog/ignore_ai_backlog
Quotation_backlog,quotation_backlog,convert_to_official,ACTION,NONE,GAP,"",admin/Quotation_backlog/convert_to_official
Reports,reports,index,LIST,NONE,GAP,"",admin/Reports/index
Reports,reports,index,LIST,NONE,GAP,"",admin/Reports/index
Reports,reports,get_table_data,VALIDATE,NONE,GAP,"",admin/Reports/get_table_data
Reports,reports,proc_get_table_data,TAB,NONE,GAP,"",admin/Reports/proc_get_table_data
Reports,reports,table,LIST,NONE,GAP,"",admin/Reports/table
Reports,reports,rfq_report,ACTION,NONE,GAP,"",admin/Reports/rfq_report
Reports,reports,get_report,VALIDATE,NONE,GAP,"",admin/Reports/get_report
Reports,reports,get_counts,VALIDATE,NONE,GAP,"",admin/Reports/get_counts
Rfq,rfq,index,LIST,NONE,GAP,"",admin/Rfq/index
Rfq,rfq,index,LIST,NONE,GAP,"",admin/Rfq/index
Rfq,rfq,get_table_data,VALIDATE,NONE,GAP,"",admin/Rfq/get_table_data
Rfq,rfq,ag_delete,ACTION,NONE,GAP,"",admin/Rfq/ag_delete
Rfq,rfq,table,LIST,NONE,GAP,"",admin/Rfq/table
Rfq,rfq,rfqtable,TAB,NONE,GAP,"",admin/Rfq/rfqtable
Rfq,rfq,get_contacts,VALIDATE,NONE,GAP,"",admin/Rfq/get_contacts
Rfq,rfq,rfqs_count_status,ACTION,NONE,GAP,"",admin/Rfq/rfqs_count_status
Rfq,rfq,rfq_active,ACTION,NONE,GAP,"",admin/Rfq/rfq_active
Rfq,rfq,rfq_close,ACTION,NONE,GAP,"",admin/Rfq/rfq_close
Rfq,rfq,test2,ACTION,NONE,GAP,"",admin/Rfq/test2
Rfq,rfq,rfq_suppliers_replies,ACTION,NONE,GAP,"",admin/Rfq/rfq_suppliers_replies
Rfq,rfq,send_repaly_mail,ACTION,NONE,GAP,"",admin/Rfq/send_repaly_mail
Rfq,rfq,send_to_email,ACTION,NONE,GAP,"",admin/Rfq/send_to_email
Rfq,rfq,testSendMail,ACTION,NONE,GAP,"",admin/Rfq/testSendMail
Rfq,rfq,createRfqMailView,ACTION,NONE,GAP,"",admin/Rfq/createRfqMailView
Rfq,rfq,RfqMailReminder,ACTION,NONE,GAP,"",admin/Rfq/RfqMailReminder
Rfq,rfq,sendInqueryV2,ACTION,NONE,GAP,"",admin/Rfq/sendInqueryV2
Rfq,rfq,sendInqueryV30,ACTION,NONE,GAP,"",admin/Rfq/sendInqueryV30
Rfq,rfq,sendInqueryV31,ACTION,NONE,GAP,"",admin/Rfq/sendInqueryV31
Rfq,rfq,sendInqueryV3,ACTION,NONE,GAP,"",admin/Rfq/sendInqueryV3
Rfq,rfq,create,CREATE,NONE,GAP,"",admin/Rfq/create
Rfq,rfq,get_item_details,VALIDATE,NONE,GAP,"",admin/Rfq/get_item_details
Rfq,rfq,insert,ACTION,NONE,GAP,"",admin/Rfq/insert
Rfq,rfq,send_rfq,ACTION,NONE,GAP,"",admin/Rfq/send_rfq
Rfq,rfq,static_rfq_suppliers,ACTION,NONE,GAP,"",admin/Rfq/static_rfq_suppliers
Rfq,rfq,rfq_employee_cc_emails,ACTION,NONE,GAP,"",admin/Rfq/rfq_employee_cc_emails
Rfq,rfq,edit_rfq,ACTION,NONE,GAP,"",admin/Rfq/edit_rfq
Rfq,rfq,pr_item_details,ACTION,NONE,GAP,"",admin/Rfq/pr_item_details
Rfq,rfq,rfq,ACTION,NONE,GAP,"",admin/Rfq/rfq
Rfq,rfq,search_purchase_requests,ACTION,NONE,GAP,"",admin/Rfq/search_purchase_requests
Rfq,rfq,get_related_objects,VALIDATE,NONE,GAP,"",admin/Rfq/get_related_objects
Rfq,rfq,delete,DELETE,NONE,GAP,"",admin/Rfq/delete
Rfq,rfq,livesearch,ACTION,NONE,GAP,"",admin/Rfq/livesearch
Rfq,rfq,add_contact,ACTION,NONE,GAP,"",admin/Rfq/add_contact
Rfq,rfq,addquicksupplier,ACTION,NONE,GAP,"",admin/Rfq/addquicksupplier
Rfq,rfq,add_report,ACTION,NONE,GAP,"",admin/Rfq/add_report
Rfq,rfq,send_inquery,ACTION,NONE,GAP,"",admin/Rfq/send_inquery
Rfq,rfq,sendInquery,ACTION,NONE,GAP,"",admin/Rfq/sendInquery
Rfq,rfq,fetchData,ACTION,NONE,GAP,"",admin/Rfq/fetchData
Rfq,rfq,replaceBookmark,ACTION,NONE,GAP,"",admin/Rfq/replaceBookmark
Rfq,rfq,suppplier_contact_details,ACTION,NONE,GAP,"",admin/Rfq/suppplier_contact_details
Rfq,rfq,budgetforproject,ACTION,NONE,GAP,"",admin/Rfq/budgetforproject
Rfq,rfq,getPurrecsForRFQTemplate,ACTION,NONE,GAP,"",admin/Rfq/getPurrecsForRFQTemplate
Rfq,rfq,pritemsgetter,ACTION,NONE,GAP,"",admin/Rfq/pritemsgetter
Rfq,rfq,prItemsDetails,ACTION,NONE,GAP,"",admin/Rfq/prItemsDetails
Rfq,rfq,pritemsspecsgetterforstatictemplate,ACTION,NONE,GAP,"",admin/Rfq/pritemsspecsgetterforstatictemplate
Rfq,rfq,viewprojectbudgetdetail,ACTION,NONE,GAP,"",admin/Rfq/viewprojectbudgetdetail
Rfq,rfq,get_rfqfile,VALIDATE,NONE,GAP,"",admin/Rfq/get_rfqfile
Rfq,rfq,qouts_files_upload,ACTION,NONE,GAP,"",admin/Rfq/qouts_files_upload
Rfq,rfq,supplierRfqFile,ACTION,NONE,GAP,"",admin/Rfq/supplierRfqFile
Rfq,rfq,remove_file,ACTION,NONE,GAP,"",admin/Rfq/remove_file
Rfq,rfq,remove_qout_file,ACTION,NONE,GAP,"",admin/Rfq/remove_qout_file
Rfq,rfq,file,ACTION,NONE,GAP,"",admin/Rfq/file
Rfq,rfq,download_all_files,ACTION,NONE,GAP,"",admin/Rfq/download_all_files
Rfq,rfq,delete_replay,DELETE,NONE,GAP,"",admin/Rfq/delete_replay
Rfq,rfq,fetch_team_files,ACTION,NONE,GAP,"",admin/Rfq/fetch_team_files
Rfq,rfq,fetch_files,ACTION,NONE,GAP,"",admin/Rfq/fetch_files
Rfq,rfq,fetch_posts,ACTION,NONE,GAP,"",admin/Rfq/fetch_posts
Rfq,rfq,fetch_channel,ACTION,NONE,GAP,"",admin/Rfq/fetch_channel
Rfq,rfq,tenders_source_table,TAB,NONE,GAP,"",admin/Rfq/tenders_source_table
Rfq,rfq,replay_rfq_attatchment,ACTION,NONE,GAP,"",admin/Rfq/replay_rfq_attatchment
Rfq,rfq,upload_supplier_qoutation,UPLOAD,NONE,GAP,"",admin/Rfq/upload_supplier_qoutation
Rfq,rfq,view0,ACTION,NONE,GAP,"",admin/Rfq/view0
Rfq,rfq,update_reply_action,ACTION,NONE,GAP,"",admin/Rfq/update_reply_action
Rfq,rfq,update_reply_action_by_reply_id,ACTION,NONE,GAP,"",admin/Rfq/update_reply_action_by_reply_id
Rfq,rfq,getItemDetails,ACTION,NONE,GAP,"",admin/Rfq/getItemDetails
Rfq,rfq,activation,ACTION,NONE,GAP,"",admin/Rfq/activation
Rfq,rfq,edit,EDIT,NONE,GAP,"",admin/Rfq/edit
Rfq,rfq,fetchMAilsByRfqcode,ACTION,NONE,GAP,"",admin/Rfq/fetchMAilsByRfqcode
Rfq,rfq,fetch_mails_by_rfq_code,ACTION,NONE,GAP,"",admin/Rfq/fetch_mails_by_rfq_code
Rfq,rfq,fetch_attachments,UPLOAD,NONE,GAP,"",admin/Rfq/fetch_attachments
Rfq,rfq,store_attachment_file,UPLOAD,NONE,GAP,"",admin/Rfq/store_attachment_file
Rfq,rfq,fetch_supplier_rfq_attatchment,ACTION,NONE,GAP,"",admin/Rfq/fetch_supplier_rfq_attatchment
Rfq,rfq,excludeEmailsBySender,ACTION,NONE,GAP,"",admin/Rfq/excludeEmailsBySender
Rfq,rfq,excludeEmailsByEmailId,ACTION,NONE,GAP,"",admin/Rfq/excludeEmailsByEmailId
Rfq,rfq,extractEmailAddresses,ACTION,NONE,GAP,"",admin/Rfq/extractEmailAddresses
Rfq,rfq,fetch_cached_mail,ACTION,NONE,GAP,"",admin/Rfq/fetch_cached_mail
Rfq,rfq,fetch_team_channel_files,ACTION,NONE,GAP,"",admin/Rfq/fetch_team_channel_files
Rfq,rfq,fetch_reply_mail,ACTION,NONE,GAP,"",admin/Rfq/fetch_reply_mail
Rfq,rfq,fetch_mail_attches,ACTION,NONE,GAP,"",admin/Rfq/fetch_mail_attches
Rfq,rfq,fetch_rfq_mail_attches,ACTION,NONE,GAP,"",admin/Rfq/fetch_rfq_mail_attches
Rfq,rfq,project_table,TAB,NONE,GAP,"",admin/Rfq/project_table
Rfq,rfq,update_rfq_supplier_replies,ACTION,NONE,GAP,"",admin/Rfq/update_rfq_supplier_replies
Rfq,rfq,rfq_statistics,ACTION,NONE,GAP,"",admin/Rfq/rfq_statistics
Rfq,rfq,unfllow_ack_rfq,ACTION,NONE,GAP,"",admin/Rfq/unfllow_ack_rfq
Rfq,rfq,get_unaction_rfq,VALIDATE,NONE,GAP,"",admin/Rfq/get_unaction_rfq
Rfq,rfq,unquotation_reply_rfq,ACTION,NONE,GAP,"",admin/Rfq/unquotation_reply_rfq
Rfq,rfq,get_unquotation_reply_rfq,VALIDATE,NONE,GAP,"",admin/Rfq/get_unquotation_reply_rfq
Rfq,rfq,unique_suppliers_replies,ACTION,NONE,GAP,"",admin/Rfq/unique_suppliers_replies
Rfq,rfq,get_related_pr,VALIDATE,NONE,GAP,"",admin/Rfq/get_related_pr
Rfq,rfq,get_related_pr_project_by_id,VALIDATE,NONE,GAP,"",admin/Rfq/get_related_pr_project_by_id
Rfq,rfq,need_action_replies,ACTION,NONE,GAP,"",admin/Rfq/need_action_replies
Rfq,rfq,rfq_related_objects,ACTION,NONE,GAP,"",admin/Rfq/rfq_related_objects
Rfq,rfq,tiny_file_manager,ACTION,NONE,GAP,"",admin/Rfq/tiny_file_manager
Rfq,rfq,file_manager,ACTION,NONE,GAP,"",admin/Rfq/file_manager
Rfq,rfq,setting,ACTION,NONE,GAP,"",admin/Rfq/setting
Rfq,rfq,save_ai_agent_prompt,ACTION,NONE,GAP,"",admin/Rfq/save_ai_agent_prompt
Rfq,rfq,reset_ai_agent_prompt,ACTION,NONE,GAP,"",admin/Rfq/reset_ai_agent_prompt
Rfq,rfq,test_ai_agent_prompt,ACTION,NONE,GAP,"",admin/Rfq/test_ai_agent_prompt
Rfq,rfq,save_ai_quotation_prompt,ACTION,NONE,GAP,"",admin/Rfq/save_ai_quotation_prompt
Rfq,rfq,reset_ai_quotation_prompt,ACTION,NONE,GAP,"",admin/Rfq/reset_ai_quotation_prompt
Rfq,rfq,test_ai_quotation_prompt,ACTION,NONE,GAP,"",admin/Rfq/test_ai_quotation_prompt
Rfq,rfq,save_ai_proc_quotation_prompt,ACTION,NONE,GAP,"",admin/Rfq/save_ai_proc_quotation_prompt
Rfq,rfq,reset_ai_proc_quotation_prompt,ACTION,NONE,GAP,"",admin/Rfq/reset_ai_proc_quotation_prompt
Rfq,rfq,test_ai_proc_quotation_prompt,ACTION,NONE,GAP,"",admin/Rfq/test_ai_proc_quotation_prompt
Rfq_email,rfq_email,index,LIST,NONE,GAP,"",admin/Rfq_email/index
Rfq_email,rfq_email,email_table,TAB,NONE,GAP,"",admin/Rfq_email/email_table
Rfq_email,rfq_email,get_table_data,VALIDATE,NONE,GAP,"",admin/Rfq_email/get_table_data
Rfq_email,rfq_email,get_reply_details,VALIDATE,NONE,GAP,"",admin/Rfq_email/get_reply_details
Rfq_email_api,rfq_email_api,index,LIST,NONE,GAP,"",admin/Rfq_email_api/index
Rfq_email_api,rfq_email_api,table,LIST,NONE,GAP,"",admin/Rfq_email_api/table
Rfq_email_api,rfq_email_api,rfq,ACTION,NONE,GAP,"",admin/Rfq_email_api/rfq
Rfq_email_api,rfq_email_api,rfq,ACTION,NONE,GAP,"",admin/Rfq_email_api/rfq
Rfq_email_api,rfq_email_api,send_inquery,ACTION,NONE,GAP,"",admin/Rfq_email_api/send_inquery
Rfq_item,rfq_item,index,LIST,NONE,GAP,"",admin/Rfq_item/index
Rfq_item,rfq_item,suppliers,ACTION,NONE,GAP,"",admin/Rfq_item/suppliers
Rfq_item,rfq_item,create_rfq,ACTION,NONE,GAP,"",admin/Rfq_item/create_rfq
Rfq_item,rfq_item,send_rfq,ACTION,NONE,GAP,"",admin/Rfq_item/send_rfq
Rfq_item,rfq_item,add_rfq,ACTION,NONE,GAP,"",admin/Rfq_item/add_rfq
Rfq_item,rfq_item,archive_item,ACTION,NONE,GAP,"",admin/Rfq_item/archive_item
Rfq_item,rfq_item,items,ACTION,NONE,GAP,"",admin/Rfq_item/items
Rfq_item,rfq_item,items,ACTION,NONE,GAP,"",admin/Rfq_item/items
Rfq_item,rfq_item,get_table_data,VALIDATE,NONE,GAP,"",admin/Rfq_item/get_table_data
Rfq_item,rfq_item,selectSuppliers,ACTION,NONE,GAP,"",admin/Rfq_item/selectSuppliers
Rfq_item,rfq_item,table,LIST,NONE,GAP,"",admin/Rfq_item/table
Rfq_item,rfq_item,supplier,ACTION,NONE,GAP,"",admin/Rfq_item/supplier
Rfq_item,rfq_item,checkExistMail,ACTION,NONE,GAP,"",admin/Rfq_item/checkExistMail
Rfq_item,rfq_item,rfqitems,ACTION,NONE,GAP,"",admin/Rfq_item/rfqitems
Rfq_item,rfq_item,key,ACTION,NONE,GAP,"",admin/Rfq_item/key
Rfq_item,rfq_item,getKeywordSupplier2,ACTION,NONE,GAP,"",admin/Rfq_item/getKeywordSupplier2
Rfq_item,rfq_item,budgetforproject,ACTION,NONE,GAP,"",admin/Rfq_item/budgetforproject
Rfq_item,rfq_item,creatRfqExcel,ACTION,NONE,GAP,"",admin/Rfq_item/creatRfqExcel
Rfq_item,rfq_item,createRFQExcelfile,ACTION,NONE,GAP,"",admin/Rfq_item/createRFQExcelfile
Rfq_item,rfq_item,sendInqueryV2,ACTION,NONE,GAP,"",admin/Rfq_item/sendInqueryV2
Rfq_item,rfq_item,sendInqueryAbosoulte,ACTION,NONE,GAP,"",admin/Rfq_item/sendInqueryAbosoulte
Rfq_item,rfq_item,sendInqueryV3,ACTION,NONE,GAP,"",admin/Rfq_item/sendInqueryV3
Rfq_item,rfq_item,sendInqueryV21,ACTION,NONE,GAP,"",admin/Rfq_item/sendInqueryV21
Rfq_item,rfq_item,sendInqueryV1,ACTION,NONE,GAP,"",admin/Rfq_item/sendInqueryV1
Rfq_item,rfq_item,rfq_item,ACTION,NONE,GAP,"",admin/Rfq_item/rfq_item
Rfq_item,rfq_item,livesearch,ACTION,NONE,GAP,"",admin/Rfq_item/livesearch
Rfq_item,rfq_item,item_specs,ACTION,NONE,GAP,"",admin/Rfq_item/item_specs
Rfq_item,rfq_item,get_rfqfile,VALIDATE,NONE,GAP,"",admin/Rfq_item/get_rfqfile
Rfq_item,rfq_item,edit,EDIT,NONE,GAP,"",admin/Rfq_item/edit
Rfq_item,rfq_item,rfq_cc_employees,ACTION,NONE,GAP,"",admin/Rfq_item/rfq_cc_employees
Rfq_item,rfq_item,supplierRepliesStatics,ACTION,NONE,GAP,"",admin/Rfq_item/supplierRepliesStatics
Rfq_item,rfq_item,suppliers_keywords,ACTION,NONE,GAP,"",admin/Rfq_item/suppliers_keywords
Rfq_item,rfq_item,refresh_item_version,ACTION,NONE,GAP,"",admin/Rfq_item/refresh_item_version
Rfq_master,rfq_master,index,LIST,NONE,GAP,"",admin/Rfq_master/index
Rfq_master,rfq_master,list_estimates,ACTION,NONE,GAP,"",admin/Rfq_master/list_estimates
Rfq_master,rfq_master,table,LIST,NONE,GAP,"",admin/Rfq_master/table
Rfq_master,rfq_master,estimate,ACTION,NONE,GAP,"",admin/Rfq_master/estimate
Rfq_master,rfq_master,clear_signature,ACTION,NONE,GAP,"",admin/Rfq_master/clear_signature
Rfq_master,rfq_master,update_number_settings,ACTION,NONE,GAP,"",admin/Rfq_master/update_number_settings
Rfq_master,rfq_master,validate_estimate_number,ACTION,NONE,GAP,"",admin/Rfq_master/validate_estimate_number
Rfq_master,rfq_master,delete_attachment,DELETE,NONE,GAP,"",admin/Rfq_master/delete_attachment
Rfq_master,rfq_master,get_estimate_data_ajax,VALIDATE,NONE,GAP,"",admin/Rfq_master/get_estimate_data_ajax
Rfq_master,rfq_master,get_rfq_data_ajax,VALIDATE,NONE,GAP,"",admin/Rfq_master/get_rfq_data_ajax
Rfq_master,rfq_master,sendInqueryV3,ACTION,NONE,GAP,"",admin/Rfq_master/sendInqueryV3
Rfq_master,rfq_master,fetchbyrfqcode,ACTION,NONE,GAP,"",admin/Rfq_master/fetchbyrfqcode
Rfq_master,rfq_master,fetchMAilsByRfqcode,ACTION,NONE,GAP,"",admin/Rfq_master/fetchMAilsByRfqcode
Rfq_master,rfq_master,fetchMAilsByRfqcodeV2,ACTION,NONE,GAP,"",admin/Rfq_master/fetchMAilsByRfqcodeV2
Rfq_master,rfq_master,fetchbyrfqcodesndSupplier,ACTION,NONE,GAP,"",admin/Rfq_master/fetchbyrfqcodesndSupplier
Rfq_master,rfq_master,viewsupplierreply,ACTION,NONE,GAP,"",admin/Rfq_master/viewsupplierreply
Rfq_master,rfq_master,saveEmailAttachments,UPLOAD,NONE,GAP,"",admin/Rfq_master/saveEmailAttachments
Rfq_master,rfq_master,get_estimates_total,VALIDATE,NONE,GAP,"",admin/Rfq_master/get_estimates_total
Rfq_master,rfq_master,add_note,ACTION,NONE,GAP,"",admin/Rfq_master/add_note
Rfq_master,rfq_master,get_notes,VALIDATE,NONE,GAP,"",admin/Rfq_master/get_notes
Rfq_master,rfq_master,mark_action_status,ACTION,NONE,GAP,"",admin/Rfq_master/mark_action_status
Rfq_master,rfq_master,send_expiry_reminder,ACTION,NONE,GAP,"",admin/Rfq_master/send_expiry_reminder
Rfq_master,rfq_master,send_to_email,ACTION,NONE,GAP,"",admin/Rfq_master/send_to_email
Rfq_master,rfq_master,convert_to_invoice,ACTION,NONE,GAP,"",admin/Rfq_master/convert_to_invoice
Rfq_master,rfq_master,copy,ACTION,NONE,GAP,"",admin/Rfq_master/copy
Rfq_master,rfq_master,delete,DELETE,NONE,GAP,"",admin/Rfq_master/delete
Rfq_master,rfq_master,clear_acceptance_info,ACTION,NONE,GAP,"",admin/Rfq_master/clear_acceptance_info
Rfq_master,rfq_master,pdf,ACTION,NONE,GAP,"",admin/Rfq_master/pdf
Rfq_master,rfq_master,get_pipeline,VALIDATE,NONE,GAP,"",admin/Rfq_master/get_pipeline
Rfq_master,rfq_master,pipeline_open,ACTION,NONE,GAP,"",admin/Rfq_master/pipeline_open
Rfq_master,rfq_master,update_pipeline,ACTION,NONE,GAP,"",admin/Rfq_master/update_pipeline
Rfq_master,rfq_master,pipeline,ACTION,NONE,GAP,"",admin/Rfq_master/pipeline
Rfq_master,rfq_master,pipeline_load_more,ACTION,NONE,GAP,"",admin/Rfq_master/pipeline_load_more
Rfq_master,rfq_master,set_estimate_pipeline_autoload,ACTION,NONE,GAP,"",admin/Rfq_master/set_estimate_pipeline_autoload
Rfq_master,rfq_master,get_due_date,VALIDATE,NONE,GAP,"",admin/Rfq_master/get_due_date
Rfq_master,rfq_master,send_inqueryV2,ACTION,NONE,GAP,"",admin/Rfq_master/send_inqueryV2
Rfq_master,rfq_master,send_inquery,ACTION,NONE,GAP,"",admin/Rfq_master/send_inquery
Rfq_master,rfq_master,sendInquery,ACTION,NONE,GAP,"",admin/Rfq_master/sendInquery
Suppliers,suppliers,unreplied_supplier_rfqs,ACTION,NONE,GAP,"",admin/Suppliers/unreplied_supplier_rfqs
Suppliers,suppliers,keywords_V2,ACTION,NONE,GAP,"",admin/Suppliers/keywords_V2
Suppliers,suppliers,keywords,ACTION,NONE,GAP,"",admin/Suppliers/keywords
Suppliers,suppliers,extractKeywords,ACTION,NONE,GAP,"",admin/Suppliers/extractKeywords
Suppliers,suppliers,extract_keywords_from_email,ACTION,NONE,GAP,"",admin/Suppliers/extract_keywords_from_email
Suppliers,suppliers,extract_keywords_from_subject,ACTION,NONE,GAP,"",admin/Suppliers/extract_keywords_from_subject
Suppliers,suppliers,extract_keywords_from_body,ACTION,NONE,GAP,"",admin/Suppliers/extract_keywords_from_body
Suppliers,suppliers,extract_keywords,ACTION,NONE,GAP,"",admin/Suppliers/extract_keywords
Suppliers,suppliers,suggest_suppliers,ACTION,NONE,GAP,"",admin/Suppliers/suggest_suppliers
Suppliers,suppliers,delete_supplier,DELETE,NONE,GAP,"",admin/Suppliers/delete_supplier
Suppliers,suppliers,email_supplier_details,ACTION,NONE,GAP,"",admin/Suppliers/email_supplier_details
Suppliers,suppliers,new_supplier,ACTION,NONE,GAP,"",admin/Suppliers/new_supplier
Suppliers,suppliers,get_new_suppliers,VALIDATE,NONE,GAP,"",admin/Suppliers/get_new_suppliers
Suppliers,suppliers,delete_new_supplier,DELETE,NONE,GAP,"",admin/Suppliers/delete_new_supplier
Suppliers.test,suppliers.test,setUp,ACTION,NONE,GAP,"",admin/Suppliers.test/setUp
Web_mails copy,web_mails copy,index,LIST,NONE,GAP,"",admin/Web_mails copy/index
Web_mails copy,web_mails copy,get_web_mails,VALIDATE,NONE,GAP,"",admin/Web_mails copy/get_web_mails
Web_mails copy,web_mails copy,view,DETAIL,NONE,GAP,"",admin/Web_mails copy/view
Web_mails copy,web_mails copy,web_mails,ACTION,NONE,GAP,"",admin/Web_mails copy/web_mails
Web_mails copy,web_mails copy,get_mail_details,VALIDATE,NONE,GAP,"",admin/Web_mails copy/get_mail_details
Web_mails copy,web_mails copy,get_mail_details_by_id,VALIDATE,NONE,GAP,"",admin/Web_mails copy/get_mail_details_by_id
Web_mails copy,web_mails copy,get_mail_details_by_code,VALIDATE,NONE,GAP,"",admin/Web_mails copy/get_mail_details_by_code
Web_mails copy,web_mails copy,get_mail_details_by_code_and_id,VALIDATE,NONE,GAP,"",admin/Web_mails copy/get_mail_details_by_code_and_id
Web_mails copy,web_mails copy,get_mail_details_by_code_and_id_and_type,VALIDATE,NONE,GAP,"",admin/Web_mails copy/get_mail_details_by_code_and_id_and_type
Web_mails copy,web_mails copy,mark_as_read,ACTION,NONE,GAP,"",admin/Web_mails copy/mark_as_read
Web_mails copy,web_mails copy,mark_as_unread,ACTION,NONE,GAP,"",admin/Web_mails copy/mark_as_unread
Web_mails copy,web_mails copy,delete_mail,DELETE,NONE,GAP,"",admin/Web_mails copy/delete_mail
Web_mails copy,web_mails copy,rfq_latest_mail_details,ACTION,NONE,GAP,"",admin/Web_mails copy/rfq_latest_mail_details
Web_mails copy,web_mails copy,get_rfq_quotation,VALIDATE,NONE,GAP,"",admin/Web_mails copy/get_rfq_quotation
Web_mails copy,web_mails copy,fetch_reply_attach,ACTION,NONE,GAP,"",admin/Web_mails copy/fetch_reply_attach
Web_mails copy,web_mails copy,web_mails_client,ACTION,NONE,GAP,"",admin/Web_mails copy/web_mails_client
Web_mails copy,web_mails copy,web_mails_client_v2,ACTION,NONE,GAP,"",admin/Web_mails copy/web_mails_client_v2
Web_mails copy,web_mails copy,get_latest_mails,VALIDATE,NONE,GAP,"",admin/Web_mails copy/get_latest_mails
Web_mails copy,web_mails copy,get_email_details,VALIDATE,NONE,GAP,"",admin/Web_mails copy/get_email_details
Web_mails copy,web_mails copy,get_email_details_by_id,VALIDATE,NONE,GAP,"",admin/Web_mails copy/get_email_details_by_id
Web_mails copy,web_mails copy,get_email_details_by_code,VALIDATE,NONE,GAP,"",admin/Web_mails copy/get_email_details_by_code
Web_mails copy,web_mails copy,get_email_details_by_code_and_id,VALIDATE,NONE,GAP,"",admin/Web_mails copy/get_email_details_by_code_and_id
Web_mails,web_mails,index,LIST,NONE,GAP,"",admin/Web_mails/index
Web_mails,web_mails,get_web_mails,VALIDATE,NONE,GAP,"",admin/Web_mails/get_web_mails
Web_mails,web_mails,view,DETAIL,NONE,GAP,"",admin/Web_mails/view
Web_mails,web_mails,web_mails,ACTION,NONE,GAP,"",admin/Web_mails/web_mails
Web_mails,web_mails,get_mail_details,VALIDATE,NONE,GAP,"",admin/Web_mails/get_mail_details
Web_mails,web_mails,classify_mail,ACTION,NONE,GAP,"",admin/Web_mails/classify_mail
Web_mails,web_mails,approve_mail,ACTION,NONE,GAP,"",admin/Web_mails/approve_mail
Web_mails,web_mails,decline_mail,ACTION,NONE,GAP,"",admin/Web_mails/decline_mail
Web_mails,web_mails,reclassify_mail,ACTION,NONE,GAP,"",admin/Web_mails/reclassify_mail
Web_mails,web_mails,get_mail_body,VALIDATE,NONE,GAP,"",admin/Web_mails/get_mail_body
Web_mails,web_mails,get_mail_details_by_id,VALIDATE,NONE,GAP,"",admin/Web_mails/get_mail_details_by_id
Web_mails,web_mails,get_mail_details_by_code,VALIDATE,NONE,GAP,"",admin/Web_mails/get_mail_details_by_code
Web_mails,web_mails,get_mail_details_by_code_and_id,VALIDATE,NONE,GAP,"",admin/Web_mails/get_mail_details_by_code_and_id
Web_mails,web_mails,get_mail_details_by_code_and_id_and_type,VALIDATE,NONE,GAP,"",admin/Web_mails/get_mail_details_by_code_and_id_and_type
Web_mails,web_mails,mark_as_read,ACTION,NONE,GAP,"",admin/Web_mails/mark_as_read
Web_mails,web_mails,mark_as_unread,ACTION,NONE,GAP,"",admin/Web_mails/mark_as_unread
Web_mails,web_mails,delete_mail,DELETE,NONE,GAP,"",admin/Web_mails/delete_mail
Web_mails,web_mails,rfq_latest_mail_details,ACTION,NONE,GAP,"",admin/Web_mails/rfq_latest_mail_details
Web_mails,web_mails,get_rfq_quotation,VALIDATE,NONE,GAP,"",admin/Web_mails/get_rfq_quotation
Web_mails,web_mails,fetch_reply_attach,ACTION,NONE,GAP,"",admin/Web_mails/fetch_reply_attach
Web_mails,web_mails,web_mails_cleint,ACTION,NONE,GAP,"",admin/Web_mails/web_mails_cleint
Web_mails,web_mails,get_emails,VALIDATE,NONE,GAP,"",admin/Web_mails/get_emails
Web_mails,web_mails,get_latest_mails,VALIDATE,NONE,GAP,"",admin/Web_mails/get_latest_mails
Web_mails,web_mails,get_email_details,VALIDATE,NONE,GAP,"",admin/Web_mails/get_email_details
Web_mails,web_mails,get_email_details_by_id,VALIDATE,NONE,GAP,"",admin/Web_mails/get_email_details_by_id
Web_mails,web_mails,get_email_details_by_code,VALIDATE,NONE,GAP,"",admin/Web_mails/get_email_details_by_code
Web_mails,web_mails,get_email_details_by_code_and_id,VALIDATE,NONE,GAP,"",admin/Web_mails/get_email_details_by_code_and_id
Web_mails,web_mails,search_emails,ACTION,NONE,GAP,"",admin/Web_mails/search_emails
Web_mails,web_mails,reenter_action,ACTION,NONE,GAP,"",admin/Web_mails/reenter_action
Web_mails,web_mails,get_sender_details,VALIDATE,NONE,GAP,"",admin/Web_mails/get_sender_details
Web_mails,web_mails,get_reply_action,VALIDATE,NONE,GAP,"",admin/Web_mails/get_reply_action
Web_mails,web_mails,get_reply_action_by_id,VALIDATE,NONE,GAP,"",admin/Web_mails/get_reply_action_by_id
Web_mails,web_mails,RfqMailReminder,ACTION,NONE,GAP,"",admin/Web_mails/RfqMailReminder
Api,api,search_suppliers,ACTION,NONE,GAP,"",admin/Api/search_suppliers
Api,api,run,ACTION,NONE,GAP,"",admin/Api/run
Api,api,supplier_contacts,ACTION,NONE,GAP,"",admin/Api/supplier_contacts
Api,api,pending_items,ACTION,NONE,GAP,"",admin/Api/pending_items
Api,api,add_items,ACTION,NONE,GAP,"",admin/Api/add_items
Api,api,remove_supplier,ACTION,NONE,GAP,"",admin/Api/remove_supplier
Api,api,set_cc,ACTION,NONE,GAP,"",admin/Api/set_cc
Api,api,templates,ACTION,NONE,GAP,"",admin/Api/templates
Api,api,template,ACTION,NONE,GAP,"",admin/Api/template
Api,api,generate_comparison,ACTION,NONE,GAP,"",admin/Api/generate_comparison
Api,api,comparison,ACTION,NONE,GAP,"",admin/Api/comparison
Api,api,save_scoring,ACTION,NONE,GAP,"",admin/Api/save_scoring
Api,api,send_reminder,ACTION,NONE,GAP,"",admin/Api/send_reminder
Api,api,scoring,ACTION,NONE,GAP,"",admin/Api/scoring
Api,api,ai_draft_email,ACTION,NONE,GAP,"",admin/Api/ai_draft_email
Api,api,save_email_template,ACTION,NONE,GAP,"",admin/Api/save_email_template
Api,api,update_email_template,ACTION,NONE,GAP,"",admin/Api/update_email_template
Api,api,delete_email_template,DELETE,NONE,GAP,"",admin/Api/delete_email_template
Api,api,email_templates,ACTION,NONE,GAP,"",admin/Api/email_templates
Api,api,send_single,ACTION,NONE,GAP,"",admin/Api/send_single
Api,api,supplier_timeline,ACTION,NONE,GAP,"",admin/Api/supplier_timeline
Api,api,dismiss_review,ACTION,NONE,GAP,"",admin/Api/dismiss_review
Api,api,dismiss_all_reviews,ACTION,NONE,GAP,"",admin/Api/dismiss_all_reviews
Api,api,preflight_send,ACTION,NONE,GAP,"",admin/Api/preflight_send
Api,api,ai_regenerate,ACTION,NONE,GAP,"",admin/Api/ai_regenerate
Api,api,grid_data,ACTION,NONE,GAP,"",admin/Api/grid_data
Api,api,save_sidebar_pin,ACTION,NONE,GAP,"",admin/Api/save_sidebar_pin
Api,api,search_entities,ACTION,NONE,GAP,"",admin/Api/search_entities
Api,api,more_entities,ACTION,NONE,GAP,"",admin/Api/more_entities
Api,api,stats,ACTION,NONE,GAP,"",admin/Api/stats
Api,api,copy_rfq,ACTION,NONE,GAP,"",admin/Api/copy_rfq
Api,api,archive_rfq,ACTION,NONE,GAP,"",admin/Api/archive_rfq
Api,api,fix_stuck_rfqs,ACTION,NONE,GAP,"",admin/Api/fix_stuck_rfqs
Api,api,email_threads,ACTION,NONE,GAP,"",admin/Api/email_threads
Api,api,email_body,ACTION,NONE,GAP,"",admin/Api/email_body
Api,api,email_reply,ACTION,NONE,GAP,"",admin/Api/email_reply
Api,api,email_forward,ACTION,NONE,GAP,"",admin/Api/email_forward
Api,api,email_classify,ACTION,NONE,GAP,"",admin/Api/email_classify
Api,api,thread_next_action,ACTION,NONE,GAP,"",admin/Api/thread_next_action
Api,api,email_attachment,UPLOAD,NONE,GAP,"",admin/Api/email_attachment
Api,api,email_inline_image,ACTION,NONE,GAP,"",admin/Api/email_inline_image
Api,api,email_extract,ACTION,NONE,GAP,"",admin/Api/email_extract
Api,api,check_replies,ACTION,NONE,GAP,"",admin/Api/check_replies
Api,api,email_signatures,ACTION,NONE,GAP,"",admin/Api/email_signatures
Api,api,enqueue_rfq_emails,ACTION,NONE,GAP,"",admin/Api/enqueue_rfq_emails
Api,api,process_rfq_classify_queue,ACTION,NONE,GAP,"",admin/Api/process_rfq_classify_queue
Api,api,run_rfq_ai_master,ACTION,NONE,GAP,"",admin/Api/run_rfq_ai_master
Api,api,enqueue_proc_emails,ACTION,NONE,GAP,"",admin/Api/enqueue_proc_emails
Api,api,process_proc_classify_queue,ACTION,NONE,GAP,"",admin/Api/process_proc_classify_queue
Api,api,run_proc_ai_master,ACTION,NONE,GAP,"",admin/Api/run_proc_ai_master
Api,api,analyze_quotations,ACTION,NONE,GAP,"",admin/Api/analyze_quotations
Api,api,enqueue_quotation_analysis,ACTION,NONE,GAP,"",admin/Api/enqueue_quotation_analysis
Api,api,process_quotation_analysis_queue,ACTION,NONE,GAP,"",admin/Api/process_quotation_analysis_queue
Api,api,analyze_proc_quotations,ACTION,NONE,GAP,"",admin/Api/analyze_proc_quotations
Api,api,enqueue_proc_quotation_analysis,ACTION,NONE,GAP,"",admin/Api/enqueue_proc_quotation_analysis
Api,api,process_proc_quotation_analysis_queue,ACTION,NONE,GAP,"",admin/Api/process_proc_quotation_analysis_queue
Audit_logs,audit_logs,index,LIST,NONE,GAP,"",admin/Audit_logs/index
Audit_logs,audit_logs,get_data,VALIDATE,NONE,GAP,"",admin/Audit_logs/get_data
Audit_logs,audit_logs,get_stats,VALIDATE,NONE,GAP,"",admin/Audit_logs/get_stats
Audit_logs,audit_logs,get_payload,VALIDATE,NONE,GAP,"",admin/Audit_logs/get_payload
Auto_rfq,auto_rfq,supplier,ACTION,NONE,GAP,"",admin/Auto_rfq/supplier
Auto_rfq,auto_rfq,add_supplier,ACTION,NONE,GAP,"",admin/Auto_rfq/add_supplier
Auto_rfq,auto_rfq,sendAutoInquery,ACTION,NONE,GAP,"",admin/Auto_rfq/sendAutoInquery
Auto_rfq,auto_rfq,file,ACTION,NONE,GAP,"",admin/Auto_rfq/file
Component,component,index,LIST,NONE,GAP,"",admin/Component/index
Component,component,create,CREATE,NONE,GAP,"",admin/Component/create
Component,component,edit,EDIT,NONE,GAP,"",admin/Component/edit
Component,component,manage,ACTION,NONE,GAP,"",admin/Component/manage
Component,component,table,LIST,NONE,GAP,"",admin/Component/table
Component,component,view,DETAIL,NONE,GAP,"",admin/Component/view
Dashboard,dashboard,index,LIST,NONE,GAP,"",admin/Dashboard/index
Dashboard,dashboard,dashboard,ACTION,NONE,GAP,"",admin/Dashboard/dashboard
Dashboard,dashboard,suppliers,ACTION,NONE,GAP,"",admin/Dashboard/suppliers
Dashboard,dashboard,supplier,ACTION,NONE,GAP,"",admin/Dashboard/supplier
Dashboard,dashboard,contact,ACTION,NONE,GAP,"",admin/Dashboard/contact
Dashboard,dashboard,users,ACTION,NONE,GAP,"",admin/Dashboard/users
Dashboard,dashboard,rfq_user,ACTION,NONE,GAP,"",admin/Dashboard/rfq_user
Dashboard,dashboard,about,ACTION,NONE,GAP,"",admin/Dashboard/about
Dashboard,dashboard,supplier_table,TAB,NONE,GAP,"",admin/Dashboard/supplier_table
Dashboard,dashboard,suppliers_table,TAB,NONE,GAP,"",admin/Dashboard/suppliers_table
Dashboard,dashboard,usertable,TAB,NONE,GAP,"",admin/Dashboard/usertable
Dashboard,dashboard,usersTable,TAB,NONE,GAP,"",admin/Dashboard/usersTable
Dashboard,dashboard,index,LIST,NONE,GAP,"",admin/Dashboard/index
Dashboard,dashboard,usersTable,TAB,NONE,GAP,"",admin/Dashboard/usersTable
Dashboard,dashboard,get_table_data,VALIDATE,NONE,GAP,"",admin/Dashboard/get_table_data
Dashboard,dashboard,ag_usertable,TAB,NONE,GAP,"",admin/Dashboard/ag_usertable
Dashboard,dashboard,rfq_users_table,TAB,NONE,GAP,"",admin/Dashboard/rfq_users_table
Dashboard,dashboard,rfqView,ACTION,NONE,GAP,"",admin/Dashboard/rfqView
Dashboard,dashboard,get_rfq_data_ajax,VALIDATE,NONE,GAP,"",admin/Dashboard/get_rfq_data_ajax
Dashboard,dashboard,rfq_suppliers_replies,ACTION,NONE,GAP,"",admin/Dashboard/rfq_suppliers_replies
Dashboard,dashboard,fetchMAilsByRfqcode,ACTION,NONE,GAP,"",admin/Dashboard/fetchMAilsByRfqcode
Dashboard,dashboard,active_rfqs_statistics,ACTION,NONE,GAP,"",admin/Dashboard/active_rfqs_statistics
Dashboard,dashboard,rfqs_statistics,ACTION,NONE,GAP,"",admin/Dashboard/rfqs_statistics
Dashboard,dashboard,test,ACTION,NONE,GAP,"",admin/Dashboard/test
Dashboard,dashboard,rfqs_period_statistics,ACTION,NONE,GAP,"",admin/Dashboard/rfqs_period_statistics
Dashboard,dashboard,user_rfqs_period_statistics,ACTION,NONE,GAP,"",admin/Dashboard/user_rfqs_period_statistics
Dashboard,dashboard,rfqs_user_period_statistics,ACTION,NONE,GAP,"",admin/Dashboard/rfqs_user_period_statistics
Estimate_request,estimate_request,convert,ACTION,NONE,GAP,"",admin/Estimate_request/convert
Estimate_request,estimate_request,update_assigned_staff,ACTION,NONE,GAP,"",admin/Estimate_request/update_assigned_staff
Estimate_request,estimate_request,update_tags,ACTION,NONE,GAP,"",admin/Estimate_request/update_tags
Estimate_request,estimate_request,update_request_status,ACTION,NONE,GAP,"",admin/Estimate_request/update_request_status
Estimate_request,estimate_request,view,DETAIL,NONE,GAP,"",admin/Estimate_request/view
Estimate_request,estimate_request,delete,DELETE,NONE,GAP,"",admin/Estimate_request/delete
Estimate_request,estimate_request,table,LIST,NONE,GAP,"",admin/Estimate_request/table
Estimate_request,estimate_request,statuses,ACTION,NONE,GAP,"",admin/Estimate_request/statuses
Estimate_request,estimate_request,status,ACTION,NONE,GAP,"",admin/Estimate_request/status
Estimate_request,estimate_request,delete_status,DELETE,NONE,GAP,"",admin/Estimate_request/delete_status
Estimate_request,estimate_request,index,LIST,NONE,GAP,"",admin/Estimate_request/index
Estimate_request,estimate_request,save_form_data,ACTION,NONE,GAP,"",admin/Estimate_request/save_form_data
Estimate_request,estimate_request,form,ACTION,NONE,GAP,"",admin/Estimate_request/form
Estimate_request,estimate_request,forms,ACTION,NONE,GAP,"",admin/Estimate_request/forms
Estimate_request,estimate_request,delete_form,DELETE,NONE,GAP,"",admin/Estimate_request/delete_form
Items,items,index,LIST,items,YES,"",admin/Items/index
Items,items,index,LIST,items,YES,"",admin/Items/index
Items,items,get_table_data,VALIDATE,items,GAP,"",admin/Items/get_table_data
Items,items,add_rfq,ACTION,items,GAP,"",admin/Items/add_rfq
Items,items,add_copy_rfq,ACTION,items,GAP,"",admin/Items/add_copy_rfq
Items,items,edit_rfq,ACTION,items,GAP,"",admin/Items/edit_rfq
Items,items,create,CREATE,items,YES,"",admin/Items/create
Items,items,update,EDIT,items,YES,"",admin/Items/update
Items,items,update_rfq_acceptance,ACTION,items,GAP,"",admin/Items/update_rfq_acceptance
Items,items,delete,DELETE,items,YES,"",admin/Items/delete
Items,items,rfq_cc_employees,ACTION,items,GAP,"",admin/Items/rfq_cc_employees
Items,items,view,DETAIL,items,GAP,"",admin/Items/view
Items,items,view_rfq,ACTION,items,GAP,"",admin/Items/view_rfq
Items,items,edit,EDIT,items,YES,"",admin/Items/edit
Items,items,reject_rfq,ACTION,items,GAP,"",admin/Items/reject_rfq
Items,items,insert,ACTION,items,GAP,"",admin/Items/insert
Items,items,supplier,ACTION,items,GAP,"",admin/Items/supplier
Items,items,recommend_ai_suppliers,ACTION,items,GAP,"",admin/Items/recommend_ai_suppliers
Items,items,recommend_ai_suppliers_by_item,ACTION,items,GAP,"",admin/Items/recommend_ai_suppliers_by_item
Items,items,add_supplier,ACTION,items,GAP,"",admin/Items/add_supplier
Items,items,create_rfq,ACTION,items,GAP,"",admin/Items/create_rfq
Items,items,create_copy_rfq,ACTION,items,GAP,"",admin/Items/create_copy_rfq
Items,items,copy_rfq,ACTION,items,GAP,"",admin/Items/copy_rfq
Items,items,rfq_suppliers_details,ACTION,items,GAP,"",admin/Items/rfq_suppliers_details
Items,items,view_supplier_replies,ACTION,items,GAP,"",admin/Items/view_supplier_replies
Items,items,review_rfq,ACTION,items,GAP,"",admin/Items/review_rfq
Items,items,add_rfq_employee,ACTION,items,GAP,"",admin/Items/add_rfq_employee
Items,items,delete_employee,DELETE,items,YES,"",admin/Items/delete_employee
Items,items,sendRfq,ACTION,items,GAP,"",admin/Items/sendRfq
Items,items,sendCopyRfq,ACTION,items,GAP,"",admin/Items/sendCopyRfq
Items,items,test,ACTION,items,GAP,"",admin/Items/test
Items,items,get_replies,VALIDATE,items,GAP,"",admin/Items/get_replies
Items,items,rfq_items_details_view,ACTION,items,GAP,"",admin/Items/rfq_items_details_view
Items,items,convert_item_to_archive,ACTION,items,GAP,"",admin/Items/convert_item_to_archive
Items,items,rfq_suppliers_statistics,ACTION,items,GAP,"",admin/Items/rfq_suppliers_statistics
Items,items,compar_items,ACTION,items,GAP,"",admin/Items/compar_items
Items,items,comparison_items,ACTION,items,GAP,"",admin/Items/comparison_items
Items,items,items_table,TAB,items,GAP,"",admin/Items/items_table
Items,items,get_data,VALIDATE,items,GAP,"",admin/Items/get_data
Kpi,kpi,index,LIST,NONE,GAP,"",admin/Kpi/index
Kpi,kpi,table,LIST,NONE,GAP,"",admin/Kpi/table
Kpi,kpi,proc,ACTION,NONE,GAP,"",admin/Kpi/proc
Kpi,kpi,kpi,ACTION,NONE,GAP,"",admin/Kpi/kpi
Kpi,kpi,proc_kpi,ACTION,NONE,GAP,"",admin/Kpi/proc_kpi
Kpi,kpi,staff_kpi,ACTION,NONE,GAP,"",admin/Kpi/staff_kpi
Kpi,kpi,emp_kpi,ACTION,NONE,GAP,"",admin/Kpi/emp_kpi
Kpi,kpi,employee_kpi,ACTION,NONE,GAP,"",admin/Kpi/employee_kpi
Kpi,kpi,staff_kpis_statistics,ACTION,NONE,GAP,"",admin/Kpi/staff_kpis_statistics
Kpi,kpi,staff_proc_kpis_statistics,ACTION,NONE,GAP,"",admin/Kpi/staff_proc_kpis_statistics
Kpi,kpi,get_all_user_kpis,VALIDATE,NONE,GAP,"",admin/Kpi/get_all_user_kpis
Kpi,kpi,get_proc_user_kpis,VALIDATE,NONE,GAP,"",admin/Kpi/get_proc_user_kpis
Kpi,kpi,kpi_report_OLD,ACTION,NONE,GAP,"",admin/Kpi/kpi_report_OLD
Kpi,kpi,user_report,ACTION,NONE,GAP,"",admin/Kpi/user_report
Kpi,kpi,kpi_period_report,ACTION,NONE,GAP,"",admin/Kpi/kpi_period_report
Kpi,kpi,dep_kpi_report,ACTION,NONE,GAP,"",admin/Kpi/dep_kpi_report
Kpi,kpi,dep_kpi_report,ACTION,NONE,GAP,"",admin/Kpi/dep_kpi_report
Kpi,kpi,get_table_data,VALIDATE,NONE,GAP,"",admin/Kpi/get_table_data
Kpi,kpi,ag_user_kpi,ACTION,NONE,GAP,"",admin/Kpi/ag_user_kpi
Kpi,kpi,user_kpi,ACTION,NONE,GAP,"",admin/Kpi/user_kpi
Pipeline,pipeline,index,LIST,NONE,GAP,"",admin/Pipeline/index
Pipeline,pipeline,view,DETAIL,NONE,GAP,"",admin/Pipeline/view
Pipeline,pipeline,approve,ACTION,NONE,GAP,"",admin/Pipeline/approve
Pipeline,pipeline,reject,ACTION,NONE,GAP,"",admin/Pipeline/reject
Pipeline,pipeline,takeover,ACTION,NONE,GAP,"",admin/Pipeline/takeover
Pipeline,pipeline,create,CREATE,NONE,GAP,"",admin/Pipeline/create
Pipeline,pipeline,api_update_draft,ACTION,NONE,GAP,"",admin/Pipeline/api_update_draft
Pipeline,pipeline,download_pdf,ACTION,NONE,GAP,"",admin/Pipeline/download_pdf
Pipeline,pipeline,api_get,ACTION,NONE,GAP,"",admin/Pipeline/api_get
Pipeline,pipeline,api_add_supplier,ACTION,NONE,GAP,"",admin/Pipeline/api_add_supplier
Pipeline,pipeline,api_update,ACTION,NONE,GAP,"",admin/Pipeline/api_update
Pipeline,pipeline,api_save_terms,ACTION,NONE,GAP,"",admin/Pipeline/api_save_terms
Pipeline,pipeline,api_preview,ACTION,NONE,GAP,"",admin/Pipeline/api_preview
Proc_mails,proc_mails,index,LIST,NONE,GAP,"",admin/Proc_mails/index
Proc_mails,proc_mails,index,LIST,NONE,GAP,"",admin/Proc_mails/index
Proc_mails,proc_mails,get_table_data,VALIDATE,NONE,GAP,"",admin/Proc_mails/get_table_data
Proc_mails,proc_mails,manage,ACTION,NONE,GAP,"",admin/Proc_mails/manage
Proc_mails,proc_mails,get_mails,VALIDATE,NONE,GAP,"",admin/Proc_mails/get_mails
Proc_mails,proc_mails,get_none_rfq_reply_details,VALIDATE,NONE,GAP,"",admin/Proc_mails/get_none_rfq_reply_details
Proc_mails,proc_mails,save_reply,ACTION,NONE,GAP,"",admin/Proc_mails/save_reply
Proc_mails,proc_mails,update_reply,ACTION,NONE,GAP,"",admin/Proc_mails/update_reply
Proc_mails,proc_mails,delete_reply,DELETE,NONE,GAP,"",admin/Proc_mails/delete_reply
Proc_mails,proc_mails,view_reply,ACTION,NONE,GAP,"",admin/Proc_mails/view_reply
Proc_mails,proc_mails,get_reply,VALIDATE,NONE,GAP,"",admin/Proc_mails/get_reply
Proc_mails,proc_mails,fetchProcMAilsByDate,ACTION,NONE,GAP,"",admin/Proc_mails/fetchProcMAilsByDate
Proc_mails,proc_mails,fetch_supplier_mail_attatchment,ACTION,NONE,GAP,"",admin/Proc_mails/fetch_supplier_mail_attatchment
Proc_mails,proc_mails,fetchProcMails,ACTION,NONE,GAP,"",admin/Proc_mails/fetchProcMails
Proc_mails,proc_mails,procReplyAction,ACTION,NONE,GAP,"",admin/Proc_mails/procReplyAction
Proc_mails,proc_mails,fetch_proc_mail_attach,ACTION,NONE,GAP,"",admin/Proc_mails/fetch_proc_mail_attach
Proc_mails,proc_mails,tiny_file_manager,ACTION,NONE,GAP,"",admin/Proc_mails/tiny_file_manager
Proc_mails,proc_mails,file_manager,ACTION,NONE,GAP,"",admin/Proc_mails/file_manager
Proc_mails,proc_mails,fetch_reply_attach,ACTION,NONE,GAP,"",admin/Proc_mails/fetch_reply_attach
Proc_mails,proc_mails,get_proc_quotation,VALIDATE,NONE,GAP,"",admin/Proc_mails/get_proc_quotation
Proc_mails,proc_mails,get_proc_quotation_details,VALIDATE,NONE,GAP,"",admin/Proc_mails/get_proc_quotation_details
Proc_mails,proc_mails,classify_mail,ACTION,NONE,GAP,"",admin/Proc_mails/classify_mail
Proc_mails,proc_mails,approve_mail,ACTION,NONE,GAP,"",admin/Proc_mails/approve_mail
Proc_mails,proc_mails,decline_mail,ACTION,NONE,GAP,"",admin/Proc_mails/decline_mail
Proc_mails,proc_mails,reclassify_mail,ACTION,NONE,GAP,"",admin/Proc_mails/reclassify_mail
Quotation_backlog,quotation_backlog,index,LIST,NONE,GAP,"",admin/Quotation_backlog/index
Quotation_backlog,quotation_backlog,get_counts,VALIDATE,NONE,GAP,"",admin/Quotation_backlog/get_counts
Quotation_backlog,quotation_backlog,get_table_data,VALIDATE,NONE,GAP,"",admin/Quotation_backlog/get_table_data
Quotation_backlog,quotation_backlog,proc_get_table_data,TAB,NONE,GAP,"",admin/Quotation_backlog/proc_get_table_data
Quotation_backlog,quotation_backlog,proc,ACTION,NONE,GAP,"",admin/Quotation_backlog/proc
Quotation_backlog,quotation_backlog,get_proc_counts,VALIDATE,NONE,GAP,"",admin/Quotation_backlog/get_proc_counts
Quotation_backlog,quotation_backlog,proc_table_data,TAB,NONE,GAP,"",admin/Quotation_backlog/proc_table_data
Quotation_backlog,quotation_backlog,get_review_modal,VALIDATE,NONE,GAP,"",admin/Quotation_backlog/get_review_modal
Quotation_backlog,quotation_backlog,ignore_ai_backlog,ACTION,NONE,GAP,"",admin/Quotation_backlog/ignore_ai_backlog
Quotation_backlog,quotation_backlog,convert_to_official,ACTION,NONE,GAP,"",admin/Quotation_backlog/convert_to_official
Reports,reports,index,LIST,NONE,GAP,"",admin/Reports/index
Reports,reports,index,LIST,NONE,GAP,"",admin/Reports/index
Reports,reports,get_table_data,VALIDATE,NONE,GAP,"",admin/Reports/get_table_data
Reports,reports,proc_get_table_data,TAB,NONE,GAP,"",admin/Reports/proc_get_table_data
Reports,reports,table,LIST,NONE,GAP,"",admin/Reports/table
Reports,reports,rfq_report,ACTION,NONE,GAP,"",admin/Reports/rfq_report
Reports,reports,get_report,VALIDATE,NONE,GAP,"",admin/Reports/get_report
Reports,reports,get_counts,VALIDATE,NONE,GAP,"",admin/Reports/get_counts
Respond,respond,index,LIST,NONE,GAP,"",admin/Respond/index
Respond,respond,submit,ACTION,NONE,GAP,"",admin/Respond/submit
Rfq,rfq,index,LIST,NONE,GAP,"",admin/Rfq/index
Rfq,rfq,index,LIST,NONE,GAP,"",admin/Rfq/index
Rfq,rfq,get_table_data,VALIDATE,NONE,GAP,"",admin/Rfq/get_table_data
Rfq,rfq,ag_delete,ACTION,NONE,GAP,"",admin/Rfq/ag_delete
Rfq,rfq,table,LIST,NONE,GAP,"",admin/Rfq/table
Rfq,rfq,rfqtable,TAB,NONE,GAP,"",admin/Rfq/rfqtable
Rfq,rfq,get_contacts,VALIDATE,NONE,GAP,"",admin/Rfq/get_contacts
Rfq,rfq,rfqs_count_status,ACTION,NONE,GAP,"",admin/Rfq/rfqs_count_status
Rfq,rfq,rfq_active,ACTION,NONE,GAP,"",admin/Rfq/rfq_active
Rfq,rfq,rfq_close,ACTION,NONE,GAP,"",admin/Rfq/rfq_close
Rfq,rfq,test2,ACTION,NONE,GAP,"",admin/Rfq/test2
Rfq,rfq,rfq_suppliers_replies,ACTION,NONE,GAP,"",admin/Rfq/rfq_suppliers_replies
Rfq,rfq,send_repaly_mail,ACTION,NONE,GAP,"",admin/Rfq/send_repaly_mail
Rfq,rfq,send_to_email,ACTION,NONE,GAP,"",admin/Rfq/send_to_email
Rfq,rfq,testSendMail,ACTION,NONE,GAP,"",admin/Rfq/testSendMail
Rfq,rfq,createRfqMailView,ACTION,NONE,GAP,"",admin/Rfq/createRfqMailView
Rfq,rfq,RfqMailReminder,ACTION,NONE,GAP,"",admin/Rfq/RfqMailReminder
Rfq,rfq,sendInqueryV2,ACTION,NONE,GAP,"",admin/Rfq/sendInqueryV2
Rfq,rfq,sendInqueryV30,ACTION,NONE,GAP,"",admin/Rfq/sendInqueryV30
Rfq,rfq,sendInqueryV31,ACTION,NONE,GAP,"",admin/Rfq/sendInqueryV31
Rfq,rfq,sendInqueryV3,ACTION,NONE,GAP,"",admin/Rfq/sendInqueryV3
Rfq,rfq,create,CREATE,NONE,GAP,"",admin/Rfq/create
Rfq,rfq,get_item_details,VALIDATE,NONE,GAP,"",admin/Rfq/get_item_details
Rfq,rfq,insert,ACTION,NONE,GAP,"",admin/Rfq/insert
Rfq,rfq,send_rfq,ACTION,NONE,GAP,"",admin/Rfq/send_rfq
Rfq,rfq,static_rfq_suppliers,ACTION,NONE,GAP,"",admin/Rfq/static_rfq_suppliers
Rfq,rfq,rfq_employee_cc_emails,ACTION,NONE,GAP,"",admin/Rfq/rfq_employee_cc_emails
Rfq,rfq,edit_rfq,ACTION,NONE,GAP,"",admin/Rfq/edit_rfq
Rfq,rfq,pr_item_details,ACTION,NONE,GAP,"",admin/Rfq/pr_item_details
Rfq,rfq,rfq,ACTION,NONE,GAP,"",admin/Rfq/rfq
Rfq,rfq,search_purchase_requests,ACTION,NONE,GAP,"",admin/Rfq/search_purchase_requests
Rfq,rfq,get_related_objects,VALIDATE,NONE,GAP,"",admin/Rfq/get_related_objects
Rfq,rfq,delete,DELETE,NONE,GAP,"",admin/Rfq/delete
Rfq,rfq,livesearch,ACTION,NONE,GAP,"",admin/Rfq/livesearch
Rfq,rfq,add_contact,ACTION,NONE,GAP,"",admin/Rfq/add_contact
Rfq,rfq,addquicksupplier,ACTION,NONE,GAP,"",admin/Rfq/addquicksupplier
Rfq,rfq,add_report,ACTION,NONE,GAP,"",admin/Rfq/add_report
Rfq,rfq,send_inquery,ACTION,NONE,GAP,"",admin/Rfq/send_inquery
Rfq,rfq,sendInquery,ACTION,NONE,GAP,"",admin/Rfq/sendInquery
Rfq,rfq,fetchData,ACTION,NONE,GAP,"",admin/Rfq/fetchData
Rfq,rfq,replaceBookmark,ACTION,NONE,GAP,"",admin/Rfq/replaceBookmark
Rfq,rfq,suppplier_contact_details,ACTION,NONE,GAP,"",admin/Rfq/suppplier_contact_details
Rfq,rfq,budgetforproject,ACTION,NONE,GAP,"",admin/Rfq/budgetforproject
Rfq,rfq,getPurrecsForRFQTemplate,ACTION,NONE,GAP,"",admin/Rfq/getPurrecsForRFQTemplate
Rfq,rfq,pritemsgetter,ACTION,NONE,GAP,"",admin/Rfq/pritemsgetter
Rfq,rfq,prItemsDetails,ACTION,NONE,GAP,"",admin/Rfq/prItemsDetails
Rfq,rfq,pritemsspecsgetterforstatictemplate,ACTION,NONE,GAP,"",admin/Rfq/pritemsspecsgetterforstatictemplate
Rfq,rfq,viewprojectbudgetdetail,ACTION,NONE,GAP,"",admin/Rfq/viewprojectbudgetdetail
Rfq,rfq,get_rfqfile,VALIDATE,NONE,GAP,"",admin/Rfq/get_rfqfile
Rfq,rfq,qouts_files_upload,ACTION,NONE,GAP,"",admin/Rfq/qouts_files_upload
Rfq,rfq,supplierRfqFile,ACTION,NONE,GAP,"",admin/Rfq/supplierRfqFile
Rfq,rfq,remove_file,ACTION,NONE,GAP,"",admin/Rfq/remove_file
Rfq,rfq,remove_qout_file,ACTION,NONE,GAP,"",admin/Rfq/remove_qout_file
Rfq,rfq,file,ACTION,NONE,GAP,"",admin/Rfq/file
Rfq,rfq,download_all_files,ACTION,NONE,GAP,"",admin/Rfq/download_all_files
Rfq,rfq,delete_replay,DELETE,NONE,GAP,"",admin/Rfq/delete_replay
Rfq,rfq,fetch_team_files,ACTION,NONE,GAP,"",admin/Rfq/fetch_team_files
Rfq,rfq,fetch_files,ACTION,NONE,GAP,"",admin/Rfq/fetch_files
Rfq,rfq,fetch_posts,ACTION,NONE,GAP,"",admin/Rfq/fetch_posts
Rfq,rfq,fetch_channel,ACTION,NONE,GAP,"",admin/Rfq/fetch_channel
Rfq,rfq,tenders_source_table,TAB,NONE,GAP,"",admin/Rfq/tenders_source_table
Rfq,rfq,replay_rfq_attatchment,ACTION,NONE,GAP,"",admin/Rfq/replay_rfq_attatchment
Rfq,rfq,upload_supplier_qoutation,UPLOAD,NONE,GAP,"",admin/Rfq/upload_supplier_qoutation
Rfq,rfq,view0,ACTION,NONE,GAP,"",admin/Rfq/view0
Rfq,rfq,update_reply_action,ACTION,NONE,GAP,"",admin/Rfq/update_reply_action
Rfq,rfq,update_reply_action_by_reply_id,ACTION,NONE,GAP,"",admin/Rfq/update_reply_action_by_reply_id
Rfq,rfq,getItemDetails,ACTION,NONE,GAP,"",admin/Rfq/getItemDetails
Rfq,rfq,activation,ACTION,NONE,GAP,"",admin/Rfq/activation
Rfq,rfq,edit,EDIT,NONE,GAP,"",admin/Rfq/edit
Rfq,rfq,fetchMAilsByRfqcode,ACTION,NONE,GAP,"",admin/Rfq/fetchMAilsByRfqcode
Rfq,rfq,fetch_mails_by_rfq_code,ACTION,NONE,GAP,"",admin/Rfq/fetch_mails_by_rfq_code
Rfq,rfq,fetch_attachments,UPLOAD,NONE,GAP,"",admin/Rfq/fetch_attachments
Rfq,rfq,store_attachment_file,UPLOAD,NONE,GAP,"",admin/Rfq/store_attachment_file
Rfq,rfq,fetch_supplier_rfq_attatchment,ACTION,NONE,GAP,"",admin/Rfq/fetch_supplier_rfq_attatchment
Rfq,rfq,excludeEmailsBySender,ACTION,NONE,GAP,"",admin/Rfq/excludeEmailsBySender
Rfq,rfq,excludeEmailsByEmailId,ACTION,NONE,GAP,"",admin/Rfq/excludeEmailsByEmailId
Rfq,rfq,extractEmailAddresses,ACTION,NONE,GAP,"",admin/Rfq/extractEmailAddresses
Rfq,rfq,fetch_cached_mail,ACTION,NONE,GAP,"",admin/Rfq/fetch_cached_mail
Rfq,rfq,fetch_team_channel_files,ACTION,NONE,GAP,"",admin/Rfq/fetch_team_channel_files
Rfq,rfq,fetch_reply_mail,ACTION,NONE,GAP,"",admin/Rfq/fetch_reply_mail
Rfq,rfq,fetch_mail_attches,ACTION,NONE,GAP,"",admin/Rfq/fetch_mail_attches
Rfq,rfq,fetch_rfq_mail_attches,ACTION,NONE,GAP,"",admin/Rfq/fetch_rfq_mail_attches
Rfq,rfq,project_table,TAB,NONE,GAP,"",admin/Rfq/project_table
Rfq,rfq,update_rfq_supplier_replies,ACTION,NONE,GAP,"",admin/Rfq/update_rfq_supplier_replies
Rfq,rfq,rfq_statistics,ACTION,NONE,GAP,"",admin/Rfq/rfq_statistics
Rfq,rfq,unfllow_ack_rfq,ACTION,NONE,GAP,"",admin/Rfq/unfllow_ack_rfq
Rfq,rfq,get_unaction_rfq,VALIDATE,NONE,GAP,"",admin/Rfq/get_unaction_rfq
Rfq,rfq,unquotation_reply_rfq,ACTION,NONE,GAP,"",admin/Rfq/unquotation_reply_rfq
Rfq,rfq,get_unquotation_reply_rfq,VALIDATE,NONE,GAP,"",admin/Rfq/get_unquotation_reply_rfq
Rfq,rfq,unique_suppliers_replies,ACTION,NONE,GAP,"",admin/Rfq/unique_suppliers_replies
Rfq,rfq,get_related_pr,VALIDATE,NONE,GAP,"",admin/Rfq/get_related_pr
Rfq,rfq,get_related_pr_project_by_id,VALIDATE,NONE,GAP,"",admin/Rfq/get_related_pr_project_by_id
Rfq,rfq,need_action_replies,ACTION,NONE,GAP,"",admin/Rfq/need_action_replies
Rfq,rfq,rfq_related_objects,ACTION,NONE,GAP,"",admin/Rfq/rfq_related_objects
Rfq,rfq,tiny_file_manager,ACTION,NONE,GAP,"",admin/Rfq/tiny_file_manager
Rfq,rfq,file_manager,ACTION,NONE,GAP,"",admin/Rfq/file_manager
Rfq,rfq,setting,ACTION,NONE,GAP,"",admin/Rfq/setting
Rfq,rfq,save_ai_agent_prompt,ACTION,NONE,GAP,"",admin/Rfq/save_ai_agent_prompt
Rfq,rfq,reset_ai_agent_prompt,ACTION,NONE,GAP,"",admin/Rfq/reset_ai_agent_prompt
Rfq,rfq,test_ai_agent_prompt,ACTION,NONE,GAP,"",admin/Rfq/test_ai_agent_prompt
Rfq,rfq,save_ai_quotation_prompt,ACTION,NONE,GAP,"",admin/Rfq/save_ai_quotation_prompt
Rfq,rfq,reset_ai_quotation_prompt,ACTION,NONE,GAP,"",admin/Rfq/reset_ai_quotation_prompt
Rfq,rfq,test_ai_quotation_prompt,ACTION,NONE,GAP,"",admin/Rfq/test_ai_quotation_prompt
Rfq,rfq,save_ai_proc_quotation_prompt,ACTION,NONE,GAP,"",admin/Rfq/save_ai_proc_quotation_prompt
Rfq,rfq,reset_ai_proc_quotation_prompt,ACTION,NONE,GAP,"",admin/Rfq/reset_ai_proc_quotation_prompt
Rfq,rfq,test_ai_proc_quotation_prompt,ACTION,NONE,GAP,"",admin/Rfq/test_ai_proc_quotation_prompt
Rfq_email,rfq_email,index,LIST,NONE,GAP,"",admin/Rfq_email/index
Rfq_email,rfq_email,email_table,TAB,NONE,GAP,"",admin/Rfq_email/email_table
Rfq_email,rfq_email,get_table_data,VALIDATE,NONE,GAP,"",admin/Rfq_email/get_table_data
Rfq_email,rfq_email,get_reply_details,VALIDATE,NONE,GAP,"",admin/Rfq_email/get_reply_details
Rfq_email_api,rfq_email_api,index,LIST,NONE,GAP,"",admin/Rfq_email_api/index
Rfq_email_api,rfq_email_api,table,LIST,NONE,GAP,"",admin/Rfq_email_api/table
Rfq_email_api,rfq_email_api,rfq,ACTION,NONE,GAP,"",admin/Rfq_email_api/rfq
Rfq_email_api,rfq_email_api,rfq,ACTION,NONE,GAP,"",admin/Rfq_email_api/rfq
Rfq_email_api,rfq_email_api,send_inquery,ACTION,NONE,GAP,"",admin/Rfq_email_api/send_inquery
Rfq_item,rfq_item,index,LIST,NONE,GAP,"",admin/Rfq_item/index
Rfq_item,rfq_item,suppliers,ACTION,NONE,GAP,"",admin/Rfq_item/suppliers
Rfq_item,rfq_item,create_rfq,ACTION,NONE,GAP,"",admin/Rfq_item/create_rfq
Rfq_item,rfq_item,send_rfq,ACTION,NONE,GAP,"",admin/Rfq_item/send_rfq
Rfq_item,rfq_item,add_rfq,ACTION,NONE,GAP,"",admin/Rfq_item/add_rfq
Rfq_item,rfq_item,archive_item,ACTION,NONE,GAP,"",admin/Rfq_item/archive_item
Rfq_item,rfq_item,items,ACTION,NONE,GAP,"",admin/Rfq_item/items
Rfq_item,rfq_item,items,ACTION,NONE,GAP,"",admin/Rfq_item/items
Rfq_item,rfq_item,get_table_data,VALIDATE,NONE,GAP,"",admin/Rfq_item/get_table_data
Rfq_item,rfq_item,selectSuppliers,ACTION,NONE,GAP,"",admin/Rfq_item/selectSuppliers
Rfq_item,rfq_item,table,LIST,NONE,GAP,"",admin/Rfq_item/table
Rfq_item,rfq_item,supplier,ACTION,NONE,GAP,"",admin/Rfq_item/supplier
Rfq_item,rfq_item,checkExistMail,ACTION,NONE,GAP,"",admin/Rfq_item/checkExistMail
Rfq_item,rfq_item,rfqitems,ACTION,NONE,GAP,"",admin/Rfq_item/rfqitems
Rfq_item,rfq_item,key,ACTION,NONE,GAP,"",admin/Rfq_item/key
Rfq_item,rfq_item,getKeywordSupplier2,ACTION,NONE,GAP,"",admin/Rfq_item/getKeywordSupplier2
Rfq_item,rfq_item,budgetforproject,ACTION,NONE,GAP,"",admin/Rfq_item/budgetforproject
Rfq_item,rfq_item,creatRfqExcel,ACTION,NONE,GAP,"",admin/Rfq_item/creatRfqExcel
Rfq_item,rfq_item,createRFQExcelfile,ACTION,NONE,GAP,"",admin/Rfq_item/createRFQExcelfile
Rfq_item,rfq_item,sendInqueryV2,ACTION,NONE,GAP,"",admin/Rfq_item/sendInqueryV2
Rfq_item,rfq_item,sendInqueryAbosoulte,ACTION,NONE,GAP,"",admin/Rfq_item/sendInqueryAbosoulte
Rfq_item,rfq_item,sendInqueryV3,ACTION,NONE,GAP,"",admin/Rfq_item/sendInqueryV3
Rfq_item,rfq_item,sendInqueryV21,ACTION,NONE,GAP,"",admin/Rfq_item/sendInqueryV21
Rfq_item,rfq_item,sendInqueryV1,ACTION,NONE,GAP,"",admin/Rfq_item/sendInqueryV1
Rfq_item,rfq_item,rfq_item,ACTION,NONE,GAP,"",admin/Rfq_item/rfq_item
Rfq_item,rfq_item,livesearch,ACTION,NONE,GAP,"",admin/Rfq_item/livesearch
Rfq_item,rfq_item,item_specs,ACTION,NONE,GAP,"",admin/Rfq_item/item_specs
Rfq_item,rfq_item,get_rfqfile,VALIDATE,NONE,GAP,"",admin/Rfq_item/get_rfqfile
Rfq_item,rfq_item,edit,EDIT,NONE,GAP,"",admin/Rfq_item/edit
Rfq_item,rfq_item,rfq_cc_employees,ACTION,NONE,GAP,"",admin/Rfq_item/rfq_cc_employees
Rfq_item,rfq_item,supplierRepliesStatics,ACTION,NONE,GAP,"",admin/Rfq_item/supplierRepliesStatics
Rfq_item,rfq_item,suppliers_keywords,ACTION,NONE,GAP,"",admin/Rfq_item/suppliers_keywords
Rfq_item,rfq_item,refresh_item_version,ACTION,NONE,GAP,"",admin/Rfq_item/refresh_item_version
Rfq_master,rfq_master,index,LIST,NONE,GAP,"",admin/Rfq_master/index
Rfq_master,rfq_master,list_estimates,ACTION,NONE,GAP,"",admin/Rfq_master/list_estimates
Rfq_master,rfq_master,table,LIST,NONE,GAP,"",admin/Rfq_master/table
Rfq_master,rfq_master,estimate,ACTION,NONE,GAP,"",admin/Rfq_master/estimate
Rfq_master,rfq_master,clear_signature,ACTION,NONE,GAP,"",admin/Rfq_master/clear_signature
Rfq_master,rfq_master,update_number_settings,ACTION,NONE,GAP,"",admin/Rfq_master/update_number_settings
Rfq_master,rfq_master,validate_estimate_number,ACTION,NONE,GAP,"",admin/Rfq_master/validate_estimate_number
Rfq_master,rfq_master,delete_attachment,DELETE,NONE,GAP,"",admin/Rfq_master/delete_attachment
Rfq_master,rfq_master,get_estimate_data_ajax,VALIDATE,NONE,GAP,"",admin/Rfq_master/get_estimate_data_ajax
Rfq_master,rfq_master,get_rfq_data_ajax,VALIDATE,NONE,GAP,"",admin/Rfq_master/get_rfq_data_ajax
Rfq_master,rfq_master,sendInqueryV3,ACTION,NONE,GAP,"",admin/Rfq_master/sendInqueryV3
Rfq_master,rfq_master,fetchbyrfqcode,ACTION,NONE,GAP,"",admin/Rfq_master/fetchbyrfqcode
Rfq_master,rfq_master,fetchMAilsByRfqcode,ACTION,NONE,GAP,"",admin/Rfq_master/fetchMAilsByRfqcode
Rfq_master,rfq_master,fetchMAilsByRfqcodeV2,ACTION,NONE,GAP,"",admin/Rfq_master/fetchMAilsByRfqcodeV2
Rfq_master,rfq_master,fetchbyrfqcodesndSupplier,ACTION,NONE,GAP,"",admin/Rfq_master/fetchbyrfqcodesndSupplier
Rfq_master,rfq_master,viewsupplierreply,ACTION,NONE,GAP,"",admin/Rfq_master/viewsupplierreply
Rfq_master,rfq_master,saveEmailAttachments,UPLOAD,NONE,GAP,"",admin/Rfq_master/saveEmailAttachments
Rfq_master,rfq_master,get_estimates_total,VALIDATE,NONE,GAP,"",admin/Rfq_master/get_estimates_total
Rfq_master,rfq_master,add_note,ACTION,NONE,GAP,"",admin/Rfq_master/add_note
Rfq_master,rfq_master,get_notes,VALIDATE,NONE,GAP,"",admin/Rfq_master/get_notes
Rfq_master,rfq_master,mark_action_status,ACTION,NONE,GAP,"",admin/Rfq_master/mark_action_status
Rfq_master,rfq_master,send_expiry_reminder,ACTION,NONE,GAP,"",admin/Rfq_master/send_expiry_reminder
Rfq_master,rfq_master,send_to_email,ACTION,NONE,GAP,"",admin/Rfq_master/send_to_email
Rfq_master,rfq_master,convert_to_invoice,ACTION,NONE,GAP,"",admin/Rfq_master/convert_to_invoice
Rfq_master,rfq_master,copy,ACTION,NONE,GAP,"",admin/Rfq_master/copy
Rfq_master,rfq_master,delete,DELETE,NONE,GAP,"",admin/Rfq_master/delete
Rfq_master,rfq_master,clear_acceptance_info,ACTION,NONE,GAP,"",admin/Rfq_master/clear_acceptance_info
Rfq_master,rfq_master,pdf,ACTION,NONE,GAP,"",admin/Rfq_master/pdf
Rfq_master,rfq_master,get_pipeline,VALIDATE,NONE,GAP,"",admin/Rfq_master/get_pipeline
Rfq_master,rfq_master,pipeline_open,ACTION,NONE,GAP,"",admin/Rfq_master/pipeline_open
Rfq_master,rfq_master,update_pipeline,ACTION,NONE,GAP,"",admin/Rfq_master/update_pipeline
Rfq_master,rfq_master,pipeline,ACTION,NONE,GAP,"",admin/Rfq_master/pipeline
Rfq_master,rfq_master,pipeline_load_more,ACTION,NONE,GAP,"",admin/Rfq_master/pipeline_load_more
Rfq_master,rfq_master,set_estimate_pipeline_autoload,ACTION,NONE,GAP,"",admin/Rfq_master/set_estimate_pipeline_autoload
Rfq_master,rfq_master,get_due_date,VALIDATE,NONE,GAP,"",admin/Rfq_master/get_due_date
Rfq_master,rfq_master,send_inqueryV2,ACTION,NONE,GAP,"",admin/Rfq_master/send_inqueryV2
Rfq_master,rfq_master,send_inquery,ACTION,NONE,GAP,"",admin/Rfq_master/send_inquery
Rfq_master,rfq_master,sendInquery,ACTION,NONE,GAP,"",admin/Rfq_master/sendInquery
Setting,setting,index,LIST,NONE,GAP,"",admin/Setting/index
Setting,setting,save_ai_agent_prompt,ACTION,NONE,GAP,"",admin/Setting/save_ai_agent_prompt
Setting,setting,reset_ai_agent_prompt,ACTION,NONE,GAP,"",admin/Setting/reset_ai_agent_prompt
Setting,setting,test_ai_agent_prompt,ACTION,NONE,GAP,"",admin/Setting/test_ai_agent_prompt
Setting,setting,save_ai_quotation_prompt,ACTION,NONE,GAP,"",admin/Setting/save_ai_quotation_prompt
Setting,setting,reset_ai_quotation_prompt,ACTION,NONE,GAP,"",admin/Setting/reset_ai_quotation_prompt
Setting,setting,test_ai_quotation_prompt,ACTION,NONE,GAP,"",admin/Setting/test_ai_quotation_prompt
Setting,setting,save_ai_proc_quotation_prompt,ACTION,NONE,GAP,"",admin/Setting/save_ai_proc_quotation_prompt
Setting,setting,reset_ai_proc_quotation_prompt,ACTION,NONE,GAP,"",admin/Setting/reset_ai_proc_quotation_prompt
Setting,setting,test_ai_proc_quotation_prompt,ACTION,NONE,GAP,"",admin/Setting/test_ai_proc_quotation_prompt
Suppliers,suppliers,unreplied_supplier_rfqs,ACTION,NONE,GAP,"",admin/Suppliers/unreplied_supplier_rfqs
Suppliers,suppliers,keywords_V2,ACTION,NONE,GAP,"",admin/Suppliers/keywords_V2
Suppliers,suppliers,keywords,ACTION,NONE,GAP,"",admin/Suppliers/keywords
Suppliers,suppliers,extractKeywords,ACTION,NONE,GAP,"",admin/Suppliers/extractKeywords
Suppliers,suppliers,extract_keywords_from_email,ACTION,NONE,GAP,"",admin/Suppliers/extract_keywords_from_email
Suppliers,suppliers,extract_keywords_from_subject,ACTION,NONE,GAP,"",admin/Suppliers/extract_keywords_from_subject
Suppliers,suppliers,extract_keywords_from_body,ACTION,NONE,GAP,"",admin/Suppliers/extract_keywords_from_body
Suppliers,suppliers,extract_keywords,ACTION,NONE,GAP,"",admin/Suppliers/extract_keywords
Suppliers,suppliers,suggest_suppliers,ACTION,NONE,GAP,"",admin/Suppliers/suggest_suppliers
Suppliers,suppliers,delete_supplier,DELETE,NONE,GAP,"",admin/Suppliers/delete_supplier
Suppliers,suppliers,email_supplier_details,ACTION,NONE,GAP,"",admin/Suppliers/email_supplier_details
Suppliers,suppliers,new_supplier,ACTION,NONE,GAP,"",admin/Suppliers/new_supplier
Suppliers,suppliers,get_new_suppliers,VALIDATE,NONE,GAP,"",admin/Suppliers/get_new_suppliers
Suppliers,suppliers,delete_new_supplier,DELETE,NONE,GAP,"",admin/Suppliers/delete_new_supplier
Suppliers.test,suppliers.test,setUp,ACTION,NONE,GAP,"",admin/Suppliers.test/setUp
Web_mails copy,web_mails copy,index,LIST,NONE,GAP,"",admin/Web_mails copy/index
Web_mails copy,web_mails copy,get_web_mails,VALIDATE,NONE,GAP,"",admin/Web_mails copy/get_web_mails
Web_mails copy,web_mails copy,view,DETAIL,NONE,GAP,"",admin/Web_mails copy/view
Web_mails copy,web_mails copy,web_mails,ACTION,NONE,GAP,"",admin/Web_mails copy/web_mails
Web_mails copy,web_mails copy,get_mail_details,VALIDATE,NONE,GAP,"",admin/Web_mails copy/get_mail_details
Web_mails copy,web_mails copy,get_mail_details_by_id,VALIDATE,NONE,GAP,"",admin/Web_mails copy/get_mail_details_by_id
Web_mails copy,web_mails copy,get_mail_details_by_code,VALIDATE,NONE,GAP,"",admin/Web_mails copy/get_mail_details_by_code
Web_mails copy,web_mails copy,get_mail_details_by_code_and_id,VALIDATE,NONE,GAP,"",admin/Web_mails copy/get_mail_details_by_code_and_id
Web_mails copy,web_mails copy,get_mail_details_by_code_and_id_and_type,VALIDATE,NONE,GAP,"",admin/Web_mails copy/get_mail_details_by_code_and_id_and_type
Web_mails copy,web_mails copy,mark_as_read,ACTION,NONE,GAP,"",admin/Web_mails copy/mark_as_read
Web_mails copy,web_mails copy,mark_as_unread,ACTION,NONE,GAP,"",admin/Web_mails copy/mark_as_unread
Web_mails copy,web_mails copy,delete_mail,DELETE,NONE,GAP,"",admin/Web_mails copy/delete_mail
Web_mails copy,web_mails copy,rfq_latest_mail_details,ACTION,NONE,GAP,"",admin/Web_mails copy/rfq_latest_mail_details
Web_mails copy,web_mails copy,get_rfq_quotation,VALIDATE,NONE,GAP,"",admin/Web_mails copy/get_rfq_quotation
Web_mails copy,web_mails copy,fetch_reply_attach,ACTION,NONE,GAP,"",admin/Web_mails copy/fetch_reply_attach
Web_mails copy,web_mails copy,web_mails_client,ACTION,NONE,GAP,"",admin/Web_mails copy/web_mails_client
Web_mails copy,web_mails copy,web_mails_client_v2,ACTION,NONE,GAP,"",admin/Web_mails copy/web_mails_client_v2
Web_mails copy,web_mails copy,get_latest_mails,VALIDATE,NONE,GAP,"",admin/Web_mails copy/get_latest_mails
Web_mails copy,web_mails copy,get_email_details,VALIDATE,NONE,GAP,"",admin/Web_mails copy/get_email_details
Web_mails copy,web_mails copy,get_email_details_by_id,VALIDATE,NONE,GAP,"",admin/Web_mails copy/get_email_details_by_id
Web_mails copy,web_mails copy,get_email_details_by_code,VALIDATE,NONE,GAP,"",admin/Web_mails copy/get_email_details_by_code
Web_mails copy,web_mails copy,get_email_details_by_code_and_id,VALIDATE,NONE,GAP,"",admin/Web_mails copy/get_email_details_by_code_and_id
Web_mails,web_mails,index,LIST,NONE,GAP,"",admin/Web_mails/index
Web_mails,web_mails,get_web_mails,VALIDATE,NONE,GAP,"",admin/Web_mails/get_web_mails
Web_mails,web_mails,view,DETAIL,NONE,GAP,"",admin/Web_mails/view
Web_mails,web_mails,web_mails,ACTION,NONE,GAP,"",admin/Web_mails/web_mails
Web_mails,web_mails,get_mail_details,VALIDATE,NONE,GAP,"",admin/Web_mails/get_mail_details
Web_mails,web_mails,classify_mail,ACTION,NONE,GAP,"",admin/Web_mails/classify_mail
Web_mails,web_mails,approve_mail,ACTION,NONE,GAP,"",admin/Web_mails/approve_mail
Web_mails,web_mails,decline_mail,ACTION,NONE,GAP,"",admin/Web_mails/decline_mail
Web_mails,web_mails,reclassify_mail,ACTION,NONE,GAP,"",admin/Web_mails/reclassify_mail
Web_mails,web_mails,get_mail_body,VALIDATE,NONE,GAP,"",admin/Web_mails/get_mail_body
Web_mails,web_mails,get_mail_details_by_id,VALIDATE,NONE,GAP,"",admin/Web_mails/get_mail_details_by_id
Web_mails,web_mails,get_mail_details_by_code,VALIDATE,NONE,GAP,"",admin/Web_mails/get_mail_details_by_code
Web_mails,web_mails,get_mail_details_by_code_and_id,VALIDATE,NONE,GAP,"",admin/Web_mails/get_mail_details_by_code_and_id
Web_mails,web_mails,get_mail_details_by_code_and_id_and_type,VALIDATE,NONE,GAP,"",admin/Web_mails/get_mail_details_by_code_and_id_and_type
Web_mails,web_mails,mark_as_read,ACTION,NONE,GAP,"",admin/Web_mails/mark_as_read
Web_mails,web_mails,mark_as_unread,ACTION,NONE,GAP,"",admin/Web_mails/mark_as_unread
Web_mails,web_mails,delete_mail,DELETE,NONE,GAP,"",admin/Web_mails/delete_mail
Web_mails,web_mails,rfq_latest_mail_details,ACTION,NONE,GAP,"",admin/Web_mails/rfq_latest_mail_details
Web_mails,web_mails,get_rfq_quotation,VALIDATE,NONE,GAP,"",admin/Web_mails/get_rfq_quotation
Web_mails,web_mails,fetch_reply_attach,ACTION,NONE,GAP,"",admin/Web_mails/fetch_reply_attach
Web_mails,web_mails,web_mails_cleint,ACTION,NONE,GAP,"",admin/Web_mails/web_mails_cleint
Web_mails,web_mails,get_emails,VALIDATE,NONE,GAP,"",admin/Web_mails/get_emails
Web_mails,web_mails,get_latest_mails,VALIDATE,NONE,GAP,"",admin/Web_mails/get_latest_mails
Web_mails,web_mails,get_email_details,VALIDATE,NONE,GAP,"",admin/Web_mails/get_email_details
Web_mails,web_mails,get_email_details_by_id,VALIDATE,NONE,GAP,"",admin/Web_mails/get_email_details_by_id
Web_mails,web_mails,get_email_details_by_code,VALIDATE,NONE,GAP,"",admin/Web_mails/get_email_details_by_code
Web_mails,web_mails,get_email_details_by_code_and_id,VALIDATE,NONE,GAP,"",admin/Web_mails/get_email_details_by_code_and_id
Web_mails,web_mails,search_emails,ACTION,NONE,GAP,"",admin/Web_mails/search_emails
Web_mails,web_mails,reenter_action,ACTION,NONE,GAP,"",admin/Web_mails/reenter_action
Web_mails,web_mails,get_sender_details,VALIDATE,NONE,GAP,"",admin/Web_mails/get_sender_details
Web_mails,web_mails,get_reply_action,VALIDATE,NONE,GAP,"",admin/Web_mails/get_reply_action
Web_mails,web_mails,get_reply_action_by_id,VALIDATE,NONE,GAP,"",admin/Web_mails/get_reply_action_by_id
Web_mails,web_mails,RfqMailReminder,ACTION,NONE,GAP,"",admin/Web_mails/RfqMailReminder
Si_custom_status,si_custom_status,index,LIST,NONE,GAP,"",admin/Si_custom_status/index
Si_custom_status,si_custom_status,statuses,ACTION,NONE,GAP,"",admin/Si_custom_status/statuses
Si_custom_status,si_custom_status,status,ACTION,NONE,GAP,"",admin/Si_custom_status/status
Si_custom_status,si_custom_status,delete_status,DELETE,NONE,GAP,"",admin/Si_custom_status/delete_status
Si_custom_status,si_custom_status,save_edit_default_status,ACTION,NONE,GAP,"",admin/Si_custom_status/save_edit_default_status
Si_custom_status,si_custom_status,change_default_status,ACTION,NONE,GAP,"",admin/Si_custom_status/change_default_status
Si_task_filters,si_task_filters,tasks_report,ACTION,NONE,GAP,"",admin/Si_task_filters/tasks_report
Si_timesheet,si_timesheet,index,LIST,NONE,GAP,"",admin/Si_timesheet/index
Si_timesheet,si_timesheet,get_calendar_data,VALIDATE,NONE,GAP,"",admin/Si_timesheet/get_calendar_data
Si_timesheet,si_timesheet,edit_timesheet,ACTION,NONE,GAP,"",admin/Si_timesheet/edit_timesheet
Si_timesheet,si_timesheet,save_timesheet,ACTION,NONE,GAP,"",admin/Si_timesheet/save_timesheet
Si_timesheet,si_timesheet,view_timesheet,ACTION,NONE,GAP,"",admin/Si_timesheet/view_timesheet
Si_timesheet,si_timesheet,delete_timesheet,DELETE,NONE,GAP,"",admin/Si_timesheet/delete_timesheet
Si_timesheet,si_timesheet,ajax_search_assign_task_to_timer,ACTION,NONE,GAP,"",admin/Si_timesheet/ajax_search_assign_task_to_timer
Si_timesheet,si_timesheet,timesheet_summary,ACTION,NONE,GAP,"",admin/Si_timesheet/timesheet_summary
Participate,participate,index,LIST,NONE,GAP,"",admin/Participate/index
Surveys,surveys,index,LIST,surveys_api,YES,"",admin/Surveys/index
Surveys,surveys,survey,ACTION,surveys_api,GAP,"",admin/Surveys/survey
Surveys,surveys,send,ACTION,surveys_api,GAP,"",admin/Surveys/send
Surveys,surveys,remove_survey_send,ACTION,surveys_api,GAP,"",admin/Surveys/remove_survey_send
Surveys,surveys,results,ACTION,surveys_api,GAP,"",admin/Surveys/results
Surveys,surveys,delete,DELETE,surveys_api,YES,"",admin/Surveys/delete
Surveys,surveys,remove_question,ACTION,surveys_api,GAP,"",admin/Surveys/remove_question
Surveys,surveys,remove_box_description,ACTION,surveys_api,GAP,"",admin/Surveys/remove_box_description
Surveys,surveys,add_box_description,ACTION,surveys_api,GAP,"",admin/Surveys/add_box_description
Surveys,surveys,add_survey_question,ACTION,surveys_api,GAP,"",admin/Surveys/add_survey_question
Surveys,surveys,update_question,ACTION,surveys_api,GAP,"",admin/Surveys/update_question
Surveys,surveys,update_survey_questions_orders,ACTION,surveys_api,GAP,"",admin/Surveys/update_survey_questions_orders
Surveys,surveys,change_survey_status,ACTION,surveys_api,GAP,"",admin/Surveys/change_survey_status
Surveys,surveys,mail_lists,ACTION,surveys_api,GAP,"",admin/Surveys/mail_lists
Surveys,surveys,mail_list,ACTION,surveys_api,GAP,"",admin/Surveys/mail_list
Surveys,surveys,mail_list_view,ACTION,surveys_api,GAP,"",admin/Surveys/mail_list_view
Surveys,surveys,add_email_to_list,ACTION,surveys_api,GAP,"",admin/Surveys/add_email_to_list
Surveys,surveys,remove_email_from_mail_list,ACTION,surveys_api,GAP,"",admin/Surveys/remove_email_from_mail_list
Surveys,surveys,remove_list_custom_field,ACTION,surveys_api,GAP,"",admin/Surveys/remove_list_custom_field
Surveys,surveys,import_emails,ACTION,surveys_api,GAP,"",admin/Surveys/import_emails
Surveys,surveys,delete_mail_list,DELETE,surveys_api,YES,"",admin/Surveys/delete_mail_list
Setting,setting,set_info,ACTION,NONE,GAP,"",admin/Setting/set_info
Setting,setting,set_info_export,ACTION,NONE,GAP,"",admin/Setting/set_info_export
Setting,setting,get_info,VALIDATE,NONE,GAP,"",admin/Setting/get_info
Setting,setting,get_role_info,VALIDATE,NONE,GAP,"",admin/Setting/get_role_info
Setting,setting,set_role_info,ACTION,NONE,GAP,"",admin/Setting/set_role_info
Manage,manage,index,LIST,NONE,GAP,"",admin/Manage/index
Manage,manage,lists,ACTION,NONE,GAP,"",admin/Manage/lists
Manage,manage,group_detail,ACTION,NONE,GAP,"",admin/Manage/group_detail
Manage,manage,group_save,ACTION,NONE,GAP,"",admin/Manage/group_save
Manage,manage,group_change_status,ACTION,NONE,GAP,"",admin/Manage/group_change_status
Manage,manage,group_delete,ACTION,NONE,GAP,"",admin/Manage/group_delete
Manage,manage,detail,DETAIL,NONE,GAP,"",admin/Manage/detail
Manage,manage,list_tasks,ACTION,NONE,GAP,"",admin/Manage/list_tasks
Manage,manage,save_task,ACTION,NONE,GAP,"",admin/Manage/save_task
Manage,manage,task_detail,ACTION,NONE,GAP,"",admin/Manage/task_detail
Manage,manage,delete_task,DELETE,NONE,GAP,"",admin/Manage/delete_task
Manage,manage,milestone_detail,ACTION,NONE,GAP,"",admin/Manage/milestone_detail
Manage,manage,save_milestone,ACTION,NONE,GAP,"",admin/Manage/save_milestone
Manage,manage,delete_milestone,DELETE,NONE,GAP,"",admin/Manage/delete_milestone
Manage,manage,add_checklist,ACTION,NONE,GAP,"",admin/Manage/add_checklist
Manage,manage,save_task_group_order,ACTION,NONE,GAP,"",admin/Manage/save_task_group_order
Manage,manage,check_project_page,ACTION,NONE,GAP,"",admin/Manage/check_project_page
Manage,manage,project_task_diagrams,ACTION,NONE,GAP,"",admin/Manage/project_task_diagrams
Manage,manage,check_the_db,ACTION,NONE,GAP,"",admin/Manage/check_the_db
Manage,manage,check_opportunity_page,ACTION,NONE,GAP,"",admin/Manage/check_opportunity_page
Task_opportunities,task_opportunities,index,LIST,NONE,GAP,"",admin/Task_opportunities/index
Task_opportunities,task_opportunities,lists,ACTION,NONE,GAP,"",admin/Task_opportunities/lists
Task_opportunities,task_opportunities,diagram_detail,ACTION,NONE,GAP,"",admin/Task_opportunities/diagram_detail
Task_opportunities,task_opportunities,pipeline,ACTION,NONE,GAP,"",admin/Task_opportunities/pipeline
Task_opportunities,task_opportunities,pipeline_content,ACTION,NONE,GAP,"",admin/Task_opportunities/pipeline_content
Task_opportunities,task_opportunities,group_pipeline,ACTION,NONE,GAP,"",admin/Task_opportunities/group_pipeline
Task_opportunities,task_opportunities,group_pipeline_content,ACTION,NONE,GAP,"",admin/Task_opportunities/group_pipeline_content
Task_projects,task_projects,index,LIST,NONE,GAP,"",admin/Task_projects/index
Task_projects,task_projects,lists,ACTION,NONE,GAP,"",admin/Task_projects/lists
Task_projects,task_projects,diagram_detail,ACTION,NONE,GAP,"",admin/Task_projects/diagram_detail
Task_projects,task_projects,pipeline,ACTION,NONE,GAP,"",admin/Task_projects/pipeline
Task_projects,task_projects,pipeline_content,ACTION,NONE,GAP,"",admin/Task_projects/pipeline_content
Task_projects,task_projects,group_pipeline,ACTION,NONE,GAP,"",admin/Task_projects/group_pipeline
Task_projects,task_projects,group_pipeline_content,ACTION,NONE,GAP,"",admin/Task_projects/group_pipeline_content
Boq_Management,boq_management,index,LIST,NONE,GAP,"",admin/Boq_Management/index
Boq_Management,boq_management,table,LIST,NONE,GAP,"",admin/Boq_Management/table
Boq_Management,boq_management,boq_details,ACTION,NONE,GAP,"",admin/Boq_Management/boq_details
Boq_Management,boq_management,view,DETAIL,NONE,GAP,"",admin/Boq_Management/view
Boq_Management,boq_management,add_update_boq,ACTION,NONE,GAP,"",admin/Boq_Management/add_update_boq
Boq_Management,boq_management,add,CREATE,NONE,GAP,"",admin/Boq_Management/add
Boq_Management,boq_management,edit,EDIT,NONE,GAP,"",admin/Boq_Management/edit
Boq_Management,boq_management,search_rel_type,ACTION,NONE,GAP,"",admin/Boq_Management/search_rel_type
Boq_Management,boq_management,get_boq_items,VALIDATE,NONE,GAP,"",admin/Boq_Management/get_boq_items
Boq_Management,boq_management,get_total_value,VALIDATE,NONE,GAP,"",admin/Boq_Management/get_total_value
Boq_Management,boq_management,delete_boq,DELETE,NONE,GAP,"",admin/Boq_Management/delete_boq
Boq_Management,boq_management,delete_boq_item,DELETE,NONE,GAP,"",admin/Boq_Management/delete_boq_item
Boq_Management,boq_management,search_budget_items,ACTION,NONE,GAP,"",admin/Boq_Management/search_budget_items
Boq_Management,boq_management,get_item_specifications_by_item,VALIDATE,NONE,GAP,"",admin/Boq_Management/get_item_specifications_by_item
Boq_Management,boq_management,add_item_to_boq,ACTION,NONE,GAP,"",admin/Boq_Management/add_item_to_boq
Boq_Management,boq_management,search_units,ACTION,NONE,GAP,"",admin/Boq_Management/search_units
Boq_Management,boq_management,get_unit_info,VALIDATE,NONE,GAP,"",admin/Boq_Management/get_unit_info
Boq_Management,boq_management,add_update_boq_item,ACTION,NONE,GAP,"",admin/Boq_Management/add_update_boq_item
Boq_Management,boq_management,upload_index,UPLOAD,NONE,GAP,"",admin/Boq_Management/upload_index
Boq_Management,boq_management,upload,ACTION,NONE,GAP,"",admin/Boq_Management/upload
Boq_Management,boq_management,download_template,ACTION,NONE,GAP,"",admin/Boq_Management/download_template
Boq_Management,boq_management,save_boq_items_excel,ACTION,NONE,GAP,"",admin/Boq_Management/save_boq_items_excel
Grid_Technical_Analysis,grid_technical_analysis,index,LIST,NONE,GAP,"",admin/Grid_Technical_Analysis/index
Grid_Technical_Analysis,grid_technical_analysis,table,LIST,NONE,GAP,"",admin/Grid_Technical_Analysis/table
Technicalinquiries,technicalinquiries,get_budget_item,VALIDATE,NONE,GAP,"",admin/Technicalinquiries/get_budget_item
Technicalinquiries,technicalinquiries,index,LIST,NONE,GAP,"",admin/Technicalinquiries/index
Technicalinquiries,technicalinquiries,table,LIST,NONE,GAP,"",admin/Technicalinquiries/table
Technicalinquiries,technicalinquiries,table_on_projects,TAB,NONE,GAP,"",admin/Technicalinquiries/table_on_projects
Technicalinquiries,technicalinquiries,technicalinquiry,ACTION,NONE,GAP,"",admin/Technicalinquiries/technicalinquiry
Technicalinquiries,technicalinquiries,parse_pdf,ACTION,NONE,GAP,"",admin/Technicalinquiries/parse_pdf
Technicalinquiries,technicalinquiries,get_technicalinquiry_row_template,VALIDATE,NONE,GAP,"",admin/Technicalinquiries/get_technicalinquiry_row_template
Technicalinquiries,technicalinquiries,get_purchase_request_row_template,VALIDATE,NONE,GAP,"",admin/Technicalinquiries/get_purchase_request_row_template
Technicalinquiries,technicalinquiries,load_related_data,ACTION,NONE,GAP,"",admin/Technicalinquiries/load_related_data
Technicalinquiries,technicalinquiries,technicalinquiry_requests,ACTION,NONE,GAP,"",admin/Technicalinquiries/technicalinquiry_requests
Technicalinquiries,technicalinquiries,delete_technicalinquiry,DELETE,NONE,GAP,"",admin/Technicalinquiries/delete_technicalinquiry
Technicalinquiries,technicalinquiries,change_assigned_staff,ACTION,NONE,GAP,"",admin/Technicalinquiries/change_assigned_staff
Technicalinquiries,technicalinquiries,change_status,ACTION,NONE,GAP,"",admin/Technicalinquiries/change_status
Technicalinquiries,technicalinquiries,edit_technicalinquiry,ACTION,NONE,GAP,"",admin/Technicalinquiries/edit_technicalinquiry
Technicalinquiries,technicalinquiries,add_technicalinquiry,ACTION,NONE,GAP,"",admin/Technicalinquiries/add_technicalinquiry
Technicalinquiries,technicalinquiries,get_technicalinquiry_details,VALIDATE,NONE,GAP,"",admin/Technicalinquiries/get_technicalinquiry_details
Technicalinquiries,technicalinquiries,setting,ACTION,NONE,GAP,"",admin/Technicalinquiries/setting
Technicalinquiries,technicalinquiries,test_boq_ai_parser,ACTION,NONE,GAP,"",admin/Technicalinquiries/test_boq_ai_parser
Technicalinquiries,technicalinquiries,save_boq_ai_parser_prompt,ACTION,NONE,GAP,"",admin/Technicalinquiries/save_boq_ai_parser_prompt
Technicalinquiries,technicalinquiries,test_technical_inquiry_ai_parser,ACTION,NONE,GAP,"",admin/Technicalinquiries/test_technical_inquiry_ai_parser
Technicalinquiries,technicalinquiries,save_technical_inquiry_ai_parser_prompt,ACTION,NONE,GAP,"",admin/Technicalinquiries/save_technical_inquiry_ai_parser_prompt
Technicalinquiries,technicalinquiries,dashboard,ACTION,NONE,GAP,"",admin/Technicalinquiries/dashboard
Technicalinquiries,technicalinquiries,status,ACTION,NONE,GAP,"",admin/Technicalinquiries/status
Technicalinquiries,technicalinquiries,addtechnicalinquirystatus,ACTION,NONE,GAP,"",admin/Technicalinquiries/addtechnicalinquirystatus
Technicalinquiries,technicalinquiries,delete_status,DELETE,NONE,GAP,"",admin/Technicalinquiries/delete_status
Technicalinquiries,technicalinquiries,stages,ACTION,NONE,GAP,"",admin/Technicalinquiries/stages
Technicalinquiries,technicalinquiries,delete_stage,DELETE,NONE,GAP,"",admin/Technicalinquiries/delete_stage
Technicalinquiries,technicalinquiries,approve_request,ACTION,NONE,GAP,"",admin/Technicalinquiries/approve_request
Technicalinquiries,technicalinquiries,reject_request,ACTION,NONE,GAP,"",admin/Technicalinquiries/reject_request
Technicalinquiries,technicalinquiries,fetch_dropdown_data,ACTION,NONE,GAP,"",admin/Technicalinquiries/fetch_dropdown_data
Technicalinquiries,technicalinquiries,saveTemplate,ACTION,NONE,GAP,"",admin/Technicalinquiries/saveTemplate
Technicalinquiries,technicalinquiries,delete_template,DELETE,NONE,GAP,"",admin/Technicalinquiries/delete_template
Technicalinquiries,technicalinquiries,getMasterData,ACTION,NONE,GAP,"",admin/Technicalinquiries/getMasterData
Technicalinquiries,technicalinquiries,getDetailsData,ACTION,NONE,GAP,"",admin/Technicalinquiries/getDetailsData
Technicalinquiries,technicalinquiries,get_template_details,VALIDATE,NONE,GAP,"",admin/Technicalinquiries/get_template_details
Technicalinquiries,technicalinquiries,getStagesAndStatuses,ACTION,NONE,GAP,"",admin/Technicalinquiries/getStagesAndStatuses
Technicalinquiries,technicalinquiries,technicalinquiry_details,ACTION,NONE,GAP,"",admin/Technicalinquiries/technicalinquiry_details
Technicalinquiries,technicalinquiries,checkStatusAsWhole,ACTION,NONE,GAP,"",admin/Technicalinquiries/checkStatusAsWhole
Technicalinquiries,technicalinquiries,submittechnicalinquiryapproval,ACTION,NONE,GAP,"",admin/Technicalinquiries/submittechnicalinquiryapproval
Technicalinquiries,technicalinquiries,changestatusofthetechnicalinquiry,ACTION,NONE,GAP,"",admin/Technicalinquiries/changestatusofthetechnicalinquiry
Technicalinquiries,technicalinquiries,resubmitstatusofthetechnicalinquiry,ACTION,NONE,GAP,"",admin/Technicalinquiries/resubmitstatusofthetechnicalinquiry
Technicalinquiries,technicalinquiries,viewtechnicalinquirystatusdetail,ACTION,NONE,GAP,"",admin/Technicalinquiries/viewtechnicalinquirystatusdetail
Technicalinquiries,technicalinquiries,getthetechnicalinquirystatusapprover,ACTION,NONE,GAP,"",admin/Technicalinquiries/getthetechnicalinquirystatusapprover
Technicalinquiries,technicalinquiries,getthetechnicalinquirystatusdetail,ACTION,NONE,GAP,"",admin/Technicalinquiries/getthetechnicalinquirystatusdetail
Technicalinquiries,technicalinquiries,getStatusID,ACTION,NONE,GAP,"",admin/Technicalinquiries/getStatusID
Technicalinquiries,technicalinquiries,updateApprovalStatus,ACTION,NONE,GAP,"",admin/Technicalinquiries/updateApprovalStatus
Technicalinquiries,technicalinquiries,changeCurrentStatus,ACTION,NONE,GAP,"",admin/Technicalinquiries/changeCurrentStatus
Technicalinquiries,technicalinquiries,getclientscontact,ACTION,NONE,GAP,"",admin/Technicalinquiries/getclientscontact
Technicalinquiries,technicalinquiries,extractClientInfo,ACTION,NONE,GAP,"",admin/Technicalinquiries/extractClientInfo
Technicalinquiries,technicalinquiries,mergeArrays,ACTION,NONE,GAP,"",admin/Technicalinquiries/mergeArrays
Technicalinquiries,technicalinquiries,extractContactValue,ACTION,NONE,GAP,"",admin/Technicalinquiries/extractContactValue
Technicalinquiries,technicalinquiries,tablefetchedemails,TAB,NONE,GAP,"",admin/Technicalinquiries/tablefetchedemails
Technicalinquiries,technicalinquiries,viewemailreply,ACTION,NONE,GAP,"",admin/Technicalinquiries/viewemailreply
Technicalinquiries,technicalinquiries,view,DETAIL,NONE,GAP,"",admin/Technicalinquiries/view
Technicalinquiries,technicalinquiries,findNextApprover,ACTION,NONE,GAP,"",admin/Technicalinquiries/findNextApprover
Technicalinquiries,technicalinquiries,change_technicalinquiry_active,ACTION,NONE,GAP,"",admin/Technicalinquiries/change_technicalinquiry_active
Technicalinquiries,technicalinquiries,upload_file,UPLOAD,NONE,GAP,"",admin/Technicalinquiries/upload_file
Technicalinquiries,technicalinquiries,file,ACTION,NONE,GAP,"",admin/Technicalinquiries/file
Technicalinquiries,technicalinquiries,remove_file,ACTION,NONE,GAP,"",admin/Technicalinquiries/remove_file
Technicalinquiries,technicalinquiries,update_file_data,ACTION,NONE,GAP,"",admin/Technicalinquiries/update_file_data
Technicalinquiries,technicalinquiries,init_relation_RFQ,ACTION,NONE,GAP,"",admin/Technicalinquiries/init_relation_RFQ
Technicalinquiries,technicalinquiries,discussions,ACTION,NONE,GAP,"",admin/Technicalinquiries/discussions
Technicalinquiries,technicalinquiries,discussion,ACTION,NONE,GAP,"",admin/Technicalinquiries/discussion
Technicalinquiries,technicalinquiries,get_discussion_comments,VALIDATE,NONE,GAP,"",admin/Technicalinquiries/get_discussion_comments
Technicalinquiries,technicalinquiries,add_discussion_comment,ACTION,NONE,GAP,"",admin/Technicalinquiries/add_discussion_comment
Technicalinquiries,technicalinquiries,update_discussion_comment,ACTION,NONE,GAP,"",admin/Technicalinquiries/update_discussion_comment
Technicalinquiries,technicalinquiries,delete_discussion_comment,DELETE,NONE,GAP,"",admin/Technicalinquiries/delete_discussion_comment
Technicalinquiries,technicalinquiries,delete_discussion,DELETE,NONE,GAP,"",admin/Technicalinquiries/delete_discussion
Technicalinquiries,technicalinquiries,save_note,ACTION,NONE,GAP,"",admin/Technicalinquiries/save_note
Technicalinquiries,technicalinquiries,timesheets,ACTION,NONE,GAP,"",admin/Technicalinquiries/timesheets
Technicalinquiries,technicalinquiries,timesheet,ACTION,NONE,GAP,"",admin/Technicalinquiries/timesheet
Technicalinquiries,technicalinquiries,change_stage_responsible_Id,ACTION,NONE,GAP,"",admin/Technicalinquiries/change_stage_responsible_Id
Technicalinquiries,technicalinquiries,add_edit_members,ACTION,NONE,GAP,"",admin/Technicalinquiries/add_edit_members
Technicalinquiries,technicalinquiries,get_project_milestones,VALIDATE,NONE,GAP,"",admin/Technicalinquiries/get_project_milestones
Technicalinquiries,technicalinquiries,get_opportunity_milestones,VALIDATE,NONE,GAP,"",admin/Technicalinquiries/get_opportunity_milestones
Technicalinquiries,technicalinquiries,get_wizzard_template,VALIDATE,NONE,GAP,"",admin/Technicalinquiries/get_wizzard_template
Technicalinquiries,technicalinquiries,add_budget_item,ACTION,NONE,GAP,"",admin/Technicalinquiries/add_budget_item
Technicalinquiries,technicalinquiries,save_unit,ACTION,NONE,GAP,"",admin/Technicalinquiries/save_unit
Technicalinquiries,technicalinquiries,save_spec,ACTION,NONE,GAP,"",admin/Technicalinquiries/save_spec
Technicalinquiries,technicalinquiries,get_technicalinquiry_data_ajax,VALIDATE,NONE,GAP,"",admin/Technicalinquiries/get_technicalinquiry_data_ajax
Technicalinquiries,technicalinquiries,delete_technicalinquiry_item,DELETE,NONE,GAP,"",admin/Technicalinquiries/delete_technicalinquiry_item
Technicalinquiries,technicalinquiries,get_items_ajax,VALIDATE,NONE,GAP,"",admin/Technicalinquiries/get_items_ajax
Technicalinquiries,technicalinquiries,import_budget_items,ACTION,NONE,GAP,"",admin/Technicalinquiries/import_budget_items
Technicalinquiries,technicalinquiries,upload_budget_items,UPLOAD,NONE,GAP,"",admin/Technicalinquiries/upload_budget_items
Technicalinquiries,technicalinquiries,save_budget_items,ACTION,NONE,GAP,"",admin/Technicalinquiries/save_budget_items
Technicalinquiries,technicalinquiries,Add_item_log,ACTION,NONE,GAP,"",admin/Technicalinquiries/Add_item_log
Technicalinquiries,technicalinquiries,download_budget_sample,ACTION,NONE,GAP,"",admin/Technicalinquiries/download_budget_sample
Technicalinquiries,technicalinquiries,receive_cleaned_item_id,ACTION,NONE,GAP,"",admin/Technicalinquiries/receive_cleaned_item_id
Technicalinquiries,technicalinquiries,delete_item,DELETE,NONE,GAP,"",admin/Technicalinquiries/delete_item
Technicalinquiries,technicalinquiries,save_items,ACTION,NONE,GAP,"",admin/Technicalinquiries/save_items
Technicalinquiries,technicalinquiries,get_milestones,VALIDATE,NONE,GAP,"",admin/Technicalinquiries/get_milestones
Technicalinquiries,technicalinquiries,add_boq_items,ACTION,NONE,GAP,"",admin/Technicalinquiries/add_boq_items
Technicalinquiries,technicalinquiries,add,CREATE,NONE,GAP,"",admin/Technicalinquiries/add
Technicalinquiries,technicalinquiries,get_unit,VALIDATE,NONE,GAP,"",admin/Technicalinquiries/get_unit
Technicalinquiries,technicalinquiries,check_boq_item_exists,ACTION,NONE,GAP,"",admin/Technicalinquiries/check_boq_item_exists
Technicalinquiries,technicalinquiries,add_items,ACTION,NONE,GAP,"",admin/Technicalinquiries/add_items
Technicalinquiries,technicalinquiries,refresh_item_version,ACTION,NONE,GAP,"",admin/Technicalinquiries/refresh_item_version
Technicalinquiries,technicalinquiries,search_items,ACTION,NONE,GAP,"",admin/Technicalinquiries/search_items
Technicalinquiries,technicalinquiries,get_technicalinquiries_aggrid,VALIDATE,NONE,GAP,"",admin/Technicalinquiries/get_technicalinquiries_aggrid
Technicalinquiries,technicalinquiries,search_units,ACTION,NONE,GAP,"",admin/Technicalinquiries/search_units
Technicalinquiries,technicalinquiries,search_items_boq,ACTION,NONE,GAP,"",admin/Technicalinquiries/search_items_boq
Technicalinquiries,technicalinquiries,get_supplier_pricing,VALIDATE,NONE,GAP,"",admin/Technicalinquiries/get_supplier_pricing
Technicalinquiries,technicalinquiries,migrate_opportunity_milestones_to_boq_batch,ACTION,NONE,GAP,"",admin/Technicalinquiries/migrate_opportunity_milestones_to_boq_batch
Api,api,update_abudhabi_status,ACTION,NONE,GAP,"",admin/Api/update_abudhabi_status
Api,api,update_esupply_status,ACTION,NONE,GAP,"",admin/Api/update_esupply_status
Api,api,update_nwc_status,ACTION,NONE,GAP,"",admin/Api/update_nwc_status
Api,api,update_drydocks_status,ACTION,NONE,GAP,"",admin/Api/update_drydocks_status
Api,api,update_7x_status,ACTION,NONE,GAP,"",admin/Api/update_7x_status
Api,api,fetch_7x_tenders,ACTION,NONE,GAP,"",admin/Api/fetch_7x_tenders
Api,api,update_etimad_status,ACTION,NONE,GAP,"",admin/Api/update_etimad_status
Api,api,update_dewa_status,ACTION,NONE,GAP,"",admin/Api/update_dewa_status
Api,api,update_status,ACTION,NONE,GAP,"",admin/Api/update_status
Api,api,extract_opp,ACTION,NONE,GAP,"",admin/Api/extract_opp
Api,api,executeTenderActions,ACTION,NONE,GAP,"",admin/Api/executeTenderActions
Api,api,executeTenderActionsFromEtimad,ACTION,NONE,GAP,"",admin/Api/executeTenderActionsFromEtimad
Api,api,extract_prizm,ACTION,NONE,GAP,"",admin/Api/extract_prizm
Api,api,update_prizm_based_on_supplier,ACTION,NONE,GAP,"",admin/Api/update_prizm_based_on_supplier
Api,api,update_tenderer_name,ACTION,NONE,GAP,"",admin/Api/update_tenderer_name
Api,api,fetch_and_store_tenders,ACTION,NONE,GAP,"",admin/Api/fetch_and_store_tenders
Api,api,scrapping_tenders,ACTION,NONE,GAP,"",admin/Api/scrapping_tenders
Api,api,scrapping_tender,ACTION,NONE,GAP,"",admin/Api/scrapping_tender
Api,api,etimad,ACTION,NONE,GAP,"",admin/Api/etimad
Api,api,update_etimad,ACTION,NONE,GAP,"",admin/Api/update_etimad
Api,api,update_active_etimad,ACTION,NONE,GAP,"",admin/Api/update_active_etimad
Api,api,update_new_pending_etimad,ACTION,NONE,GAP,"",admin/Api/update_new_pending_etimad
Api,api,update_pending_etimad,ACTION,NONE,GAP,"",admin/Api/update_pending_etimad
Api,api,update_swc_pending_etimad,ACTION,NONE,GAP,"",admin/Api/update_swc_pending_etimad
Api,api,sync_all_etimad,ACTION,NONE,GAP,"",admin/Api/sync_all_etimad
Api,api,fetch_all_announced_results,ACTION,NONE,GAP,"",admin/Api/fetch_all_announced_results
Api,api,update_etimad_announced,ACTION,NONE,GAP,"",admin/Api/update_etimad_announced
Api,api,fetch_results_announced_status,ACTION,NONE,GAP,"",admin/Api/fetch_results_announced_status
Api,api,update_etimad_announced_results,ACTION,NONE,GAP,"",admin/Api/update_etimad_announced_results
Api,api,fetch_results_archived_status,ACTION,NONE,GAP,"",admin/Api/fetch_results_archived_status
Api,api,update_etimad_archived_results,ACTION,NONE,GAP,"",admin/Api/update_etimad_archived_results
Api,api,fetch_all_swc_announced_results,ACTION,NONE,GAP,"",admin/Api/fetch_all_swc_announced_results
Api,api,fetch_all_swc_announced,ACTION,NONE,GAP,"",admin/Api/fetch_all_swc_announced
Api,api,update_have_result,ACTION,NONE,GAP,"",admin/Api/update_have_result
Api,api,fetch_all_offer_details,ACTION,NONE,GAP,"",admin/Api/fetch_all_offer_details
Api,api,scrap_offer_details,ACTION,NONE,GAP,"",admin/Api/scrap_offer_details
Api,api,scrapeOfferDetails,ACTION,NONE,GAP,"",admin/Api/scrapeOfferDetails
Api,api,fetchTenderNumbers,ACTION,NONE,GAP,"",admin/Api/fetchTenderNumbers
Api,api,update_dewa_tenders,ACTION,NONE,GAP,"",admin/Api/update_dewa_tenders
Api,api,download_tenders,ACTION,NONE,GAP,"",admin/Api/download_tenders
Api,api,scrape_all_active_tenders_from_etimad,ACTION,NONE,GAP,"",admin/Api/scrape_all_active_tenders_from_etimad
Api,api,scrapprimarydata,ACTION,NONE,GAP,"",admin/Api/scrapprimarydata
Api,api,scrap_titles_and_dates,ACTION,NONE,GAP,"",admin/Api/scrap_titles_and_dates
Api,api,scrap_classifications,ACTION,NONE,GAP,"",admin/Api/scrap_classifications
Api,api,modify_parsing_all_pdf,ACTION,NONE,GAP,"",admin/Api/modify_parsing_all_pdf
Api,api,scrapp_all_pdf,ACTION,NONE,GAP,"",admin/Api/scrapp_all_pdf
Api,api,scrappdf,ACTION,NONE,GAP,"",admin/Api/scrappdf
Api,api,all_etimad,LIST,NONE,GAP,"",admin/Api/all_etimad
Api,api,set_all_tenders_pending_to_zero,ACTION,NONE,GAP,"",admin/Api/set_all_tenders_pending_to_zero
Api,api,fetch_and_scrape_tenders,ACTION,NONE,GAP,"",admin/Api/fetch_and_scrape_tenders
Api,api,fetch_location_announced_tenders,ACTION,NONE,GAP,"",admin/Api/fetch_location_announced_tenders
Api,api,scrapp_all_pdf_ondrive,ACTION,NONE,GAP,"",admin/Api/scrapp_all_pdf_ondrive
Api,api,parse_RFQ_ondrive,ACTION,NONE,GAP,"",admin/Api/parse_RFQ_ondrive
Api,api,scrappdf_from_url,ACTION,NONE,GAP,"",admin/Api/scrappdf_from_url
Api,api,parse_rfq_from_url,ACTION,NONE,GAP,"",admin/Api/parse_rfq_from_url
Api,api,search_file_in_drive,ACTION,NONE,GAP,"",admin/Api/search_file_in_drive
Api,api,search_file_in_drive_inside_html_folder,ACTION,NONE,GAP,"",admin/Api/search_file_in_drive_inside_html_folder
Api,api,get_file_details,VALIDATE,NONE,GAP,"",admin/Api/get_file_details
Api,api,make_api_call,ACTION,NONE,GAP,"",admin/Api/make_api_call
Api,api,get_access_token,VALIDATE,NONE,GAP,"",admin/Api/get_access_token
Api,api,verify_tender_graph_api_access_token,ACTION,NONE,GAP,"",admin/Api/verify_tender_graph_api_access_token
Api,api,refresh_tender_graph_token,ACTION,NONE,GAP,"",admin/Api/refresh_tender_graph_token
Api,api,fetchMessagesProd,ACTION,NONE,GAP,"",admin/Api/fetchMessagesProd
Api,api,update_swcc_pending,ACTION,NONE,GAP,"",admin/Api/update_swcc_pending
Api,api,update_prizm_etimad_pending,ACTION,NONE,GAP,"",admin/Api/update_prizm_etimad_pending
Api,api,update_swcc_closing_date,ACTION,NONE,GAP,"",admin/Api/update_swcc_closing_date
Api,api,update_prizm_etimad_closing_date,ACTION,NONE,GAP,"",admin/Api/update_prizm_etimad_closing_date
Api,api,update_closing_date,ACTION,NONE,GAP,"",admin/Api/update_closing_date
Api,api,extends_active_tenders,ACTION,NONE,GAP,"",admin/Api/extends_active_tenders
Api,api,getAllHtmlFiles,ACTION,NONE,GAP,"",admin/Api/getAllHtmlFiles
Api,api,getPoqFromOnedrive,ACTION,NONE,GAP,"",admin/Api/getPoqFromOnedrive
Api,api,fetchSelectedTender,ACTION,NONE,GAP,"",admin/Api/fetchSelectedTender
Api,api,fetchAbudhabiTendersFromOutlooksInfo,ACTION,NONE,GAP,"",admin/Api/fetchAbudhabiTendersFromOutlooksInfo
Api,api,fetchAbudhabiSelectedTender,ACTION,NONE,GAP,"",admin/Api/fetchAbudhabiSelectedTender
Api,api,fetchMessagesByPrefixes,ACTION,NONE,GAP,"",admin/Api/fetchMessagesByPrefixes
Api,api,fetchTendersFromOutlooks,ACTION,NONE,GAP,"",admin/Api/fetchTendersFromOutlooks
Api,api,fetchTendersFromOutlooksInfo,ACTION,NONE,GAP,"",admin/Api/fetchTendersFromOutlooksInfo
Api,api,extractNumberFromSubject,ACTION,NONE,GAP,"",admin/Api/extractNumberFromSubject
Api,api,extractTenderDescriptionFromSubject,ACTION,NONE,GAP,"",admin/Api/extractTenderDescriptionFromSubject
Api,api,extractRfxDetails,ACTION,NONE,GAP,"",admin/Api/extractRfxDetails
Api,api,getTPendingTenders,ACTION,NONE,GAP,"",admin/Api/getTPendingTenders
Api,api,scrapping_pending_tenders,ACTION,NONE,GAP,"",admin/Api/scrapping_pending_tenders
Api,api,scrapping_pending_tender,ACTION,NONE,GAP,"",admin/Api/scrapping_pending_tender
Api,api,scrapeAndInsertOrUpdatePendingData,ACTION,NONE,GAP,"",admin/Api/scrapeAndInsertOrUpdatePendingData
Api,api,fetch_abudhabi_tenders,ACTION,NONE,GAP,"",admin/Api/fetch_abudhabi_tenders
Api,api,get_dgr,VALIDATE,NONE,GAP,"",admin/Api/get_dgr
Api,api,update_prizm_etimad_opp_fav,ACTION,NONE,GAP,"",admin/Api/update_prizm_etimad_opp_fav
Api,api,update_all_pending_etimad_tenders,ACTION,NONE,GAP,"",admin/Api/update_all_pending_etimad_tenders
Api,api,fetch,ACTION,NONE,GAP,"",admin/Api/fetch
Api,api,getCompetitionStatus,ACTION,NONE,GAP,"",admin/Api/getCompetitionStatus
Api,api,getEtimadCompetitionStatus,ACTION,NONE,GAP,"",admin/Api/getEtimadCompetitionStatus
Api,api,getPrizmCompetitionStatus,ACTION,NONE,GAP,"",admin/Api/getPrizmCompetitionStatus
Api,api,move_activity_name_to_client_for_abudhabi,ACTION,NONE,GAP,"",admin/Api/move_activity_name_to_client_for_abudhabi
Api,api,update_extends_tenders,ACTION,NONE,GAP,"",admin/Api/update_extends_tenders
Api,api,sync_active_opportunities_with_tender_documents,ACTION,NONE,GAP,"",admin/Api/sync_active_opportunities_with_tender_documents
Api,api,update_fetch_field,ACTION,NONE,GAP,"",admin/Api/update_fetch_field
Api,api,scrape_etimad_details,ACTION,NONE,GAP,"",admin/Api/scrape_etimad_details
Api,api,cron_scrape_etimad_details,ACTION,NONE,GAP,"",admin/Api/cron_scrape_etimad_details
Api,api,fetch_etimad_documents,ACTION,NONE,GAP,"",admin/Api/fetch_etimad_documents
Api,api,fetch_etimad_boq,ACTION,NONE,GAP,"",admin/Api/fetch_etimad_boq
Api,api,cron_fetch_etimad_documents,ACTION,NONE,GAP,"",admin/Api/cron_fetch_etimad_documents
Api,api,batch_tender_callback,ACTION,NONE,GAP,"",admin/Api/batch_tender_callback
Api,api,migrate_local_docs_to_sharepoint,ACTION,NONE,GAP,"",admin/Api/migrate_local_docs_to_sharepoint
Api,api,sp_inventory_scan,ACTION,NONE,GAP,"",admin/Api/sp_inventory_scan
Api,api,cron_fetch_etimad_notifications,ACTION,NONE,GAP,"",admin/Api/cron_fetch_etimad_notifications
Api,api,get_etimad_notifications,VALIDATE,NONE,GAP,"",admin/Api/get_etimad_notifications
Api,api,get_etimad_notifications_count,VALIDATE,NONE,GAP,"",admin/Api/get_etimad_notifications_count
Api,api,mark_etimad_notification_read,ACTION,NONE,GAP,"",admin/Api/mark_etimad_notification_read
Api,api,mark_all_etimad_notifications_read,ACTION,NONE,GAP,"",admin/Api/mark_all_etimad_notifications_read
Api,api,save_etimad_notifications_batch,ACTION,NONE,GAP,"",admin/Api/save_etimad_notifications_batch
Api,api,get_staff_portal_credentials,VALIDATE,NONE,GAP,"",admin/Api/get_staff_portal_credentials
Api,api,save_staff_portal_credentials,ACTION,NONE,GAP,"",admin/Api/save_staff_portal_credentials
Api,api,test_staff_portal_credentials,ACTION,NONE,GAP,"",admin/Api/test_staff_portal_credentials
Api,api,extension_session_check,ACTION,NONE,GAP,"",admin/Api/extension_session_check
Api,api,etimad_session_sync,ACTION,NONE,GAP,"",admin/Api/etimad_session_sync
Api,api,get_extension_token,VALIDATE,NONE,GAP,"",admin/Api/get_extension_token
Api,api,generate_hub_token,ACTION,NONE,GAP,"",admin/Api/generate_hub_token
Api,api,extension_ping,ACTION,NONE,GAP,"",admin/Api/extension_ping
Api,api,save_etimad_session,ACTION,NONE,GAP,"",admin/Api/save_etimad_session
Api,api,extension_submit_fetch,ACTION,NONE,GAP,"",admin/Api/extension_submit_fetch
Api,api,extension_lookup,ACTION,NONE,GAP,"",admin/Api/extension_lookup
Api,api,extension_toggle_favorite,ACTION,NONE,GAP,"",admin/Api/extension_toggle_favorite
Api,api,extension_import_tender,ACTION,NONE,GAP,"",admin/Api/extension_import_tender
Api,api,extension_add_note,ACTION,NONE,GAP,"",admin/Api/extension_add_note
Api,api,sp_register_files,ACTION,NONE,GAP,"",admin/Api/sp_register_files
Api,api,scraper_diagnostics,ACTION,NONE,GAP,"",admin/Api/scraper_diagnostics
Api,api,scraper_status,ACTION,NONE,GAP,"",admin/Api/scraper_status
Api,api,lookup_tender_id,ACTION,NONE,GAP,"",admin/Api/lookup_tender_id
Api,api,scraper_log_stream,ACTION,NONE,GAP,"",admin/Api/scraper_log_stream
Api,api,scraper_log_download,ACTION,NONE,GAP,"",admin/Api/scraper_log_download
Api,api,scraper_captcha,ACTION,NONE,GAP,"",admin/Api/scraper_captcha
Api,api,scraper_captcha_answer,ACTION,NONE,GAP,"",admin/Api/scraper_captcha_answer
Api,api,solve_captcha_ai,ACTION,NONE,GAP,"",admin/Api/solve_captcha_ai
Api,api,etimad_queue_data,ACTION,NONE,GAP,"",admin/Api/etimad_queue_data
Api,api,scraper_otp_inject,ACTION,NONE,GAP,"",admin/Api/scraper_otp_inject
Api,api,scraper_stage,ACTION,NONE,GAP,"",admin/Api/scraper_stage
Run,run,save_drive_data,ACTION,NONE,GAP,"",admin/Run/save_drive_data
Run,run,get_pending_etimad_tenders,VALIDATE,NONE,GAP,"",admin/Run/get_pending_etimad_tenders
Run,run,update_etimad_tender_status,ACTION,NONE,GAP,"",admin/Run/update_etimad_tender_status
Run,run,etimadFetch,ACTION,NONE,GAP,"",admin/Run/etimadFetch
Run,run,DEWAFetchAnnouncedTenders,ACTION,NONE,GAP,"",admin/Run/DEWAFetchAnnouncedTenders
Run,run,DEWAFetchTenders,ACTION,NONE,GAP,"",admin/Run/DEWAFetchTenders
Run,run,update_dewa_status,ACTION,NONE,GAP,"",admin/Run/update_dewa_status
Run,run,DEWAFetch,ACTION,NONE,GAP,"",admin/Run/DEWAFetch
Run,run,insert_etimad_tenders,ACTION,NONE,GAP,"",admin/Run/insert_etimad_tenders
Run,run,add_tender,ACTION,NONE,GAP,"",admin/Run/add_tender
Run,run,insert_esupply,ACTION,NONE,GAP,"",admin/Run/insert_esupply
Run,run,insert_esupply,ACTION,NONE,GAP,"",admin/Run/insert_esupply
Run,run,update_esupply_status,ACTION,NONE,GAP,"",admin/Run/update_esupply_status
Run,run,insert_abudhabi_tenders,ACTION,NONE,GAP,"",admin/Run/insert_abudhabi_tenders
Run,run,update_nwc_status,ACTION,NONE,GAP,"",admin/Run/update_nwc_status
Run,run,insert_nwc_tenders,ACTION,NONE,GAP,"",admin/Run/insert_nwc_tenders
Run,run,insert_nwc_tenders,ACTION,NONE,GAP,"",admin/Run/insert_nwc_tenders
Run,run,insert_nwc_details,ACTION,NONE,GAP,"",admin/Run/insert_nwc_details
Run,run,get_token,VALIDATE,NONE,GAP,"",admin/Run/get_token
Run,run,get_announced_tenders,VALIDATE,NONE,GAP,"",admin/Run/get_announced_tenders
Run,run,store_announced_results,ACTION,NONE,GAP,"",admin/Run/store_announced_results
Run,run,remove_duplicate_announced_results,ACTION,NONE,GAP,"",admin/Run/remove_duplicate_announced_results
Run,run,get_abudhabi_tenders,VALIDATE,NONE,GAP,"",admin/Run/get_abudhabi_tenders
Run,run,handleMicrosoftValidation,ACTION,NONE,GAP,"",admin/Run/handleMicrosoftValidation
Run,run,insert_milestone_task,ACTION,NONE,GAP,"",admin/Run/insert_milestone_task
Run,run,get_latest_otp,VALIDATE,NONE,GAP,"",admin/Run/get_latest_otp
Tenders,tenders,add_items,ACTION,tenders_api,GAP,"",admin/Tenders/add_items
Tenders,tenders,list_all_file_cache,ACTION,tenders_api,GAP,"",admin/Tenders/list_all_file_cache
Tenders,tenders,tender,ACTION,tenders_api,GAP,"",admin/Tenders/tender
Tenders,tenders,getSupplierCounts,ACTION,tenders_api,GAP,"",admin/Tenders/getSupplierCounts
Tenders,tenders,getPercentageStatistics,ACTION,tenders_api,GAP,"",admin/Tenders/getPercentageStatistics
Tenders,tenders,getMatchesPercentageStatistics,ACTION,tenders_api,GAP,"",admin/Tenders/getMatchesPercentageStatistics
Tenders,tenders,getMismatchesPercentageStatistics,ACTION,tenders_api,GAP,"",admin/Tenders/getMismatchesPercentageStatistics
Tenders,tenders,mismatches_bids,ACTION,tenders_api,GAP,"",admin/Tenders/mismatches_bids
Tenders,tenders,matches_bids,ACTION,tenders_api,GAP,"",admin/Tenders/matches_bids
Tenders,tenders,getMostAwardedThisYear,ACTION,tenders_api,GAP,"",admin/Tenders/getMostAwardedThisYear
Tenders,tenders,getMostAwardedLastYear,ACTION,tenders_api,GAP,"",admin/Tenders/getMostAwardedLastYear
Tenders,tenders,getMostAwardedCurrentYear,ACTION,tenders_api,GAP,"",admin/Tenders/getMostAwardedCurrentYear
Tenders,tenders,getMostAwardedValueLastYear,ACTION,tenders_api,GAP,"",admin/Tenders/getMostAwardedValueLastYear
Tenders,tenders,getMostParticipatingTenderers,ACTION,tenders_api,GAP,"",admin/Tenders/getMostParticipatingTenderers
Tenders,tenders,getAllMostParticipatingTenderers,ACTION,tenders_api,GAP,"",admin/Tenders/getAllMostParticipatingTenderers
Tenders,tenders,getMostAwardedTenderersByQty,ACTION,tenders_api,GAP,"",admin/Tenders/getMostAwardedTenderersByQty
Tenders,tenders,getAllMostAwardedTenderersByQty,ACTION,tenders_api,GAP,"",admin/Tenders/getAllMostAwardedTenderersByQty
Tenders,tenders,getMostAwardedTenderersByValue,ACTION,tenders_api,GAP,"",admin/Tenders/getMostAwardedTenderersByValue
Tenders,tenders,getAllMostAwardedTenderersByValue,ACTION,tenders_api,GAP,"",admin/Tenders/getAllMostAwardedTenderersByValue
Tenders,tenders,fetch_tender_data,ACTION,tenders_api,GAP,"",admin/Tenders/fetch_tender_data
Tenders,tenders,manage_source,ACTION,tenders_api,GAP,"",admin/Tenders/manage_source
Tenders,tenders,getTenderCounts,ACTION,tenders_api,GAP,"",admin/Tenders/getTenderCounts
Tenders,tenders,getTenderCountsForSwccAndSwa,ACTION,tenders_api,GAP,"",admin/Tenders/getTenderCountsForSwccAndSwa
Tenders,tenders,getTenderCountsForRfq,ACTION,tenders_api,GAP,"",admin/Tenders/getTenderCountsForRfq
Tenders,tenders,getTenderCountsForHtml,ACTION,tenders_api,GAP,"",admin/Tenders/getTenderCountsForHtml
Tenders,tenders,get_access_token,VALIDATE,tenders_api,GAP,"",admin/Tenders/get_access_token
Tenders,tenders,verify_tender_graph_api_access_token,ACTION,tenders_api,GAP,"",admin/Tenders/verify_tender_graph_api_access_token
Tenders,tenders,refresh_tender_graph_token,ACTION,tenders_api,GAP,"",admin/Tenders/refresh_tender_graph_token
Tenders,tenders,microsoft_auth_redirect,ACTION,tenders_api,GAP,"",admin/Tenders/microsoft_auth_redirect
Tenders,tenders,microsoft_oauth_callback,ACTION,tenders_api,GAP,"",admin/Tenders/microsoft_oauth_callback
Tenders,tenders,microsoft_auth_status,ACTION,tenders_api,GAP,"",admin/Tenders/microsoft_auth_status
Tenders,tenders,microsoft_auth_disconnect,ACTION,tenders_api,GAP,"",admin/Tenders/microsoft_auth_disconnect
Tenders,tenders,fetchMessagesProd,ACTION,tenders_api,GAP,"",admin/Tenders/fetchMessagesProd
Tenders,tenders,getHtmlCountFoldersInOndrive,ACTION,tenders_api,GAP,"",admin/Tenders/getHtmlCountFoldersInOndrive
Tenders,tenders,getPdfCountFoldersInOndrive,ACTION,tenders_api,GAP,"",admin/Tenders/getPdfCountFoldersInOndrive
Tenders,tenders,tenders_source_table,TAB,tenders_api,GAP,"",admin/Tenders/tenders_source_table
Tenders,tenders,tenderstable,TAB,tenders_api,GAP,"",admin/Tenders/tenderstable
Tenders,tenders,tender_count_etimad,ACTION,tenders_api,GAP,"",admin/Tenders/tender_count_etimad
Tenders,tenders,tender_count,ACTION,tenders_api,GAP,"",admin/Tenders/tender_count
Tenders,tenders,details,ACTION,tenders_api,GAP,"",admin/Tenders/details
Tenders,tenders,view_logs,ACTION,tenders_api,GAP,"",admin/Tenders/view_logs
Tenders,tenders,log_opportunity_click,ACTION,tenders_api,GAP,"",admin/Tenders/log_opportunity_click
Tenders,tenders,tenders_activity_log,ACTION,tenders_api,GAP,"",admin/Tenders/tenders_activity_log
Tenders,tenders,show_tender,ACTION,tenders_api,GAP,"",admin/Tenders/show_tender
Tenders,tenders,open_folder,ACTION,tenders_api,GAP,"",admin/Tenders/open_folder
Tenders,tenders,download_folder_from_graph,ACTION,tenders_api,GAP,"",admin/Tenders/download_folder_from_graph
Tenders,tenders,download_from_graph,ACTION,tenders_api,GAP,"",admin/Tenders/download_from_graph
Tenders,tenders,preview_from_graph,ACTION,tenders_api,GAP,"",admin/Tenders/preview_from_graph
Tenders,tenders,get_office_url,VALIDATE,tenders_api,GAP,"",admin/Tenders/get_office_url
Tenders,tenders,download_boq,ACTION,tenders_api,GAP,"",admin/Tenders/download_boq
Tenders,tenders,activity_log,ACTION,tenders_api,GAP,"",admin/Tenders/activity_log
Tenders,tenders,add_update_tender,ACTION,tenders_api,GAP,"",admin/Tenders/add_update_tender
Tenders,tenders,delete_tender,DELETE,tenders_api,YES,"",admin/Tenders/delete_tender
Tenders,tenders,display_awa_tenders,ACTION,tenders_api,GAP,"",admin/Tenders/display_awa_tenders
Tenders,tenders,show_tenderer,ACTION,tenders_api,GAP,"",admin/Tenders/show_tenderer
Tenders,tenders,tenders_result,ACTION,tenders_api,GAP,"",admin/Tenders/tenders_result
Tenders,tenders,update_tenderer_name,ACTION,tenders_api,GAP,"",admin/Tenders/update_tenderer_name
Tenders,tenders,fetch_and_store_tenders,ACTION,tenders_api,GAP,"",admin/Tenders/fetch_and_store_tenders
Tenders,tenders,scrapping_tenders,ACTION,tenders_api,GAP,"",admin/Tenders/scrapping_tenders
Tenders,tenders,get_clients_by_source,VALIDATE,tenders_api,GAP,"",admin/Tenders/get_clients_by_source
Tenders,tenders,executeTenderActions,ACTION,tenders_api,GAP,"",admin/Tenders/executeTenderActions
Tenders,tenders,clear_activity_log,ACTION,tenders_api,GAP,"",admin/Tenders/clear_activity_log
Tenders,tenders,all_etimad,LIST,tenders_api,YES,"",admin/Tenders/all_etimad
Tenders,tenders,etimad,ACTION,tenders_api,GAP,"",admin/Tenders/etimad
Tenders,tenders,update_etimad,ACTION,tenders_api,GAP,"",admin/Tenders/update_etimad
Tenders,tenders,Isetimad,ACTION,tenders_api,GAP,"",admin/Tenders/Isetimad
Tenders,tenders,executeTenderActionsFromEtimad,ACTION,tenders_api,GAP,"",admin/Tenders/executeTenderActionsFromEtimad
Tenders,tenders,insert_scraped_data,ACTION,tenders_api,GAP,"",admin/Tenders/insert_scraped_data
Tenders,tenders,scrape_data,ACTION,tenders_api,GAP,"",admin/Tenders/scrape_data
Tenders,tenders,parseDate,ACTION,tenders_api,GAP,"",admin/Tenders/parseDate
Tenders,tenders,convertArabicNumbersToEnglish,ACTION,tenders_api,GAP,"",admin/Tenders/convertArabicNumbersToEnglish
Tenders,tenders,scrappdf,ACTION,tenders_api,GAP,"",admin/Tenders/scrappdf
Tenders,tenders,scrapprimarydata,ACTION,tenders_api,GAP,"",admin/Tenders/scrapprimarydata
Tenders,tenders,scrap_titles_and_dates,ACTION,tenders_api,GAP,"",admin/Tenders/scrap_titles_and_dates
Tenders,tenders,scrap_classifications,ACTION,tenders_api,GAP,"",admin/Tenders/scrap_classifications
Tenders,tenders,fetch_all_offer_details,ACTION,tenders_api,GAP,"",admin/Tenders/fetch_all_offer_details
Tenders,tenders,scrap_offer_details,ACTION,tenders_api,GAP,"",admin/Tenders/scrap_offer_details
Tenders,tenders,scrapeOfferDetails,ACTION,tenders_api,GAP,"",admin/Tenders/scrapeOfferDetails
Tenders,tenders,convert_to_opportunities,ACTION,tenders_api,GAP,"",admin/Tenders/convert_to_opportunities
Tenders,tenders,process_tenders_in_batches,ACTION,tenders_api,GAP,"",admin/Tenders/process_tenders_in_batches
Tenders,tenders,fetch_tender_counts,ACTION,tenders_api,GAP,"",admin/Tenders/fetch_tender_counts
Tenders,tenders,fetch_tender_counts_table,TAB,tenders_api,GAP,"",admin/Tenders/fetch_tender_counts_table
Tenders,tenders,participating_companies,ACTION,tenders_api,GAP,"",admin/Tenders/participating_companies
Tenders,tenders,awarding_companies,ACTION,tenders_api,GAP,"",admin/Tenders/awarding_companies
Tenders,tenders,fetch_top_suppliers,ACTION,tenders_api,GAP,"",admin/Tenders/fetch_top_suppliers
Tenders,tenders,fetch_top_suppliers_table,TAB,tenders_api,GAP,"",admin/Tenders/fetch_top_suppliers_table
Tenders,tenders,fetch_top_award_values,ACTION,tenders_api,GAP,"",admin/Tenders/fetch_top_award_values
Tenders,tenders,fetch_top_award_values_table,TAB,tenders_api,GAP,"",admin/Tenders/fetch_top_award_values_table
Tenders,tenders,fetch_top_participated_tenderers,ACTION,tenders_api,GAP,"",admin/Tenders/fetch_top_participated_tenderers
Tenders,tenders,fetch_top_participated_tenderers_table,TAB,tenders_api,GAP,"",admin/Tenders/fetch_top_participated_tenderers_table
Tenders,tenders,fetch_top_tenderers_by_value,ACTION,tenders_api,GAP,"",admin/Tenders/fetch_top_tenderers_by_value
Tenders,tenders,fetch_top_tenderers_by_value_table,TAB,tenders_api,GAP,"",admin/Tenders/fetch_top_tenderers_by_value_table
Tenders,tenders,fetch_top_sources_mean_value,ACTION,tenders_api,GAP,"",admin/Tenders/fetch_top_sources_mean_value
Tenders,tenders,fetch_buttom_sources_mean_value,ACTION,tenders_api,GAP,"",admin/Tenders/fetch_buttom_sources_mean_value
Tenders,tenders,fetch_top_sources_mean_value_table,TAB,tenders_api,GAP,"",admin/Tenders/fetch_top_sources_mean_value_table
Tenders,tenders,fetch_buttom_sources_mean_value_table,TAB,tenders_api,GAP,"",admin/Tenders/fetch_buttom_sources_mean_value_table
Tenders,tenders,get_distribution_ratios,VALIDATE,tenders_api,GAP,"",admin/Tenders/get_distribution_ratios
Tenders,tenders,get_distribution_ratios_desc,VALIDATE,tenders_api,GAP,"",admin/Tenders/get_distribution_ratios_desc
Tenders,tenders,get_distribution_ratios_asc,VALIDATE,tenders_api,GAP,"",admin/Tenders/get_distribution_ratios_asc
Tenders,tenders,sources_dashboard,ACTION,tenders_api,GAP,"",admin/Tenders/sources_dashboard
Tenders,tenders,sources_count,ACTION,tenders_api,GAP,"",admin/Tenders/sources_count
Tenders,tenders,tenderer_awarded_count,ACTION,tenders_api,GAP,"",admin/Tenders/tenderer_awarded_count
Tenders,tenders,tenderer_awarded_values,ACTION,tenders_api,GAP,"",admin/Tenders/tenderer_awarded_values
Tenders,tenders,tenderer_participated_count,ACTION,tenders_api,GAP,"",admin/Tenders/tenderer_participated_count
Tenders,tenders,tenderer_participated_values,ACTION,tenders_api,GAP,"",admin/Tenders/tenderer_participated_values
Tenders,tenders,sources_mean_values,ACTION,tenders_api,GAP,"",admin/Tenders/sources_mean_values
Tenders,tenders,bottom_sources_mean_values,ACTION,tenders_api,GAP,"",admin/Tenders/bottom_sources_mean_values
Tenders,tenders,sources_distribtion_ratio_desc,ACTION,tenders_api,GAP,"",admin/Tenders/sources_distribtion_ratio_desc
Tenders,tenders,sources_distribtion_ratio_asc,ACTION,tenders_api,GAP,"",admin/Tenders/sources_distribtion_ratio_asc
Tenders,tenders,mismatches_bids_per_source,ACTION,tenders_api,GAP,"",admin/Tenders/mismatches_bids_per_source
Tenders,tenders,mismatches_bids_per_source_table,TAB,tenders_api,GAP,"",admin/Tenders/mismatches_bids_per_source_table
Tenders,tenders,matches_bids_per_source,ACTION,tenders_api,GAP,"",admin/Tenders/matches_bids_per_source
Tenders,tenders,matches_bids_per_source_table,TAB,tenders_api,GAP,"",admin/Tenders/matches_bids_per_source_table
Tenders,tenders,sources_count_table,TAB,tenders_api,GAP,"",admin/Tenders/sources_count_table
Tenders,tenders,supplier_awarded_count_table,TAB,tenders_api,GAP,"",admin/Tenders/supplier_awarded_count_table
Tenders,tenders,display_tenders,ACTION,tenders_api,GAP,"",admin/Tenders/display_tenders
Tenders,tenders,tender_details,ACTION,tenders_api,GAP,"",admin/Tenders/tender_details
Tenders,tenders,update_active_etimad,ACTION,tenders_api,GAP,"",admin/Tenders/update_active_etimad
Tenders,tenders,update_pending_etimad,ACTION,tenders_api,GAP,"",admin/Tenders/update_pending_etimad
Tenders,tenders,update_etimad_announced,ACTION,tenders_api,GAP,"",admin/Tenders/update_etimad_announced
Tenders,tenders,process_all_tenders,ACTION,tenders_api,GAP,"",admin/Tenders/process_all_tenders
Tenders,tenders,update_have_result,ACTION,tenders_api,GAP,"",admin/Tenders/update_have_result
Tenders,tenders,process_all_tenders,ACTION,tenders_api,GAP,"",admin/Tenders/process_all_tenders
Tenders,tenders,fetchTenderNumbers,ACTION,tenders_api,GAP,"",admin/Tenders/fetchTenderNumbers
Tenders,tenders,update_dewa_tenders,ACTION,tenders_api,GAP,"",admin/Tenders/update_dewa_tenders
Tenders,tenders,scrape_all_active_tenders_from_etimad,ACTION,tenders_api,GAP,"",admin/Tenders/scrape_all_active_tenders_from_etimad
Tenders,tenders,tender_items,ACTION,tenders_api,GAP,"",admin/Tenders/tender_items
Tenders,tenders,tender_poq,ACTION,tenders_api,GAP,"",admin/Tenders/tender_poq
Tenders,tenders,second_tender_poq,ACTION,tenders_api,GAP,"",admin/Tenders/second_tender_poq
Tenders,tenders,boq_data,ACTION,tenders_api,GAP,"",admin/Tenders/boq_data
Tenders,tenders,show_item,ACTION,tenders_api,GAP,"",admin/Tenders/show_item
Tenders,tenders,table_rfq_tender,TAB,tenders_api,GAP,"",admin/Tenders/table_rfq_tender
Tenders,tenders,show_model,ACTION,tenders_api,GAP,"",admin/Tenders/show_model
Tenders,tenders,show_muf,ACTION,tenders_api,GAP,"",admin/Tenders/show_muf
Tenders,tenders,table_model_tender,TAB,tenders_api,GAP,"",admin/Tenders/table_model_tender
Tenders,tenders,table_muf_tender,TAB,tenders_api,GAP,"",admin/Tenders/table_muf_tender
Tenders,tenders,update_fav,ACTION,tenders_api,GAP,"",admin/Tenders/update_fav
Tenders,tenders,get_cities,VALIDATE,tenders_api,GAP,"",admin/Tenders/get_cities
Tenders,tenders,get_city,VALIDATE,tenders_api,GAP,"",admin/Tenders/get_city
Tenders,tenders,get_all_cities,VALIDATE,tenders_api,GAP,"",admin/Tenders/get_all_cities
Tenders,tenders,upload_pdf_file,UPLOAD,tenders_api,GAP,"",admin/Tenders/upload_pdf_file
Tenders,tenders,get_polygon,VALIDATE,tenders_api,GAP,"",admin/Tenders/get_polygon
Tenders,tenders,get_polygon_source,VALIDATE,tenders_api,GAP,"",admin/Tenders/get_polygon_source
Tenders,tenders,maps,ACTION,tenders_api,GAP,"",admin/Tenders/maps
Tenders,tenders,processSelectedSource,ACTION,tenders_api,GAP,"",admin/Tenders/processSelectedSource
Tenders,tenders,get_filter_source_cities,VALIDATE,tenders_api,GAP,"",admin/Tenders/get_filter_source_cities
Tenders,tenders,get_filter_activity_cities,VALIDATE,tenders_api,GAP,"",admin/Tenders/get_filter_activity_cities
Tenders,tenders,get_filter_client_cities,VALIDATE,tenders_api,GAP,"",admin/Tenders/get_filter_client_cities
Tenders,tenders,get_filter_polygon_source,VALIDATE,tenders_api,GAP,"",admin/Tenders/get_filter_polygon_source
Tenders,tenders,get_filter_polygon_activity,VALIDATE,tenders_api,GAP,"",admin/Tenders/get_filter_polygon_activity
Tenders,tenders,get_filter_polygon_client,VALIDATE,tenders_api,GAP,"",admin/Tenders/get_filter_polygon_client
Tenders,tenders,upload_boq_file,UPLOAD,tenders_api,GAP,"",admin/Tenders/upload_boq_file
Tenders,tenders,upload_files_sharepoint,UPLOAD,tenders_api,GAP,"",admin/Tenders/upload_files_sharepoint
Tenders,tenders,create_folder_sharepoint,ACTION,tenders_api,GAP,"",admin/Tenders/create_folder_sharepoint
Tenders,tenders,create_document_sharepoint,ACTION,tenders_api,GAP,"",admin/Tenders/create_document_sharepoint
Tenders,tenders,swcc_items,ACTION,tenders_api,GAP,"",admin/Tenders/swcc_items
Tenders,tenders,swcc_items_table,TAB,tenders_api,GAP,"",admin/Tenders/swcc_items_table
Tenders,tenders,fetch_abudhabi_tenders,ACTION,tenders_api,GAP,"",admin/Tenders/fetch_abudhabi_tenders
Tenders,tenders,show_crons,ACTION,tenders_api,GAP,"",admin/Tenders/show_crons
Tenders,tenders,table_show_crons,TAB,tenders_api,GAP,"",admin/Tenders/table_show_crons
Tenders,tenders,table_cron_logs,TAB,tenders_api,GAP,"",admin/Tenders/table_cron_logs
Tenders,tenders,parse_pdf,ACTION,tenders_api,GAP,"",admin/Tenders/parse_pdf
Tenders,tenders,parse_pdf,ACTION,tenders_api,GAP,"",admin/Tenders/parse_pdf
Tenders,tenders,check_staff_page,ACTION,tenders_api,GAP,"",admin/Tenders/check_staff_page
Tenders,tenders,get_result_count,VALIDATE,tenders_api,GAP,"",admin/Tenders/get_result_count
Tenders,tenders,reset_have_result,ACTION,tenders_api,GAP,"",admin/Tenders/reset_have_result
Tenders,tenders,get_scrapp_count,VALIDATE,tenders_api,GAP,"",admin/Tenders/get_scrapp_count
Tenders,tenders,get_scrapp_count_for_failed,VALIDATE,tenders_api,GAP,"",admin/Tenders/get_scrapp_count_for_failed
Tenders,tenders,get_not_scrapp_count,VALIDATE,tenders_api,GAP,"",admin/Tenders/get_not_scrapp_count
Tenders,tenders,reset_scrapp_status,ACTION,tenders_api,GAP,"",admin/Tenders/reset_scrapp_status
Tenders,tenders,reset_scrapp_status_to_zero,ACTION,tenders_api,GAP,"",admin/Tenders/reset_scrapp_status_to_zero
Tenders,tenders,reset_all_scrapp_status,ACTION,tenders_api,GAP,"",admin/Tenders/reset_all_scrapp_status
Tenders,tenders,get_scrapp_count_errors,VALIDATE,tenders_api,GAP,"",admin/Tenders/get_scrapp_count_errors
Tenders,tenders,get_awarded_suppliers_count,VALIDATE,tenders_api,GAP,"",admin/Tenders/get_awarded_suppliers_count
Tenders,tenders,get_pending_swcc_count,VALIDATE,tenders_api,GAP,"",admin/Tenders/get_pending_swcc_count
Tenders,tenders,get_applicants_count,VALIDATE,tenders_api,GAP,"",admin/Tenders/get_applicants_count
Tenders,tenders,get_pending_tenders_count,VALIDATE,tenders_api,GAP,"",admin/Tenders/get_pending_tenders_count
Tenders,tenders,get_pending_tenders_count_,VALIDATE,tenders_api,GAP,"",admin/Tenders/get_pending_tenders_count_
Tenders,tenders,reset_pending_etimad_tenders,ACTION,tenders_api,GAP,"",admin/Tenders/reset_pending_etimad_tenders
Tenders,tenders,get_pending_tenders,VALIDATE,tenders_api,GAP,"",admin/Tenders/get_pending_tenders
Tenders,tenders,get_pending_tenders_count_with_page_number,VALIDATE,tenders_api,GAP,"",admin/Tenders/get_pending_tenders_count_with_page_number
Tenders,tenders,get_active_tenders_count,VALIDATE,tenders_api,GAP,"",admin/Tenders/get_active_tenders_count
Tenders,tenders,get_tenders_count_not_have_result,VALIDATE,tenders_api,GAP,"",admin/Tenders/get_tenders_count_not_have_result
Tenders,tenders,getPageNumber,ACTION,tenders_api,GAP,"",admin/Tenders/getPageNumber
Tenders,tenders,scrapp_all_pdf,ACTION,tenders_api,GAP,"",admin/Tenders/scrapp_all_pdf
Tenders,tenders,is_extends,ACTION,tenders_api,GAP,"",admin/Tenders/is_extends
Tenders,tenders,extended,ACTION,tenders_api,GAP,"",admin/Tenders/extended
Tenders,tenders,update_dates,ACTION,tenders_api,GAP,"",admin/Tenders/update_dates
Tenders,tenders,updateHavePoqToZero,ACTION,tenders_api,GAP,"",admin/Tenders/updateHavePoqToZero
Tenders,tenders,updateHavePoq,ACTION,tenders_api,GAP,"",admin/Tenders/updateHavePoq
Tenders,tenders,updateTenderStatus,ACTION,tenders_api,GAP,"",admin/Tenders/updateTenderStatus
Tenders,tenders,update_etimad_pages,ACTION,tenders_api,GAP,"",admin/Tenders/update_etimad_pages
Tenders,tenders,update_etimad_last_page,ACTION,tenders_api,GAP,"",admin/Tenders/update_etimad_last_page
Tenders,tenders,show_etimad_last_page,ACTION,tenders_api,GAP,"",admin/Tenders/show_etimad_last_page
Tenders,tenders,update_closing_dates_from_history,ACTION,tenders_api,GAP,"",admin/Tenders/update_closing_dates_from_history
Tenders,tenders,update_esupply,ACTION,tenders_api,GAP,"",admin/Tenders/update_esupply
Tenders,tenders,update_nwc,ACTION,tenders_api,GAP,"",admin/Tenders/update_nwc
Tenders,tenders,sync_award_values,ACTION,tenders_api,GAP,"",admin/Tenders/sync_award_values
Tenders,tenders,getTenderNa,ACTION,tenders_api,GAP,"",admin/Tenders/getTenderNa
Tenders,tenders,updateTenderNa,ACTION,tenders_api,GAP,"",admin/Tenders/updateTenderNa
Tenders,tenders,downloadAndParseEsupplyPdf,ACTION,tenders_api,GAP,"",admin/Tenders/downloadAndParseEsupplyPdf
Tenders,tenders,extractPriceBidDataFromPdf,ACTION,tenders_api,GAP,"",admin/Tenders/extractPriceBidDataFromPdf
Tenders,tenders,fetch_boq,ACTION,tenders_api,GAP,"",admin/Tenders/fetch_boq
Tenders,tenders,save_poq_items,ACTION,tenders_api,GAP,"",admin/Tenders/save_poq_items
Tenders,tenders,delete_tender_recored,DELETE,tenders_api,YES,"",admin/Tenders/delete_tender_recored
Tenders,tenders,ajax_get_tenderer_names,ACTION,tenders_api,GAP,"",admin/Tenders/ajax_get_tenderer_names
Tenders,tenders,refresh_file_list,ACTION,tenders_api,GAP,"",admin/Tenders/refresh_file_list
Tenders,tenders,delete_sharepoint_file,DELETE,tenders_api,YES,"",admin/Tenders/delete_sharepoint_file
Tenders,tenders,rename_sharepoint_file,ACTION,tenders_api,GAP,"",admin/Tenders/rename_sharepoint_file
Tenders,tenders,move_copy_sharepoint_file,ACTION,tenders_api,GAP,"",admin/Tenders/move_copy_sharepoint_file
Tenders,tenders,list_sharepoint_folders,ACTION,tenders_api,GAP,"",admin/Tenders/list_sharepoint_folders
Tenders,tenders,get_file_versions,VALIDATE,tenders_api,GAP,"",admin/Tenders/get_file_versions
Tenders,tenders,toggle_file_favorite,ACTION,tenders_api,GAP,"",admin/Tenders/toggle_file_favorite
Tenders,tenders,toggle_file_pin,ACTION,tenders_api,GAP,"",admin/Tenders/toggle_file_pin
Tenders,tenders,get_file_preferences,VALIDATE,tenders_api,GAP,"",admin/Tenders/get_file_preferences
Tenders,tenders,get_layer_files,VALIDATE,tenders_api,GAP,"",admin/Tenders/get_layer_files
Tenders,tenders,sync_all_layer_permissions,ACTION,tenders_api,GAP,"",admin/Tenders/sync_all_layer_permissions
Tenders,tenders,sync_layer_permissions,ACTION,tenders_api,GAP,"",admin/Tenders/sync_layer_permissions
Tenders,tenders,get_layer_access,VALIDATE,tenders_api,GAP,"",admin/Tenders/get_layer_access
Tenders,tenders,toggle_layer_member,ACTION,tenders_api,GAP,"",admin/Tenders/toggle_layer_member
Tenders,tenders,get_all_staff_list,VALIDATE,tenders_api,GAP,"",admin/Tenders/get_all_staff_list
Tenders,tenders,save_portal_credential,ACTION,tenders_api,GAP,"",admin/Tenders/save_portal_credential
Tenders,tenders,delete_portal_credential,DELETE,tenders_api,YES,"",admin/Tenders/delete_portal_credential
Tenders,tenders,test_portal_credential,ACTION,tenders_api,GAP,"",admin/Tenders/test_portal_credential
Tenders,tenders,update_cron_interval,ACTION,tenders_api,GAP,"",admin/Tenders/update_cron_interval
Tenders,tenders,cron_logs,ACTION,tenders_api,GAP,"",admin/Tenders/cron_logs
Tenders,tenders,scraper_monitor,ACTION,tenders_api,GAP,"",admin/Tenders/scraper_monitor
Tenders,tenders,etimad_fetch_queue,ACTION,tenders_api,GAP,"",admin/Tenders/etimad_fetch_queue
Tenders,tenders,settings,ACTION,tenders_api,GAP,"",admin/Tenders/settings
Tenders,tenders,save_auto_fetch_config,ACTION,tenders_api,GAP,"",admin/Tenders/save_auto_fetch_config
Tenders,tenders,check_ai_keys,ACTION,tenders_api,GAP,"",admin/Tenders/check_ai_keys
Tenders,tenders,etimad_notifications,ACTION,tenders_api,GAP,"",admin/Tenders/etimad_notifications
Theme_style,theme_style,index,LIST,NONE,GAP,"",admin/Theme_style/index
Theme_style,theme_style,reset,ACTION,NONE,GAP,"",admin/Theme_style/reset
Theme_style,theme_style,save,ACTION,NONE,GAP,"",admin/Theme_style/save
Api_timesheets,api_timesheets,login_post,ACTION,NONE,GAP,"",admin/Api_timesheets/login_post
Api_timesheets,api_timesheets,logout_post,ACTION,NONE,GAP,"",admin/Api_timesheets/logout_post
Api_timesheets,api_timesheets,check_in_out_post,ACTION,NONE,GAP,"",admin/Api_timesheets/check_in_out_post
Api_timesheets,api_timesheets,add_leave_application_post,ACTION,NONE,GAP,"",admin/Api_timesheets/add_leave_application_post
Api_timesheets,api_timesheets,staff_get,ACTION,NONE,GAP,"",admin/Api_timesheets/staff_get
Api_timesheets,api_timesheets,type_of_leave_custom_get,ACTION,NONE,GAP,"",admin/Api_timesheets/type_of_leave_custom_get
Api_timesheets,api_timesheets,calculate_number_days_off_post,ACTION,NONE,GAP,"",admin/Api_timesheets/calculate_number_days_off_post
Api_timesheets,api_timesheets,get_date_leave_post,VALIDATE,NONE,GAP,"",admin/Api_timesheets/get_date_leave_post
Api_timesheets,api_timesheets,get_history_check_in_out_post,VALIDATE,NONE,GAP,"",admin/Api_timesheets/get_history_check_in_out_post
Api_timesheets,api_timesheets,get_timesheets_option_get,VALIDATE,NONE,GAP,"",admin/Api_timesheets/get_timesheets_option_get
Api_timesheets,api_timesheets,get_route_point_check_in_out_post,VALIDATE,NONE,GAP,"",admin/Api_timesheets/get_route_point_check_in_out_post
Api_timesheets,api_timesheets,server_time_get,ACTION,NONE,GAP,"",admin/Api_timesheets/server_time_get
API_timesheets_Controller,api_timesheets_controller,response,ACTION,NONE,GAP,"",admin/API_timesheets_Controller/response
API_timesheets_Controller,api_timesheets_controller,set_response,ACTION,NONE,GAP,"",admin/API_timesheets_Controller/set_response
API_timesheets_Controller,api_timesheets_controller,get,ACTION,NONE,GAP,"",admin/API_timesheets_Controller/get
API_timesheets_Controller,api_timesheets_controller,options,ACTION,NONE,GAP,"",admin/API_timesheets_Controller/options
API_timesheets_Controller,api_timesheets_controller,head,ACTION,NONE,GAP,"",admin/API_timesheets_Controller/head
API_timesheets_Controller,api_timesheets_controller,post,ACTION,NONE,GAP,"",admin/API_timesheets_Controller/post
API_timesheets_Controller,api_timesheets_controller,put,ACTION,NONE,GAP,"",admin/API_timesheets_Controller/put
API_timesheets_Controller,api_timesheets_controller,delete,DELETE,NONE,GAP,"",admin/API_timesheets_Controller/delete
API_timesheets_Controller,api_timesheets_controller,patch,ACTION,NONE,GAP,"",admin/API_timesheets_Controller/patch
API_timesheets_Controller,api_timesheets_controller,query,ACTION,NONE,GAP,"",admin/API_timesheets_Controller/query
API_timesheets_Controller,api_timesheets_controller,validation_errors,ACTION,NONE,GAP,"",admin/API_timesheets_Controller/validation_errors
Gtsverify,gtsverify,index,LIST,NONE,GAP,"",admin/Gtsverify/index
Gtsverify,gtsverify,activate,ACTION,NONE,GAP,"",admin/Gtsverify/activate
Login,login,login_api,ACTION,NONE,GAP,"",admin/Login/login_api
Login,login,view,DETAIL,NONE,GAP,"",admin/Login/view
Login,login,api_key,ACTION,NONE,GAP,"",admin/Login/api_key
Timesheets,timesheets,index,LIST,timesheets_api,YES,"",admin/Timesheets/index
Timesheets,timesheets,setting,ACTION,timesheets_api,GAP,"",admin/Timesheets/setting
Timesheets,timesheets,leave,ACTION,timesheets_api,GAP,"",admin/Timesheets/leave
Timesheets,timesheets,table_leave,TAB,timesheets_api,GAP,"",admin/Timesheets/table_leave
Timesheets,timesheets,timesheets_file,ACTION,timesheets_api,GAP,"",admin/Timesheets/timesheets_file
Timesheets,timesheets,get_staff_role,VALIDATE,timesheets_api,GAP,"",admin/Timesheets/get_staff_role
Timesheets,timesheets,timekeeping,ACTION,timesheets_api,GAP,"",admin/Timesheets/timekeeping
Timesheets,timesheets,day_off,ACTION,timesheets_api,GAP,"",admin/Timesheets/day_off
Timesheets,timesheets,delete_day_off,DELETE,timesheets_api,YES,"",admin/Timesheets/delete_day_off
Timesheets,timesheets,shifts,ACTION,timesheets_api,GAP,"",admin/Timesheets/shifts
Timesheets,timesheets,get_data_edit_shift,VALIDATE,timesheets_api,GAP,"",admin/Timesheets/get_data_edit_shift
Timesheets,timesheets,delete_shift,DELETE,timesheets_api,YES,"",admin/Timesheets/delete_shift
Timesheets,timesheets,manage_timesheets,ACTION,timesheets_api,GAP,"",admin/Timesheets/manage_timesheets
Timesheets,timesheets,approval_status,ACTION,timesheets_api,GAP,"",admin/Timesheets/approval_status
Timesheets,timesheets,reload_timesheets_byfilter,ACTION,timesheets_api,GAP,"",admin/Timesheets/reload_timesheets_byfilter
Timesheets,timesheets,add_requisition_ajax,ACTION,timesheets_api,GAP,"",admin/Timesheets/add_requisition_ajax
Timesheets,timesheets,table_registration_leave,TAB,timesheets_api,GAP,"",admin/Timesheets/table_registration_leave
Timesheets,timesheets,table_additional_timesheets,TAB,timesheets_api,GAP,"",admin/Timesheets/table_additional_timesheets
Timesheets,timesheets,get_request_leave_data_ajax,VALIDATE,timesheets_api,GAP,"",admin/Timesheets/get_request_leave_data_ajax
Timesheets,timesheets,requisition_detail,ACTION,timesheets_api,GAP,"",admin/Timesheets/requisition_detail
Timesheets,timesheets,delete_requisition,DELETE,timesheets_api,YES,"",admin/Timesheets/delete_requisition
Timesheets,timesheets,infor_staff,ACTION,timesheets_api,GAP,"",admin/Timesheets/infor_staff
Timesheets,timesheets,approve_request_leave,ACTION,timesheets_api,GAP,"",admin/Timesheets/approve_request_leave
Timesheets,timesheets,file,ACTION,timesheets_api,GAP,"",admin/Timesheets/file
Timesheets,timesheets,requisition_manage,ACTION,timesheets_api,GAP,"",admin/Timesheets/requisition_manage
Timesheets,timesheets,automatic_timekeeping,ACTION,timesheets_api,GAP,"",admin/Timesheets/automatic_timekeeping
Timesheets,timesheets,setting_timekeeper,ACTION,timesheets_api,GAP,"",admin/Timesheets/setting_timekeeper
Timesheets,timesheets,edit_timesheets,ACTION,timesheets_api,GAP,"",admin/Timesheets/edit_timesheets
Timesheets,timesheets,send_additional_timesheets,ACTION,timesheets_api,GAP,"",admin/Timesheets/send_additional_timesheets
Timesheets,timesheets,approve_additional_timesheets,ACTION,timesheets_api,GAP,"",admin/Timesheets/approve_additional_timesheets
Timesheets,timesheets,show_detail_timesheets,ACTION,timesheets_api,GAP,"",admin/Timesheets/show_detail_timesheets
Timesheets,timesheets,approval_process,ACTION,timesheets_api,GAP,"",admin/Timesheets/approval_process
Timesheets,timesheets,table_approval_process,TAB,timesheets_api,GAP,"",admin/Timesheets/table_approval_process
Timesheets,timesheets,get_html_approval_setting,VALIDATE,timesheets_api,GAP,"",admin/Timesheets/get_html_approval_setting
Timesheets,timesheets,new_approval_setting,ACTION,timesheets_api,GAP,"",admin/Timesheets/new_approval_setting
Timesheets,timesheets,edit_approval_setting,ACTION,timesheets_api,GAP,"",admin/Timesheets/edit_approval_setting
Timesheets,timesheets,delete_approval_setting,DELETE,timesheets_api,YES,"",admin/Timesheets/delete_approval_setting
Timesheets,timesheets,send_request_approve,ACTION,timesheets_api,GAP,"",admin/Timesheets/send_request_approve
Timesheets,timesheets,send_request_approve_requisition,ACTION,timesheets_api,GAP,"",admin/Timesheets/send_request_approve_requisition
Timesheets,timesheets,approve_request,ACTION,timesheets_api,GAP,"",admin/Timesheets/approve_request
Timesheets,timesheets,send_mail,ACTION,timesheets_api,GAP,"",admin/Timesheets/send_mail
Timesheets,timesheets,choose_approver,ACTION,timesheets_api,GAP,"",admin/Timesheets/choose_approver
Timesheets,timesheets,get_data_additional_timesheets,VALIDATE,timesheets_api,GAP,"",admin/Timesheets/get_data_additional_timesheets
Timesheets,timesheets,reports,ACTION,timesheets_api,GAP,"",admin/Timesheets/reports
Timesheets,timesheets,report_by_leave_statistics,ACTION,timesheets_api,GAP,"",admin/Timesheets/report_by_leave_statistics
Timesheets,timesheets,report_by_working_hours,ACTION,timesheets_api,GAP,"",admin/Timesheets/report_by_working_hours
Timesheets,timesheets,HR_is_working,ACTION,timesheets_api,GAP,"",admin/Timesheets/HR_is_working
Timesheets,timesheets,file_view_requisition,ACTION,timesheets_api,GAP,"",admin/Timesheets/file_view_requisition
Timesheets,timesheets,leave_reports,ACTION,timesheets_api,GAP,"",admin/Timesheets/leave_reports
Timesheets,timesheets,general_summation,ACTION,timesheets_api,GAP,"",admin/Timesheets/general_summation
Timesheets,timesheets,general_public_report,ACTION,timesheets_api,GAP,"",admin/Timesheets/general_public_report
Timesheets,timesheets,timesheets_delete_bulk_action,BULK,timesheets_api,GAP,"",admin/Timesheets/timesheets_delete_bulk_action
Timesheets,timesheets,get_rest_time,VALIDATE,timesheets_api,GAP,"",admin/Timesheets/get_rest_time
Timesheets,timesheets,delete_additional_timesheets,DELETE,timesheets_api,YES,"",admin/Timesheets/delete_additional_timesheets
Timesheets,timesheets,table_shiftwork,TAB,timesheets_api,GAP,"",admin/Timesheets/table_shiftwork
Timesheets,timesheets,reload_shift_work_byfilter,ACTION,timesheets_api,GAP,"",admin/Timesheets/reload_shift_work_byfilter
Timesheets,timesheets,show_detail_timesheets_mem,ACTION,timesheets_api,GAP,"",admin/Timesheets/show_detail_timesheets_mem
Timesheets,timesheets,calculate_number_days_off,ACTION,timesheets_api,GAP,"",admin/Timesheets/calculate_number_days_off
Timesheets,timesheets,table_registration_leave_by_staff,TAB,timesheets_api,GAP,"",admin/Timesheets/table_registration_leave_by_staff
Timesheets,timesheets,get_data_date_leave,VALIDATE,timesheets_api,GAP,"",admin/Timesheets/get_data_date_leave
Timesheets,timesheets,shifts_sc,ACTION,timesheets_api,GAP,"",admin/Timesheets/shifts_sc
Timesheets,timesheets,delete_shift_sc,DELETE,timesheets_api,YES,"",admin/Timesheets/delete_shift_sc
Timesheets,timesheets,setting_shift,ACTION,timesheets_api,GAP,"",admin/Timesheets/setting_shift
Timesheets,timesheets,shiftwork_sc,ACTION,timesheets_api,GAP,"",admin/Timesheets/shiftwork_sc
Timesheets,timesheets,reload_shiftwork_sc_byfilter,ACTION,timesheets_api,GAP,"",admin/Timesheets/reload_shiftwork_sc_byfilter
Timesheets,timesheets,cancel_request,ACTION,timesheets_api,GAP,"",admin/Timesheets/cancel_request
Timesheets,timesheets,add_allocate_shiftwork,ACTION,timesheets_api,GAP,"",admin/Timesheets/add_allocate_shiftwork
Timesheets,timesheets,get_date_leave,VALIDATE,timesheets_api,GAP,"",admin/Timesheets/get_date_leave
Timesheets,timesheets,table_shift_type,TAB,timesheets_api,GAP,"",admin/Timesheets/table_shift_type
Timesheets,timesheets,manage_shift_type,ACTION,timesheets_api,GAP,"",admin/Timesheets/manage_shift_type
Timesheets,timesheets,shift_management,ACTION,timesheets_api,GAP,"",admin/Timesheets/shift_management
Timesheets,timesheets,set_col_tk,ACTION,timesheets_api,GAP,"",admin/Timesheets/set_col_tk
Timesheets,timesheets,add_allocation_shiftwork,ACTION,timesheets_api,GAP,"",admin/Timesheets/add_allocation_shiftwork
Timesheets,timesheets,delete_shift_type,DELETE,timesheets_api,YES,"",admin/Timesheets/delete_shift_type
Timesheets,timesheets,check_in_ts,ACTION,timesheets_api,GAP,"",admin/Timesheets/check_in_ts
Timesheets,timesheets,get_leave_setting,VALIDATE,timesheets_api,GAP,"",admin/Timesheets/get_leave_setting
Timesheets,timesheets,requisition_report,ACTION,timesheets_api,GAP,"",admin/Timesheets/requisition_report
Timesheets,timesheets,import_timesheets,ACTION,timesheets_api,GAP,"",admin/Timesheets/import_timesheets
Timesheets,timesheets,set_leave,ACTION,timesheets_api,GAP,"",admin/Timesheets/set_leave
Timesheets,timesheets,send_notifi_handover_recipients,ACTION,timesheets_api,GAP,"",admin/Timesheets/send_notifi_handover_recipients
Timesheets,timesheets,send_notification_recipient,ACTION,timesheets_api,GAP,"",admin/Timesheets/send_notification_recipient
Timesheets,timesheets,delete_timesheets_attachment_file,DELETE,timesheets_api,YES,"",admin/Timesheets/delete_timesheets_attachment_file
Timesheets,timesheets,reload_shiftwork_byfilter,ACTION,timesheets_api,GAP,"",admin/Timesheets/reload_shiftwork_byfilter
Timesheets,timesheets,advance_payment_update,ACTION,timesheets_api,GAP,"",admin/Timesheets/advance_payment_update
Timesheets,timesheets,add_expense_category,ACTION,timesheets_api,GAP,"",admin/Timesheets/add_expense_category
Timesheets,timesheets,default_settings,ACTION,timesheets_api,GAP,"",admin/Timesheets/default_settings
Timesheets,timesheets,get_data_attendance,VALIDATE,timesheets_api,GAP,"",admin/Timesheets/get_data_attendance
Timesheets,timesheets,workplace_mgt,ACTION,timesheets_api,GAP,"",admin/Timesheets/workplace_mgt
Timesheets,timesheets,add_workplace,ACTION,timesheets_api,GAP,"",admin/Timesheets/add_workplace
Timesheets,timesheets,delete_workplace,DELETE,timesheets_api,YES,"",admin/Timesheets/delete_workplace
Timesheets,timesheets,add_workplace_assign,ACTION,timesheets_api,GAP,"",admin/Timesheets/add_workplace_assign
Timesheets,timesheets,delete_workplace_assign,DELETE,timesheets_api,YES,"",admin/Timesheets/delete_workplace_assign
Timesheets,timesheets,table_workplace_assign,TAB,timesheets_api,GAP,"",admin/Timesheets/table_workplace_assign
Timesheets,timesheets,timekeeping_data,ACTION,timesheets_api,GAP,"",admin/Timesheets/timekeeping_data
Timesheets,timesheets,timesheets_task_by_staff,ACTION,timesheets_api,GAP,"",admin/Timesheets/timesheets_task_by_staff
Timesheets,timesheets,get_layout_timesheets,VALIDATE,timesheets_api,GAP,"",admin/Timesheets/get_layout_timesheets
Timesheets,timesheets,route_management,ACTION,timesheets_api,GAP,"",admin/Timesheets/route_management
Timesheets,timesheets,get_route_map_data,VALIDATE,timesheets_api,GAP,"",admin/Timesheets/get_route_map_data
Timesheets,timesheets,add_route_point,ACTION,timesheets_api,GAP,"",admin/Timesheets/add_route_point
Timesheets,timesheets,table_route_point,TAB,timesheets_api,GAP,"",admin/Timesheets/table_route_point
Timesheets,timesheets,delete_route_point,DELETE,timesheets_api,YES,"",admin/Timesheets/delete_route_point
Timesheets,timesheets,table_route,TAB,timesheets_api,GAP,"",admin/Timesheets/table_route
Timesheets,timesheets,add_route,ACTION,timesheets_api,GAP,"",admin/Timesheets/add_route
Timesheets,timesheets,add_new_root,ACTION,timesheets_api,GAP,"",admin/Timesheets/add_new_root
Timesheets,timesheets,get_ui_create_root,VALIDATE,timesheets_api,GAP,"",admin/Timesheets/get_ui_create_root
Timesheets,timesheets,get_coordinate,VALIDATE,timesheets_api,GAP,"",admin/Timesheets/get_coordinate
Timesheets,timesheets,get_data_relate,VALIDATE,timesheets_api,GAP,"",admin/Timesheets/get_data_relate
Timesheets,timesheets,get_data_map,VALIDATE,timesheets_api,GAP,"",admin/Timesheets/get_data_map
Timesheets,timesheets,get_route_point_combobox,VALIDATE,timesheets_api,GAP,"",admin/Timesheets/get_route_point_combobox
Timesheets,timesheets,check_route_point_name,ACTION,timesheets_api,GAP,"",admin/Timesheets/check_route_point_name
Timesheets,timesheets,get_default_lat_long,VALIDATE,timesheets_api,GAP,"",admin/Timesheets/get_default_lat_long
Timesheets,timesheets,get_check_in_out_history,VALIDATE,timesheets_api,GAP,"",admin/Timesheets/get_check_in_out_history
Timesheets,timesheets,export_attendance_excel,ACTION,timesheets_api,GAP,"",admin/Timesheets/export_attendance_excel
Timesheets,timesheets,history_check_in_out_report,ACTION,timesheets_api,GAP,"",admin/Timesheets/history_check_in_out_report
Timesheets,timesheets,check_in_out_progress_according_to_the_route_report,ACTION,timesheets_api,GAP,"",admin/Timesheets/check_in_out_progress_according_to_the_route_report
Timesheets,timesheets,report_of_leave,ACTION,timesheets_api,GAP,"",admin/Timesheets/report_of_leave
Timesheets,timesheets,leave_by_department,ACTION,timesheets_api,GAP,"",admin/Timesheets/leave_by_department
Timesheets,timesheets,ratio_check_in_out_by_workplace,ACTION,timesheets_api,GAP,"",admin/Timesheets/ratio_check_in_out_by_workplace
Timesheets,timesheets,get_header_report_check_in_out,VALIDATE,timesheets_api,GAP,"",admin/Timesheets/get_header_report_check_in_out
Timesheets,timesheets,check_in_out_progress_report,ACTION,timesheets_api,GAP,"",admin/Timesheets/check_in_out_progress_report
Timesheets,timesheets,get_remain_day_of,VALIDATE,timesheets_api,GAP,"",admin/Timesheets/get_remain_day_of
Timesheets,timesheets,calendar_leave_application,ACTION,timesheets_api,GAP,"",admin/Timesheets/calendar_leave_application
Timesheets,timesheets,get_calendar_data,VALIDATE,timesheets_api,GAP,"",admin/Timesheets/get_calendar_data
Timesheets,timesheets,timesheet_permission_table,TAB,timesheets_api,GAP,"",admin/Timesheets/timesheet_permission_table
Timesheets,timesheets,permission_modal,ACTION,timesheets_api,GAP,"",admin/Timesheets/permission_modal
Timesheets,timesheets,staff_id_changed,ACTION,timesheets_api,GAP,"",admin/Timesheets/staff_id_changed
Timesheets,timesheets,update_permissions,ACTION,timesheets_api,GAP,"",admin/Timesheets/update_permissions
Timesheets,timesheets,delete_permission,DELETE,timesheets_api,YES,"",admin/Timesheets/delete_permission
Timesheets,timesheets,reset_data,ACTION,timesheets_api,GAP,"",admin/Timesheets/reset_data
Timesheets,timesheets,get_setting_annual_leave,VALIDATE,timesheets_api,GAP,"",admin/Timesheets/get_setting_annual_leave
Timesheets,timesheets,add_type_of_leave,ACTION,timesheets_api,GAP,"",admin/Timesheets/add_type_of_leave
Timesheets,timesheets,delete_type_of_leave,DELETE,timesheets_api,YES,"",admin/Timesheets/delete_type_of_leave
Timesheets,timesheets,table_holiday,TAB,timesheets_api,GAP,"",admin/Timesheets/table_holiday
Timesheets,timesheets,set_valid_ip,ACTION,timesheets_api,GAP,"",admin/Timesheets/set_valid_ip
Timesheets,timesheets,get_setting_valid_ip,VALIDATE,timesheets_api,GAP,"",admin/Timesheets/get_setting_valid_ip
Timesheets,timesheets,get_norms_of_leave_staff,VALIDATE,timesheets_api,GAP,"",admin/Timesheets/get_norms_of_leave_staff
Timesheets,timesheets,api_document,ACTION,timesheets_api,GAP,"",admin/Timesheets/api_document
Timesheets,timesheets,get_staff_qr_code,VALIDATE,timesheets_api,GAP,"",admin/Timesheets/get_staff_qr_code
Timesheets,timesheets,get_scan_qr_code_content,VALIDATE,timesheets_api,GAP,"",admin/Timesheets/get_scan_qr_code_content
Timesheets,timesheets,checkin_from_qr_code,ACTION,timesheets_api,GAP,"",admin/Timesheets/checkin_from_qr_code
Ultimate_dark_theme_admin,ultimate_dark_theme_admin,index,LIST,NONE,GAP,"",admin/Ultimate_dark_theme_admin/index
Ultimate_dark_theme_admin,ultimate_dark_theme_admin,upload_background_image,UPLOAD,NONE,GAP,"",admin/Ultimate_dark_theme_admin/upload_background_image
Ultimate_dark_theme_admin,ultimate_dark_theme_admin,save_settings,ACTION,NONE,GAP,"",admin/Ultimate_dark_theme_admin/save_settings